"datum_vrijeme","ime","zivotinja_id","oznaka","spol","prezime","naziv1","broj_zivotinja","broj_mladih"
2022-02-14 08:32:00.000 +0100,Image,,,,Blašković,LIFE Lynx mreža kamera,1,0
2024-01-17 01:14:00.000 +0100,Image,,,,Mladjen,NPPJ,1,0
2024-04-07 17:40:00.000 +0200,Image,,,,Mladjen,NPPJ,1,0
2023-08-28 05:01:00.000 +0200,Image,,,,Mladjen,NPPJ,1,0
2023-10-31 22:26:00.000 +0100,Image,,,,Mladjen,NPPJ,1,0
2022-06-07 01:03:00.000 +0200,Image,259,Fenix L26,M,Kusak,NPPJ,1,0
2022-06-30 17:34:00.000 +0200,Image,259,Fenix L26,M,Kusak,NPPJ,1,0
2024-02-26 05:29:00.000 +0100,Image,,,,Mladjen,NPPJ,1,0
2022-04-03 15:00:00.000 +0200,Image,170,Orbis,Unknown,Blašković,NPPJ,1,0
2024-01-28 05:35:00.000 +0100,Image,,,,Mladjen,NPPJ,1,0
2022-12-31 05:12:00.000 +0100,Image,,,,Mladjen,NPPJ,1,0
2022-05-23 03:15:00.000 +0200,Image,259,Fenix L26,M,Kusak,NPPJ,1,0
2023-06-03 01:03:00.000 +0200,Image,,,,Mladjen,NPPJ,1,0
2022-06-19 16:51:00.000 +0200,Image,170,Orbis,Unknown,Kusak,NPPJ,1,0
2022-12-21 06:37:00.000 +0100,Image,,,,Mladjen,NPPJ,1,0
2023-11-17 06:29:00.000 +0100,Image,,,,Mladjen,NPPJ,1,0
2022-09-30 23:12:00.000 +0200,Image,314,Shiny,Unknown,Blašković,NPPJ,3,2
2022-09-30 23:12:00.000 +0200,Image,417,Shiny mladunac1 2022,Unknown,Blašković,NPPJ,3,2
2022-09-30 23:12:00.000 +0200,Image,418,Shiny mladunac2 2022,Unknown,Blašković,NPPJ,3,2
2021-12-28 07:46:00.000 +0100,Image,259,Fenix L26,M,Blašković,NPPJ,1,0
2021-12-21 23:42:00.000 +0100,Image,,,,Blašković,NPPJ,1,0
2022-05-22 15:59:00.000 +0200,Image,170,Orbis,Unknown,Kusak,NPPJ,1,0
2022-05-05 20:00:00.000 +0200,Image,312,Figo,Z,Kusak,NPPJ,1,0
2023-09-16 13:16:00.000 +0200,Image,,,,Mladjen,NPPJ,1,0
2023-10-28 21:40:00.000 +0200,Image,,,,Mladjen,NPPJ,1,0
2022-11-26 19:50:00.000 +0100,Image,,,,Mladjen,NPPJ,1,0
2022-12-07 01:33:00.000 +0100,Image,,,,Mladjen,NPPJ,1,0
2023-05-09 19:24:00.000 +0200,Image,,,,Mladjen,NPPJ,1,0
2022-08-19 10:39:00.000 +0200,Image,170,Orbis,Unknown,Blašković,NPPJ,1,0
2022-01-05 15:06:00.000 +0100,Image,259,Fenix L26,M,Blašković,NPPJ,1,0
2022-02-09 17:11:00.000 +0100,Image,170,Orbis,Unknown,Blašković,NPPJ,1,0
2023-11-13 21:36:00.000 +0100,Image,,,,Mladjen,NPPJ,1,0
2022-09-25 06:46:00.000 +0200,Image,400,Nebula,Unknown,Blašković,NPPJ,1,0
2022-09-08 19:56:00.000 +0200,Image,312,Figo,Z,Blašković,NPPJ,1,0
2023-01-07 00:48:00.000 +0100,Image,,,,Mladjen,NPPJ,1,0
2023-12-29 03:15:00.000 +0100,Image,,,,Mladjen,NPPJ,1,0
2023-05-09 02:15:00.000 +0200,Image,,,,Mladjen,NPPJ,1,0
2022-05-11 18:47:00.000 +0200,Image,,,,Kusak,NPPJ,1,0
2022-04-05 00:44:00.000 +0200,Image,,,,Blašković,NPPJ,1,0
2023-07-14 07:15:00.000 +0200,Image,,,,Mladjen,NPPJ,1,0
2023-05-07 21:06:00.000 +0200,Image,,,,Mladjen,NPPJ,1,0
2022-12-29 19:54:00.000 +0100,Image,,,,Mladjen,NPPJ,1,0
2023-09-05 05:38:00.000 +0200,Image,,,,Mladjen,NPPJ,1,0
2022-11-04 06:12:00.000 +0100,Image,312,Figo,Z,Blašković,NPPJ,1,0
2022-08-22 00:25:00.000 +0200,Image,312,Figo,Z,Blašković,NPPJ,1,0
2023-04-20 18:27:00.000 +0200,Image,,,,Mladjen,NPPJ,1,0
2022-09-24 11:25:00.000 +0200,Image,170,Orbis,Unknown,Blašković,NPPJ,1,0
2023-08-07 16:14:00.000 +0200,Image,,,,Mladjen,NPPJ,1,0
2022-01-17 19:04:00.000 +0100,Image,259,Fenix L26,M,Blašković,NPPJ,1,0
2022-09-30 19:02:00.000 +0200,Image,418,Shiny mladunac2 2022,Unknown,Blašković,NPPJ,3,2
2022-06-29 00:15:00.000 +0200,Image,,,,Kusak,NPPJ,1,0
2022-01-05 03:09:00.000 +0100,Image,170,Orbis,Unknown,Blašković,NPPJ,1,0
2022-12-27 02:11:00.000 +0100,Image,,,,Mladjen,NPPJ,1,0
2023-06-16 21:43:00.000 +0200,Image,,,,Mladjen,NPPJ,1,0
2022-02-10 20:43:00.000 +0100,Image,259,Fenix L26,M,Blašković,NPPJ,1,0
2022-09-30 19:02:00.000 +0200,Image,417,Shiny mladunac1 2022,Unknown,Blašković,NPPJ,3,2
2023-11-30 02:06:00.000 +0100,Image,,,,Mladjen,NPPJ,1,0
2023-09-05 04:26:00.000 +0200,Image,,,,Mladjen,NPPJ,1,0
2022-09-30 19:02:00.000 +0200,Image,314,Shiny,Unknown,Blašković,NPPJ,3,2
2023-11-26 17:32:00.000 +0100,Image,,,,Mladjen,NPPJ,3,2
2022-03-18 16:39:00.000 +0100,Image,334,Bora,Unknown,Blašković,NPPJ,1,0
2022-03-02 15:36:00.000 +0100,Image,259,Fenix L26,M,Blašković,NPPJ,1,0
2023-11-08 04:01:00.000 +0100,Image,,,,Mladjen,NPPJ,2,2
2024-01-27 03:19:00.000 +0100,Image,,,,Mladjen,NPPJ,3,2
2022-09-19 22:35:00.000 +0200,Image,,,,Blašković,NPPJ,1,0
2023-05-04 06:40:00.000 +0200,Image,,,,Mladjen,NPPJ,1,0
2023-11-27 02:01:00.000 +0100,Image,,,,Mladjen,NPPJ,1,0
2022-06-06 18:29:00.000 +0200,Image,,,,Kusak,NPPJ,1,0
2023-03-21 21:50:00.000 +0100,Image,,,,Mladjen,NPPJ,1,0
2023-12-14 02:34:00.000 +0100,Image,,,,Mladjen,NPPJ,1,0
2023-12-01 05:59:00.000 +0100,Image,,,,Mladjen,NPPJ,1,0
2024-03-08 08:23:00.000 +0100,Image,,,,Mladjen,NPPJ,1,0
2024-02-12 20:32:00.000 +0100,Image,,,,Mladjen,NPPJ,1,0
2022-02-18 23:42:00.000 +0100,Image,,,,Blašković,NPPJ,2,0
2022-06-22 06:59:00.000 +0200,Image,259,Fenix L26,M,Kusak,NPPJ,1,0
2023-02-14 06:41:00.000 +0100,Image,314,Shiny,Unknown,Mladjen,NPPJ,3,2
2023-04-01 17:02:00.000 +0200,Image,,,,Mladjen,NPPJ,1,0
2023-02-14 06:41:00.000 +0100,Image,417,Shiny mladunac1 2022,Unknown,Mladjen,NPPJ,3,2
2022-12-26 19:23:00.000 +0100,Image,,,,Mladjen,NPPJ,1,0
2023-02-14 06:41:00.000 +0100,Image,418,Shiny mladunac2 2022,Unknown,Mladjen,NPPJ,3,2
2023-01-11 15:53:00.000 +0100,Image,,,,Mladjen,NPPJ,1,0
2023-02-16 19:25:00.000 +0100,Image,314,Shiny,Unknown,Mladjen,NPPJ,2,0
2023-11-05 22:44:00.000 +0100,Image,,,,Mladjen,NPPJ,1,0
2023-02-16 19:25:00.000 +0100,Image,417,Shiny mladunac1 2022,Unknown,Mladjen,NPPJ,2,0
2023-06-09 20:40:00.000 +0200,Image,,,,Mladjen,NPPJ,1,0
2022-05-13 20:38:00.000 +0200,Image,,,,Kusak,NPPJ,1,0
2023-11-09 22:08:00.000 +0100,Image,,,,Mladjen,NPPJ,1,0
2022-11-18 02:56:00.000 +0100,Image,,,,Blašković,NPPJ,1,0
2023-02-16 19:25:00.000 +0100,Image,418,Shiny mladunac2 2022,Unknown,Mladjen,NPPJ,2,0
2023-05-24 15:36:00.000 +0200,Image,,,,Mladjen,NPPJ,1,0
2021-12-25 20:24:00.000 +0100,Image,170,Orbis,Unknown,Blašković,NPPJ,1,0
2023-08-27 09:01:00.000 +0200,Image,,,,Mladjen,NPPJ,1,0
2023-12-22 01:50:00.000 +0100,Image,,,,Mladjen,NPPJ,1,0
2023-06-17 04:34:00.000 +0200,Image,,,,Mladjen,NPPJ,1,0
2023-08-18 01:51:00.000 +0200,Image,,,,Mladjen,NPPJ,1,0
2022-06-08 03:09:00.000 +0200,Image,,,,Kusak,NPPJ,1,0
2022-04-08 02:14:00.000 +0200,Image,,,,Blašković,NPPJ,1,0
2023-10-02 22:50:00.000 +0200,Image,,,,Mladjen,NPPJ,1,0
2022-05-07 23:40:00.000 +0200,Image,,,,Kusak,NPPJ,1,0
2023-08-30 00:46:00.000 +0200,Image,,,,Mladjen,NPPJ,1,0
2023-11-14 18:21:00.000 +0100,Image,,,,Mladjen,NPPJ,3,2
2023-02-15 10:36:00.000 +0100,Image,314,Shiny,Unknown,Mladjen,NPPJ,2,1
2023-12-04 04:46:00.000 +0100,Image,,,,Mladjen,NPPJ,1,0
2023-09-19 16:36:00.000 +0200,Image,,,,Mladjen,NPPJ,1,0
2024-03-03 03:37:00.000 +0100,Image,,,,Mladjen,NPPJ,1,0
2023-09-19 09:32:00.000 +0200,Image,,,,Mladjen,NPPJ,1,0
2024-02-12 07:13:00.000 +0100,Image,,,,Mladjen,NPPJ,1,0
2023-10-04 19:54:00.000 +0200,Image,,,,Mladjen,NPPJ,1,0
2024-01-03 17:25:00.000 +0100,Image,,,,Mladjen,NPPJ,3,2
2023-11-09 04:04:00.000 +0100,Image,,,,Mladjen,NPPJ,1,0
2022-10-06 19:58:00.000 +0200,Image,,,,Blašković,NPPJ,1,0
2023-02-20 16:54:00.000 +0100,Image,,,,Mladjen,NPPJ,1,0
2023-01-29 16:18:00.000 +0100,Image,,,,Mladjen,NPPJ,1,0
2022-08-29 21:24:00.000 +0200,Image,,,,Blašković,NPPJ,1,0
2022-05-23 03:38:00.000 +0200,Image,,,,Kusak,NPPJ,1,0
2023-02-15 18:26:00.000 +0100,Image,,,,Mladjen,NPPJ,1,0
2022-12-10 02:48:00.000 +0100,Image,,,,Mladjen,NPPJ,1,0
2023-08-24 07:08:00.000 +0200,Image,,,,Mladjen,NPPJ,1,0
2020-12-29 17:04:00.000 +0100,Image,,,,Kusak,NPPJ,1,0
2023-05-03 19:09:00.000 +0200,Image,,,,Mladjen,NPPJ,1,0
2023-08-16 18:46:00.000 +0200,Image,,,,Mladjen,NPPJ,1,0
2023-08-31 17:51:00.000 +0200,Image,,,,Mladjen,NPPJ,1,0
2022-06-20 07:16:00.000 +0200,Image,259,Fenix L26,M,Kusak,NPPJ,1,0
2023-04-06 06:26:00.000 +0200,Image,170,Orbis,Unknown,Mladjen,NPPJ,1,0
2022-06-28 20:50:00.000 +0200,Image,,,,Kusak,NPPJ,1,0
2023-08-15 06:27:00.000 +0200,Image,,,,Mladjen,NPPJ,1,0
2023-09-10 12:55:00.000 +0200,Image,,,,Mladjen,NPPJ,1,0
2023-09-29 22:02:00.000 +0200,Image,,,,Mladjen,NPPJ,1,0
2023-03-26 08:09:00.000 +0200,Image,,,,Mladjen,NPPJ,1,0
2023-11-17 02:22:00.000 +0100,Image,,,,Mladjen,NPPJ,1,0
2023-11-18 20:33:00.000 +0100,Image,,,,Mladjen,NPPJ,1,0
2024-03-04 16:45:00.000 +0100,Image,,,,Mladjen,NPPJ,1,0
2024-03-10 04:27:00.000 +0100,Image,,,,Mladjen,NPPJ,1,0
2023-08-17 19:21:00.000 +0200,Image,,,,Mladjen,NPPJ,1,0
2023-07-12 08:49:00.000 +0200,Image,,,,Mladjen,NPPJ,1,0
2024-02-01 20:00:00.000 +0100,Image,,,,Mladjen,NPPJ,1,0
2023-10-24 23:51:00.000 +0200,Image,,,,Mladjen,NPPJ,1,0
2023-06-03 21:13:00.000 +0200,Image,,,,Mladjen,NPPJ,1,0
2023-10-12 00:49:00.000 +0200,Image,,,,Mladjen,NPPJ,1,0
2023-04-21 08:18:00.000 +0200,Image,,,,Mladjen,NPPJ,1,0
2023-10-30 23:00:00.000 +0100,Image,,,,Mladjen,NPPJ,1,0
2023-10-05 04:19:00.000 +0200,Image,,,,Mladjen,NPPJ,1,0
2022-09-18 00:41:00.000 +0200,Image,,,,Blašković,NPPJ,1,0
2024-02-09 02:40:00.000 +0100,Image,,,,Mladjen,NPPJ,1,0
2023-09-13 10:18:00.000 +0200,Image,312,Figo,Z,Mladjen,NPPJ,1,0
2023-11-10 10:21:00.000 +0100,Image,312,Figo,Z,Mladjen,NPPJ,1,0
2022-01-28 06:58:00.000 +0100,Image,332,Silva,Unknown,Blašković,NPPJ,1,0
2023-04-14 04:38:00.000 +0200,Image,,,,Mladjen,NPPJ,1,0
2022-01-30 15:34:00.000 +0100,Image,333,Zlatko,Unknown,Blašković,NPPJ,1,0
2023-10-28 08:22:00.000 +0200,Image,,,,Mladjen,NPPJ,1,0
2022-06-24 04:49:00.000 +0200,Image,259,Fenix L26,M,Kusak,NPPJ,1,0
2022-07-04 01:57:00.000 +0200,Image,259,Fenix L26,M,Kusak,NPPJ,1,0
2024-02-05 02:01:00.000 +0100,Image,,,,Mladjen,NPPJ,1,0
2023-06-20 18:19:00.000 +0200,Image,,,,Mladjen,NPPJ,1,0
2023-10-26 17:15:00.000 +0200,Image,,,,Mladjen,NPPJ,1,0
2022-05-05 00:52:00.000 +0200,Image,,,,Kusak,NPPJ,1,0
2023-11-03 21:19:00.000 +0100,Image,312,Figo,Z,Mladjen,NPPJ,3,2
2023-03-10 22:22:00.000 +0100,Image,,,,Mladjen,NPPJ,1,0
2022-05-13 07:02:00.000 +0200,Image,259,Fenix L26,M,Kusak,NPPJ,1,0
2023-05-20 14:28:00.000 +0200,Image,,,,Mladjen,NPPJ,1,0
2022-07-26 06:30:00.000 +0200,Image,259,Fenix L26,M,Kusak,NPPJ,1,0
2023-06-27 08:32:00.000 +0200,Image,,,,Mladjen,NPPJ,1,0
2023-05-07 22:41:00.000 +0200,Image,,,,Mladjen,NPPJ,1,0
2023-06-27 05:46:00.000 +0200,Image,,,,Mladjen,NPPJ,1,0
2022-07-09 15:29:00.000 +0200,Image,259,Fenix L26,M,Kusak,NPPJ,1,0
2023-09-08 15:26:00.000 +0200,Image,170,Orbis,Unknown,Mladjen,NPPJ,1,0
2023-05-21 01:57:00.000 +0200,Image,,,,Mladjen,NPPJ,1,0
2023-08-26 17:33:00.000 +0200,Image,170,Orbis,Unknown,Mladjen,NPPJ,1,0
2022-05-04 11:12:00.000 +0200,Image,259,Fenix L26,M,Kusak,NPPJ,1,0
2022-06-07 01:26:00.000 +0200,Image,,,,Kusak,NPPJ,1,0
2024-02-14 20:19:00.000 +0100,Image,,,,Mladjen,NPPJ,1,0
2023-11-18 00:32:00.000 +0100,Image,,,,Mladjen,NPPJ,1,0
2023-07-07 07:35:00.000 +0200,Image,,,,Mladjen,NPPJ,1,0
2023-06-30 00:14:00.000 +0200,Image,,,,Mladjen,NPPJ,1,0
2023-04-29 14:01:00.000 +0200,Image,170,Orbis,Unknown,Mladjen,NPPJ,1,0
2023-06-20 05:57:00.000 +0200,Image,170,Orbis,Unknown,Mladjen,NPPJ,1,0
2023-07-03 03:49:00.000 +0200,Image,,,,Mladjen,NPPJ,1,0
2024-04-02 13:54:00.000 +0200,Image,,,,Mladjen,NPPJ,1,0
2023-11-09 23:09:00.000 +0100,Image,312,Figo,Z,Mladjen,NPPJ,1,0
2022-07-23 18:33:00.000 +0200,Image,170,Orbis,Unknown,Kusak,NPPJ,1,0
2023-09-11 10:27:00.000 +0200,Image,312,Figo,Z,Mladjen,NPPJ,1,0
2021-12-29 01:52:00.000 +0100,Image,,,,Blašković,NPPJ,1,0
2023-09-10 11:05:00.000 +0200,Image,312,Figo,Z,Mladjen,NPPJ,1,0
2022-01-24 23:50:00.000 +0100,Image,,,,Blašković,NPPJ,1,0
2023-07-17 23:26:00.000 +0200,Image,,,,Mladjen,NPPJ,1,0
2023-05-24 02:02:00.000 +0200,Image,,,,Mladjen,NPPJ,1,0
2022-07-12 02:25:00.000 +0200,Image,170,Orbis,Unknown,Kusak,NPPJ,1,0
2023-10-24 14:11:00.000 +0200,Image,170,Orbis,Unknown,Mladjen,NPPJ,1,0
2023-04-26 23:08:00.000 +0200,Image,,,,Mladjen,NPPJ,1,0
2022-06-07 01:31:00.000 +0200,Image,170,Orbis,Unknown,Kusak,NPPJ,1,0
2023-10-31 23:58:00.000 +0100,Image,,,,Mladjen,NPPJ,3,2
2023-11-08 02:56:00.000 +0100,Image,,,,Mladjen,NPPJ,3,2
2022-05-23 22:07:00.000 +0200,Image,170,Orbis,Unknown,Kusak,NPPJ,1,0
2023-06-17 18:07:00.000 +0200,Image,,,,Mladjen,NPPJ,1,0
2022-05-05 00:15:00.000 +0200,Image,,,,Kusak,NPPJ,1,0
2023-10-08 13:56:00.000 +0200,Image,312,Figo,Z,Mladjen,NPPJ,1,0
2023-10-04 21:02:00.000 +0200,Image,,,,Mladjen,NPPJ,4,3
2024-02-20 22:39:00.000 +0100,Image,,,,Mladjen,NPPJ,1,0
2022-02-14 09:36:00.000 +0100,Image,,,,Blašković,NPPJ,1,0
2022-05-08 01:56:00.000 +0200,Image,312,Figo,Z,Kusak,NPPJ,1,0
2021-01-20 18:59:00.000 +0100,Image,,,,Kusak,NPPJ,1,0
2022-05-25 18:45:00.000 +0200,Image,312,Figo,Z,Kusak,NPPJ,1,0
2023-10-27 20:33:00.000 +0200,Image,,,,Mladjen,NPPJ,1,0
2022-04-07 18:10:00.000 +0200,Image,259,Fenix L26,M,Blašković,NPPJ,1,0
2023-05-19 08:58:00.000 +0200,Image,,,,Mladjen,NPPJ,1,0
2023-06-14 08:29:00.000 +0200,Image,,,,Mladjen,NPPJ,1,0
2023-08-07 15:16:00.000 +0200,Image,,,,Mladjen,NPPJ,1,0
2022-04-23 11:39:00.000 +0200,Image,312,Figo,Z,Kusak,NPPJ,1,0
2022-01-24 15:50:00.000 +0100,Image,259,Fenix L26,M,Blašković,NPPJ,1,0
2022-03-13 00:05:00.000 +0100,Image,,,,Blašković,NPPJ,2,0
2023-04-11 02:06:00.000 +0200,Image,,,,Mladjen,NPPJ,1,0
2022-04-28 23:50:00.000 +0200,Image,170,Orbis,Unknown,Kusak,NPPJ,1,0
2022-12-27 23:10:00.000 +0100,Image,,,,Mladjen,NPPJ,1,0
2022-07-23 03:03:00.000 +0200,Image,259,Fenix L26,M,Kusak,NPPJ,1,0
2022-02-25 14:40:00.000 +0100,Image,259,Fenix L26,M,Blašković,NPPJ,1,0
2022-06-07 00:43:00.000 +0200,Image,,,,Kusak,NPPJ,1,0
2024-02-13 01:35:00.000 +0100,Image,,,,Mladjen,NPPJ,1,0
2024-01-27 06:03:00.000 +0100,Image,,,,Mladjen,NPPJ,1,0
2024-02-16 23:52:00.000 +0100,Image,,,,Mladjen,NPPJ,1,0
2022-05-26 18:24:00.000 +0200,Image,259,Fenix L26,M,Kusak,NPPJ,1,0
2023-02-07 16:11:00.000 +0100,Image,,,,Mladjen,NPPJ,1,0
2023-09-29 20:34:00.000 +0200,Image,,,,Mladjen,NPPJ,1,0
2023-11-01 20:34:00.000 +0100,Image,,,,Mladjen,NPPJ,1,0
2022-04-03 10:37:00.000 +0200,Image,170,Orbis,Unknown,Blašković,NPPJ,1,0
2022-09-17 03:06:00.000 +0200,Image,,,,Blašković,NPPJ,1,0
2022-05-01 21:19:00.000 +0200,Image,259,Fenix L26,M,Kusak,NPPJ,1,0
2022-09-18 21:35:00.000 +0200,Image,343,Lira,Unknown,Grubišić,OPPK,1,0
2022-11-08 16:26:00.000 +0100,Image,,,,Tomaić,OPPK,1,0
2022-10-02 06:10:00.000 +0200,Image,374,Djuro,M,Gomerčić,OPPK,1,0
2022-10-27 16:34:00.000 +0200,Image,297,Rosa,Z,Tomaić,OPPK,3,2
2022-11-23 06:34:00.000 +0100,Image,,,,Tomaić,OPPK,2,1
2022-10-27 16:34:00.000 +0200,Image,393,Rosa mladunac1 2022,Unknown,Tomaić,OPPK,3,2
2022-10-27 16:34:00.000 +0200,Image,394,Rosa mladunac2 2022,Unknown,Tomaić,OPPK,3,2
2022-10-15 22:55:00.000 +0200,Image,338,Unico (LBiH01),M,Čmelar,OPPK,1,0
2022-10-12 22:51:00.000 +0200,Image,374,Djuro,M,Blašković,OPPK,1,0
2023-01-29 22:07:00.000 +0100,Image,264,Emil,M,Blašković,OPPK,1,0
2023-04-02 16:41:00.000 +0200,Image,263,Kain,Unknown,Čmelar,OPPK,1,0
2022-12-20 21:00:00.000 +0100,Image,,,,Blašković,OPPK,1,0
2022-11-28 04:06:00.000 +0100,Image,338,Unico (LBiH01),M,Čmelar,OPPK,1,0
2022-10-25 01:12:00.000 +0200,Image,374,Djuro,M,Blašković,OPPK,1,0
2023-04-04 20:13:00.000 +0200,Image,,,,Kusak,OPPK,1,0
2022-10-09 08:01:00.000 +0200,Image,374,Djuro,M,Gomerčić,OPPK,1,0
2023-01-05 15:08:00.000 +0100,Image,,,,Gomerčić,OPPK,1,0
2022-10-03 19:43:00.000 +0200,Image,185,Plješivica BiH,Unknown,Čmelar,OPPK,1,0
2022-09-20 05:16:00.000 +0200,Image,368,Risovac 1,Unknown,Toplicanec,OPPK,1,0
2023-03-29 20:14:00.000 +0200,Image,,,,Kusak,OPPK,1,0
2022-10-12 01:32:00.000 +0200,Image,369,Risovac 3 R,Unknown,Toplicanec,OPPK,1,0
2022-10-30 04:37:00.000 +0100,Image,403,Jere,Unknown,Čmelar,OPPK,1,0
2022-11-22 00:49:00.000 +0100,Image,405,Mrva,Unknown,Čmelar,OPPK,1,0
2022-10-19 04:56:00.000 +0200,Image,368,Risovac 1,Unknown,Toplicanec,OPPK,1,0
2022-12-04 04:29:00.000 +0100,Image,410,Kiko,Unknown,Čmelar,OPPK,1,0
2022-11-27 21:40:00.000 +0100,Image,410,Kiko,Unknown,Čmelar,OPPK,1,0
2022-11-04 08:08:00.000 +0100,Image,407,Unjka,Z,Čmelar,OPPK,1,0
2022-11-18 18:39:00.000 +0100,Image,407,Unjka,Z,Čmelar,OPPK,2,1
2022-11-07 19:39:00.000 +0100,Image,,,,Tomaić,OPPK,1,0
2022-11-18 18:39:00.000 +0100,Image,411,Unjka mladunac1 2022,Unknown,Čmelar,OPPK,2,1
2023-03-23 03:08:00.000 +0100,Image,,,,Kusak,OPPK,1,0
2022-11-02 21:01:00.000 +0100,Image,407,Unjka,Z,Grubišić,OPPK,2,1
2022-12-15 03:38:00.000 +0100,Image,,,,Tomaić,OPPK,1,0
2022-11-02 21:01:00.000 +0100,Image,411,Unjka mladunac1 2022,Unknown,Grubišić,OPPK,2,1
2022-11-30 10:40:00.000 +0100,Image,407,Unjka,Z,Čmelar,OPPK,1,0
2022-11-29 03:26:00.000 +0100,Image,407,Unjka,Z,Čmelar,OPPK,2,1
2022-11-29 03:26:00.000 +0100,Image,411,Unjka mladunac1 2022,Unknown,Čmelar,OPPK,2,1
2023-01-05 03:54:00.000 +0100,Image,,,,Blašković,OPPK,1,0
2022-11-13 07:16:00.000 +0100,Image,410,Kiko,Unknown,Čmelar,OPPK,1,0
2022-11-12 21:26:00.000 +0100,Image,410,Kiko,Unknown,Čmelar,OPPK,1,0
2023-04-05 23:15:00.000 +0200,Image,,,,Kusak,OPPK,1,0
2022-11-04 02:19:00.000 +0100,Image,410,Kiko,Unknown,Čmelar,OPPK,1,0
2022-11-07 05:09:00.000 +0100,Image,410,Kiko,Unknown,Čmelar,OPPK,1,0
2022-11-23 10:32:00.000 +0100,Image,174,Irena,Z,Tomaić,OPPK,3,2
2022-11-23 10:32:00.000 +0100,Image,412,Irena mladunac1 2022,Unknown,Tomaić,OPPK,3,2
2022-11-23 10:32:00.000 +0100,Image,413,Irena mladunac2 2022,Unknown,Tomaić,OPPK,3,2
2022-11-24 17:43:00.000 +0100,Image,202,Vilim,M,Tomaić,OPPK,1,0
2022-12-20 17:18:00.000 +0100,Image,203,Boris,M,Blašković,OPPK,1,0
2022-10-28 18:51:00.000 +0200,Image,311,Pepi,M,Kusak,OPPK,1,0
2022-10-18 22:57:00.000 +0200,Image,351,Nepoznati 2,M,Kusak,OPPK,1,0
2022-12-05 03:25:00.000 +0100,Image,,,,Kusak,OPPK,1,0
2022-10-20 12:43:00.000 +0200,Image,351,Nepoznati 2,M,Kusak,OPPK,1,0
2022-10-04 06:40:00.000 +0200,Image,351,Nepoznati 2,M,Kusak,OPPK,1,0
2022-11-27 19:24:00.000 +0100,Image,,,,Kusak,OPPK,1,0
2022-10-13 07:29:00.000 +0200,Image,414,Pangea,Z,Kusak,OPPK,1,0
2023-03-23 21:30:00.000 +0100,Image,,,,Kusak,OPPK,1,0
2022-11-07 04:05:00.000 +0100,Image,414,Pangea,Z,Kusak,OPPK,2,1
2022-10-30 18:24:00.000 +0100,Image,414,Pangea,Z,Kusak,OPPK,1,0
2022-12-28 22:39:00.000 +0100,Image,414,Pangea,Z,Blašković,OPPK,1,0
2023-01-01 21:22:00.000 +0100,Image,414,Pangea,Z,Blašković,OPPK,2,1
2022-09-05 04:54:00.000 +0200,Image,415,Yantar,Unknown,Kusak,OPPK,1,0
2022-11-09 16:27:00.000 +0100,Image,415,Yantar,Unknown,Kusak,OPPK,1,0
2022-11-12 06:43:00.000 +0100,Image,415,Yantar,Unknown,Kusak,OPPK,1,0
2022-12-04 04:13:00.000 +0100,Image,415,Yantar,Unknown,Kusak,OPPK,1,0
2022-09-10 04:38:00.000 +0200,Image,416,Lineae R,Unknown,Kusak,OPPK,1,0
2022-10-18 21:09:00.000 +0200,Image,414,Pangea,Z,Kusak,OPPK,1,0
2023-04-05 15:25:00.000 +0200,Image,,,,Kusak,OPPK,1,0
2022-10-28 16:38:00.000 +0200,Image,384,Jurja,Z,Tomaić,OPPK,1,0
2022-11-14 22:17:00.000 +0100,Image,372,Vrebac D,Unknown,Blašković,OPPK,1,0
2022-12-24 08:10:00.000 +0100,Image,,,,Kusak,OPPK,1,0
2023-04-06 05:13:00.000 +0200,Image,,,,Kusak,OPPK,1,0
2022-12-13 11:07:00.000 +0100,Footprint,,,,Grubišić,OPPK,2,1
2022-10-26 20:23:00.000 +0200,Image,374,Djuro,M,Blašković,OPPK,1,0
2023-03-09 18:34:00.000 +0100,Image,,,,Kusak,OPPK,1,0
2022-09-15 05:19:00.000 +0200,Image,370,Risovac 4 L,Unknown,Toplicanec,OPPK,1,0
2022-09-12 10:43:00.000 +0200,Image,370,Risovac 4 L,Unknown,Toplicanec,OPPK,1,0
2022-10-19 06:42:00.000 +0200,Image,379,Hook,Unknown,Gomerčić,OPPK,1,0
2023-02-22 00:54:00.000 +0100,Image,,,,Kusak,OPPK,1,0
2022-11-22 01:17:00.000 +0100,Image,173,Josip L29,M,Tomaić,OPPK,1,0
2022-09-16 01:32:00.000 +0200,Image,385,Gavin,Unknown,Tomaić,OPPK,1,0
2022-09-18 12:14:00.000 +0200,Image,370,Risovac 4 L,Unknown,Toplicanec,OPPK,1,0
2022-10-17 07:13:00.000 +0200,Image,380,Tara,Z,Tomaić,OPPK,1,0
2022-11-13 00:38:00.000 +0100,Image,371,Vrebac L,Unknown,Blašković,OPPK,1,0
2022-10-20 09:52:00.000 +0200,Image,395,Mladunac Loznica 2022,Unknown,Tomaić,OPPK,2,1
2023-03-08 18:31:00.000 +0100,Image,,,,Kusak,OPPK,1,0
2022-11-28 19:01:00.000 +0100,Image,,,,Toplicanec,OPPK,1,0
2023-04-07 00:39:00.000 +0200,Image,,,,Kusak,OPPK,1,0
2022-09-26 06:45:00.000 +0200,Image,383,Fly,Unknown,Tomaić,OPPK,1,0
2022-10-11 10:12:00.000 +0200,Image,384,Jurja,Z,Tomaić,OPPK,1,0
2022-10-24 09:05:00.000 +0200,Image,202,Vilim,M,Tomaić,OPPK,1,0
2022-12-09 17:20:00.000 +0100,Image,202,Vilim,M,Tomaić,OPPK,1,0
2022-11-06 06:08:00.000 +0100,Image,371,Vrebac L,Unknown,Blašković,OPPK,1,0
2022-11-23 01:08:00.000 +0100,Image,174,Irena,Z,Tomaić,OPPK,1,0
2023-01-01 02:41:00.000 +0100,Image,,,,Blašković,OPPK,2,1
2023-01-12 13:04:00.000 +0100,Image,444,Embal,Unknown,Kusak,OPPK,1,0
2023-02-08 06:20:00.000 +0100,Image,228,Mladen LCRO24,M,Gomerčić,OPPK,1,0
2023-03-31 04:47:00.000 +0200,Image,,,,Blašković,OPPK,1,0
2022-10-26 15:02:00.000 +0200,Image,174,Irena,Z,Tomaić,OPPK,1,0
2022-11-24 17:30:00.000 +0100,Image,202,Vilim,M,Tomaić,OPPK,1,0
2022-10-22 05:52:00.000 +0200,Image,380,Tara,Z,Tomaić,OPPK,1,0
2023-03-16 20:33:00.000 +0100,Image,,,,Blašković,OPPK,1,0
2022-11-13 17:44:00.000 +0100,Image,338,Unico (LBiH01),M,Grubišić,OPPK,1,0
2022-09-22 18:01:00.000 +0200,Image,,,,Tomaić,OPPK,1,0
2022-11-23 00:09:00.000 +0100,Image,338,Unico (LBiH01),M,Čmelar,OPPK,1,0
2022-10-18 07:16:00.000 +0200,Image,338,Unico (LBiH01),M,Čmelar,OPPK,1,0
2022-10-29 17:29:00.000 +0200,Image,204,Vitrenka,Z,Tomaić,OPPK,1,0
2022-10-02 02:19:00.000 +0200,Image,368,Risovac 1,Unknown,Toplicanec,OPPK,1,0
2023-04-05 01:32:00.000 +0200,Image,,,,Kusak,OPPK,1,0
2022-10-19 10:53:00.000 +0200,Image,370,Risovac 4 L,Unknown,Toplicanec,OPPK,1,0
2022-10-01 20:03:00.000 +0200,Image,204,Vitrenka,Z,Tomaić,OPPK,1,0
2023-01-17 17:09:00.000 +0100,Image,,,,Kusak,OPPK,1,0
2022-10-04 01:08:00.000 +0200,Image,,,,Kusak,OPPK,1,0
2022-10-18 06:02:00.000 +0200,Image,202,Vilim,M,Tomaić,OPPK,1,0
2022-10-13 05:06:00.000 +0200,Image,174,Irena,Z,Tomaić,OPPK,1,0
2022-09-13 08:53:00.000 +0200,Image,174,Irena,Z,Tomaić,OPPK,1,0
2022-11-21 06:37:00.000 +0100,Image,,,,Tomaić,OPPK,1,0
2022-09-12 08:00:00.000 +0200,Image,174,Irena,Z,Tomaić,OPPK,1,0
2022-12-16 07:43:00.000 +0100,Image,,,,Kusak,OPPK,1,0
2022-11-12 01:10:00.000 +0100,Image,,,,Kusak,OPPK,1,0
2022-09-13 19:58:00.000 +0200,Image,174,Irena,Z,Tomaić,OPPK,3,2
2022-11-25 03:47:00.000 +0100,Image,338,Unico (LBiH01),M,Čmelar,OPPK,1,0
2022-12-06 10:58:00.000 +0100,Image,374,Djuro,M,Toplicanec,OPPK,1,0
2022-11-10 04:17:00.000 +0100,Image,374,Djuro,M,Blašković,OPPK,1,0
2022-10-22 01:55:00.000 +0200,Image,375,Miley ,Z,Gomerčić,OPPK,2,1
2022-11-12 18:02:00.000 +0100,Image,374,Djuro,M,Blašković,OPPK,1,0
2022-09-14 01:56:00.000 +0200,Image,369,Risovac 3 R,Unknown,Toplicanec,OPPK,1,0
2022-09-21 09:46:00.000 +0200,Image,370,Risovac 4 L,Unknown,Toplicanec,OPPK,1,0
2022-10-09 02:10:00.000 +0200,Image,391,Lineae,Unknown,Kusak,OPPK,1,0
2022-09-18 11:27:00.000 +0200,Image,170,Orbis,Unknown,Gomerčić,OPPK,1,0
2022-09-20 07:37:00.000 +0200,Image,374,Djuro,M,Gomerčić,OPPK,1,0
2022-11-10 03:34:00.000 +0100,Image,375,Miley ,Z,Blašković,OPPK,1,0
2022-09-14 04:53:00.000 +0200,Image,369,Risovac 3 R,Unknown,Toplicanec,OPPK,1,0
2022-12-08 07:45:00.000 +0100,Image,173,Josip L29,M,Tomaić,OPPK,1,0
2022-10-16 04:40:00.000 +0200,Image,,,,Kusak,OPPK,1,0
2023-02-23 09:28:00.000 +0100,Image,150,Rista L18,M,Gomerčić,OPPK,1,0
2023-01-31 23:00:00.000 +0100,Image,,,,Kusak,OPPK,1,0
2022-10-29 09:38:00.000 +0200,Image,338,Unico (LBiH01),M,Čmelar,OPPK,1,0
2022-09-27 01:19:00.000 +0200,Image,370,Risovac 4 L,Unknown,Toplicanec,OPPK,1,0
2022-10-07 23:07:00.000 +0200,Image,338,Unico (LBiH01),M,Čmelar,OPPK,1,0
2022-10-26 22:22:00.000 +0200,Image,374,Djuro,M,Toplicanec,OPPK,1,0
2022-12-02 18:36:00.000 +0100,Image,338,Unico (LBiH01),M,Čmelar,OPPK,1,0
2022-10-10 04:47:00.000 +0200,Image,374,Djuro,M,Toplicanec,OPPK,1,0
2023-01-06 20:37:00.000 +0100,Image,,,,Gomerčić,OPPK,2,1
2022-11-07 02:23:00.000 +0100,Image,,,,Kusak,OPPK,1,0
2022-10-14 05:11:00.000 +0200,Image,,,,Kusak,OPPK,1,0
2023-03-19 03:49:00.000 +0100,Image,318,Ris Rudine L,M,Gomerčić,OPPK,1,0
2023-04-09 08:23:00.000 +0200,Image,318,Ris Rudine L,M,Gomerčić,OPPK,1,0
2023-04-08 17:05:00.000 +0200,Image,384,Jurja,Z,Blašković,OPPK,1,0
2023-04-20 08:23:00.000 +0200,Image,85,CRO372_1,Z,Gomerčić,OPPK,1,0
2023-03-28 21:13:00.000 +0200,Image,,,,Kusak,OPPK,1,0
2023-03-18 10:39:00.000 +0100,Image,390,Root,Unknown,Blašković,OPPK,1,0
2023-03-22 08:01:00.000 +0100,Image,85,CRO372_1,Z,Gomerčić,OPPK,1,0
2023-02-04 05:04:00.000 +0100,Image,181,Pandora L31,M,Blašković,OPPK,1,0
2023-03-21 18:28:00.000 +0100,Image,384,Jurja,Z,Blašković,OPPK,2,0
2023-03-19 10:24:00.000 +0100,Image,225,Frida,Z,Gomerčić,OPPK,1,0
2023-03-07 05:24:00.000 +0100,Image,263,Kain,Unknown,Čmelar,OPPK,1,0
2023-01-28 07:09:00.000 +0100,Image,390,Root,Unknown,Blašković,OPPK,1,0
2023-04-09 13:38:00.000 +0200,Image,388,Fefo,Unknown,Blašković,OPPK,1,0
2023-03-24 18:55:00.000 +0100,Image,383,Fly,Unknown,Blašković,OPPK,1,0
2023-04-21 21:56:00.000 +0200,Image,263,Kain,Unknown,Čmelar,OPPK,1,0
2023-04-12 05:58:00.000 +0200,Image,263,Kain,Unknown,Čmelar,OPPK,1,0
2023-04-04 18:02:00.000 +0200,Image,263,Kain,Unknown,Čmelar,OPPK,1,0
2023-03-27 02:40:00.000 +0200,Image,,,,Blašković,OPPK,1,0
2022-11-30 21:07:00.000 +0100,Image,,,,Kusak,OPPK,1,0
2023-01-31 19:11:00.000 +0100,Image,180,Buna,Z,Blašković,OPPK,1,0
2023-03-19 02:06:00.000 +0100,Image,390,Root,Unknown,Blašković,OPPK,1,0
2022-12-03 08:23:00.000 +0100,Image,202,Vilim,M,Tomaić,OPPK,1,0
2022-11-19 09:10:00.000 +0100,Image,174,Irena,Z,Tomaić,OPPK,1,0
2023-02-21 04:58:00.000 +0100,Image,,,,Kusak,OPPK,1,0
2023-01-14 20:34:00.000 +0100,Image,368,Risovac 1,Unknown,Blašković,OPPK,1,0
2022-01-05 02:06:00.000 +0100,Image,,,,Blašković,OPPK,1,0
2022-09-30 07:28:00.000 +0200,Image,368,Risovac 1,Unknown,Toplicanec,OPPK,1,0
2023-04-12 20:57:00.000 +0200,Image,368,Risovac 1,Unknown,Blašković,OPPK,1,0
2023-03-29 03:08:00.000 +0200,Image,368,Risovac 1,Unknown,Blašković,OPPK,1,0
2022-11-15 22:50:00.000 +0100,Image,,,,Blašković,OPPK,1,0
2023-02-20 06:55:00.000 +0100,Image,,,,Kusak,OPPK,1,0
2022-10-13 15:10:00.000 +0200,Footprint,,,,Grubišić,OPPK,1,0
2023-03-16 16:15:00.000 +0100,Image,238,Novi Ričićko,Z,Kusak,OPPK,1,0
2023-04-02 09:34:00.000 +0200,Image,238,Novi Ričićko,Z,Kusak,OPPK,1,0
2022-11-10 16:46:00.000 +0100,Image,,,,Kusak,OPPK,1,0
2023-03-22 04:36:00.000 +0100,Image,415,Yantar,Unknown,Kusak,OPPK,1,0
2023-04-19 14:11:00.000 +0200,Image,311,Pepi,M,Kusak,OPPK,1,0
2023-03-26 13:42:00.000 +0200,Image,311,Pepi,M,Kusak,OPPK,1,0
2023-02-11 11:49:00.000 +0100,Image,323,Slavko L35,M,Kusak,OPPK,1,0
2022-11-23 07:41:00.000 +0100,Image,,,,Tomaić,OPPK,1,0
2023-02-15 08:42:00.000 +0100,Image,323,Slavko L35,M,Kusak,OPPK,1,0
2023-03-22 17:53:00.000 +0100,Image,368,Risovac 1,Unknown,Blašković,OPPK,1,0
2023-02-22 17:43:00.000 +0100,Image,323,Slavko L35,M,Kusak,OPPK,1,0
2023-03-08 18:47:00.000 +0100,Image,323,Slavko L35,M,Kusak,OPPK,1,0
2022-11-24 23:08:00.000 +0100,Image,,,,Kusak,OPPK,1,0
2023-02-18 02:29:00.000 +0100,Image,4,Spot,Z,Čmelar,OPPK,1,0
2022-09-26 19:08:00.000 +0200,Image,,,,Kusak,OPPK,1,0
2023-03-15 02:37:00.000 +0100,Image,4,Spot,Z,Čmelar,OPPK,1,0
2022-09-22 03:49:00.000 +0200,Image,,,,Kusak,OPPK,1,0
2023-04-22 02:35:00.000 +0200,Image,4,Spot,Z,Čmelar,OPPK,1,0
2023-01-13 18:24:00.000 +0100,Image,263,Kain,Unknown,Čmelar,OPPK,1,0
2023-01-14 07:42:00.000 +0100,Image,263,Kain,Unknown,Čmelar,OPPK,1,0
2022-10-19 02:40:00.000 +0200,Image,,,,Kusak,OPPK,1,0
2022-10-17 00:50:00.000 +0200,Image,,,,Kusak,OPPK,3,2
2023-02-22 01:28:00.000 +0100,Image,,,,Kusak,OPPK,1,0
2022-10-11 09:54:00.000 +0200,Image,,,,Tomaić,OPPK,1,0
2022-11-02 20:27:00.000 +0100,Image,,,,Kusak,OPPK,2,1
2023-04-04 23:58:00.000 +0200,Image,,,,Kusak,OPPK,1,0
2023-04-05 18:04:00.000 +0200,Image,,,,Kusak,OPPK,1,0
2023-02-23 23:27:00.000 +0100,Image,263,Kain,Unknown,Čmelar,OPPK,1,0
2023-03-14 22:43:00.000 +0100,Image,263,Kain,Unknown,Čmelar,OPPK,1,0
2023-03-15 13:33:00.000 +0100,Image,263,Kain,Unknown,Čmelar,OPPK,1,0
2023-03-20 23:42:00.000 +0100,Image,263,Kain,Unknown,Čmelar,OPPK,1,0
2023-02-24 21:08:00.000 +0100,Image,347,Brlog,Unknown,Čmelar,OPPK,1,0
2023-04-03 04:10:00.000 +0200,Image,110,Andreja L17,Z,Čmelar,OPPK,1,0
2023-01-27 21:00:00.000 +0100,Image,388,Fefo,Unknown,Blašković,OPPK,1,0
2023-03-24 08:58:00.000 +0100,Image,453,Fefo L,Unknown,Blašković,OPPK,1,0
2023-03-05 19:14:00.000 +0100,Image,361,Frida mladunac1 2021,Unknown,Čmelar,OPPK,1,0
2023-04-26 01:12:00.000 +0200,Image,361,Frida mladunac1 2021,Unknown,Čmelar,OPPK,1,0
2023-03-25 14:45:00.000 +0100,Image,361,Frida mladunac1 2021,Unknown,Čmelar,OPPK,1,0
2023-04-23 20:05:00.000 +0200,Image,361,Frida mladunac1 2021,Unknown,Čmelar,OPPK,1,0
2023-03-29 15:58:00.000 +0200,Image,355,Lubomir,M,Blašković,OPPK,1,0
2023-04-12 04:06:00.000 +0200,Image,181,Pandora L31,M,Blašković,OPPK,1,0
2023-02-10 19:21:00.000 +0100,Image,264,Emil,M,Blašković,OPPK,1,0
2023-01-31 21:15:00.000 +0100,Image,181,Pandora L31,M,Blašković,OPPK,1,0
2023-02-17 05:50:00.000 +0100,Image,264,Emil,M,Blašković,OPPK,1,0
2023-01-12 21:33:00.000 +0100,Image,391,Lineae,Unknown,Kusak,OPPK,1,0
2023-04-06 20:05:00.000 +0200,Image,355,Lubomir,M,Blašković,OPPK,1,0
2023-01-25 04:34:00.000 +0100,Image,264,Emil,M,Blašković,OPPK,1,0
2023-01-19 00:14:00.000 +0100,Image,264,Emil,M,Blašković,OPPK,1,0
2023-01-05 20:50:00.000 +0100,Image,387,Ed,Unknown,Blašković,OPPK,1,0
2023-01-03 23:09:00.000 +0100,Image,264,Emil,M,Blašković,OPPK,1,0
2023-01-02 01:13:00.000 +0100,Image,360,Arabella,Unknown,Blašković,OPPK,1,0
2023-01-19 01:58:00.000 +0100,Image,181,Pandora L31,M,Blašković,OPPK,1,0
2023-03-31 03:01:00.000 +0200,Image,355,Lubomir,M,Blašković,OPPK,1,0
2023-03-30 22:16:00.000 +0200,Image,264,Emil,M,Blašković,OPPK,1,0
2023-03-26 18:49:00.000 +0200,Image,355,Lubomir,M,Blašković,OPPK,1,0
2023-03-24 04:37:00.000 +0100,Image,264,Emil,M,Blašković,OPPK,1,0
2023-03-23 19:13:00.000 +0100,Image,181,Pandora L31,M,Blašković,OPPK,1,0
2023-03-23 08:30:00.000 +0100,Image,224,Prpa,M,Blašković,OPPK,1,0
2023-03-17 02:23:00.000 +0100,Image,264,Emil,M,Blašković,OPPK,1,0
2023-03-08 19:22:00.000 +0100,Image,264,Emil,M,Blašković,OPPK,1,0
2023-03-05 04:21:00.000 +0100,Image,264,Emil,M,Blašković,OPPK,1,0
2023-03-04 20:14:00.000 +0100,Image,264,Emil,M,Blašković,OPPK,1,0
2023-03-16 17:06:00.000 +0100,Image,460,Sopac L,Unknown,Gomerčić,OPPK,1,0
2023-02-17 20:07:00.000 +0100,Image,264,Emil,M,Blašković,OPPK,1,0
2023-03-07 05:12:00.000 +0100,Image,,,,Blašković,OPPK,1,0
2023-03-23 03:23:00.000 +0100,Image,414,Pangea,Z,Kusak,OPPK,1,0
2023-02-19 06:52:00.000 +0100,Image,,,,Blašković,OPPK,1,0
2022-11-15 04:56:00.000 +0100,Image,,,,Kusak,OPPK,1,0
2022-10-14 21:15:00.000 +0200,Image,,,,Kusak,OPPK,1,0
2023-02-25 14:43:00.000 +0100,Image,,,,Kusak,OPPK,1,0
2022-10-14 07:16:00.000 +0200,Image,,,,Gomerčić,OPPK,1,0
2023-01-13 07:56:00.000 +0100,Image,422,Platak 1,Unknown,Čmelar,OPPK,1,0
2023-01-27 07:03:00.000 +0100,Image,422,Platak 1,Unknown,Čmelar,OPPK,1,0
2023-02-01 05:14:00.000 +0100,Image,422,Platak 1,Unknown,Čmelar,OPPK,1,0
2023-02-08 18:48:00.000 +0100,Image,422,Platak 1,Unknown,Čmelar,OPPK,1,0
2023-02-09 23:36:00.000 +0100,Image,422,Platak 1,Unknown,Čmelar,OPPK,1,0
2023-04-18 01:05:00.000 +0200,Image,,,,Kusak,OPPK,1,0
2023-03-19 20:46:00.000 +0100,Image,,,,Kusak,OPPK,2,0
2023-02-03 20:56:00.000 +0100,Image,422,Platak 1,Unknown,Čmelar,OPPK,1,0
2023-03-11 16:46:00.000 +0100,Image,422,Platak 1,Unknown,Čmelar,OPPK,1,0
2023-03-17 19:32:00.000 +0100,Image,422,Platak 1,Unknown,Čmelar,OPPK,1,0
2023-02-19 22:10:00.000 +0100,Image,424,Platak 4,Unknown,Čmelar,OPPK,1,0
2023-03-06 03:31:00.000 +0100,Image,424,Platak 4,Unknown,Čmelar,OPPK,1,0
2023-02-22 00:45:00.000 +0100,Image,,,,Kusak,OPPK,1,0
2023-03-10 00:29:00.000 +0100,Image,424,Platak 4,Unknown,Čmelar,OPPK,1,0
2023-03-10 22:20:00.000 +0100,Image,424,Platak 4,Unknown,Čmelar,OPPK,1,0
2023-03-12 21:38:00.000 +0100,Image,424,Platak 4,Unknown,Čmelar,OPPK,1,0
2023-03-14 00:08:00.000 +0100,Image,424,Platak 4,Unknown,Čmelar,OPPK,1,0
2023-02-15 20:11:00.000 +0100,Image,425,Platak 5,Unknown,Čmelar,OPPK,1,0
2023-03-22 19:58:00.000 +0100,Image,,,,Kusak,OPPK,1,0
2022-11-13 01:56:00.000 +0100,Image,,,,Tomaić,OPPK,1,0
2023-02-27 06:33:00.000 +0100,Image,425,Platak 5,Unknown,Čmelar,OPPK,1,0
2023-03-12 04:00:00.000 +0100,Image,425,Platak 5,Unknown,Čmelar,OPPK,1,0
2023-03-25 20:29:00.000 +0100,Image,425,Platak 5,Unknown,Čmelar,OPPK,1,0
2023-04-17 19:01:00.000 +0200,Image,425,Platak 5,Unknown,Čmelar,OPPK,1,0
2023-04-21 18:53:00.000 +0200,Image,425,Platak 5,Unknown,Čmelar,OPPK,1,0
2023-02-18 04:58:00.000 +0100,Image,425,Platak 5,Unknown,Čmelar,OPPK,1,0
2023-03-02 17:36:00.000 +0100,Image,427,Platak 6,Unknown,Čmelar,OPPK,1,0
2023-03-15 06:39:00.000 +0100,Image,429,Platak 7,Unknown,Čmelar,OPPK,1,0
2022-09-21 10:48:00.000 +0200,Image,369,Risovac 3 R,Unknown,Toplicanec,OPPK,1,0
2023-01-11 01:57:00.000 +0100,Image,431,Torun,Z,Blašković,OPPK,1,0
2023-03-23 19:54:00.000 +0100,Image,238,Novi Ričićko,Z,Kusak,OPPK,2,0
2023-03-23 19:54:00.000 +0100,Image,432,Arne,Unknown,Kusak,OPPK,2,0
2022-12-31 05:58:00.000 +0100,Image,,,,Blašković,OPPK,1,0
2023-04-04 21:54:00.000 +0200,Image,,,,Kusak,OPPK,1,0
2022-10-27 04:00:00.000 +0200,Image,,,,Kusak,OPPK,1,0
2023-02-19 18:48:00.000 +0100,Image,,,,Kusak,OPPK,1,0
2022-09-21 02:31:00.000 +0200,Image,,,,Tomaić,OPPK,1,0
2023-03-14 22:06:00.000 +0100,Image,,,,Blašković,OPPK,1,0
2023-03-20 20:02:00.000 +0100,Image,,,,Blašković,OPPK,1,0
2022-10-21 07:11:00.000 +0200,Image,375,Miley ,Z,Gomerčić,OPPK,3,2
2022-10-21 07:11:00.000 +0200,Image,376,Miley mladunac1 2022,Unknown,Gomerčić,OPPK,3,2
2023-04-23 03:26:00.000 +0200,Image,,,,Blašković,OPPK,1,0
2022-10-21 07:11:00.000 +0200,Image,378,Miley mladunac2 2022,Unknown,Gomerčić,OPPK,3,2
2022-11-10 06:32:00.000 +0100,Image,375,Miley ,Z,Blašković,OPPK,2,1
2022-11-10 06:32:00.000 +0100,Image,378,Miley mladunac2 2022,Unknown,Blašković,OPPK,2,1
2023-01-07 20:56:00.000 +0100,Image,,,,Gomerčić,OPPK,1,0
2023-02-25 18:33:00.000 +0100,Image,414,Pangea,Z,Kusak,OPPK,2,1
2023-02-01 17:30:00.000 +0100,Image,431,Torun,Z,Blašković,OPPK,2,1
2022-12-22 17:59:00.000 +0100,Image,,,,Blašković,OPPK,1,0
2023-03-20 16:55:00.000 +0100,Image,181,Pandora L31,M,Blašković,OPPK,1,0
2022-12-13 10:23:00.000 +0100,Footprint,,,,Grubišić,OPPK,1,0
2023-03-26 01:11:00.000 +0100,Image,264,Emil,M,Blašković,OPPK,1,0
2022-09-16 18:39:00.000 +0200,Image,407,Unjka,Z,Čmelar,OPPK,1,0
2022-11-04 18:42:00.000 +0100,Image,400,Nebula,Unknown,Čmelar,OPPK,1,0
2022-11-04 07:52:00.000 +0100,Image,402,Teo,Unknown,Čmelar,OPPK,1,0
2022-10-05 04:50:00.000 +0200,Image,338,Unico (LBiH01),M,Čmelar,OPPK,1,0
2022-10-05 04:30:00.000 +0200,Image,400,Nebula,Unknown,Čmelar,OPPK,1,0
2022-09-25 18:25:00.000 +0200,Image,,,,Tomaić,OPPK,1,0
2022-10-07 02:52:00.000 +0200,Image,410,Kiko,Unknown,Čmelar,OPPK,1,0
2022-10-10 23:09:00.000 +0200,Image,170,Orbis,Unknown,Čmelar,OPPK,1,0
2022-09-24 02:47:00.000 +0200,Image,343,Lira,Unknown,Grubišić,OPPK,1,0
2022-10-09 20:08:00.000 +0200,Image,410,Kiko,Unknown,Čmelar,OPPK,1,0
2022-10-09 17:54:00.000 +0200,Image,338,Unico (LBiH01),M,Čmelar,OPPK,1,0
2022-10-16 01:01:00.000 +0200,Image,410,Kiko,Unknown,Čmelar,OPPK,1,0
2022-09-16 18:00:00.000 +0200,Image,410,Kiko,Unknown,Ivanov,OPPK,1,0
2022-09-26 03:17:00.000 +0200,Image,410,Kiko,Unknown,Čmelar,OPPK,1,0
2022-10-06 13:04:00.000 +0200,Image,338,Unico (LBiH01),M,Grubišić,OPPK,1,0
2023-03-28 11:31:00.000 +0200,Image,,,,Gomerčić,OPPK,1,0
2022-09-27 00:11:00.000 +0200,Image,341,Lenon,Unknown,Grubišić,OPPK,1,0
2022-10-19 03:28:00.000 +0200,Image,338,Unico (LBiH01),M,Grubišić,OPPK,1,0
2022-11-14 20:28:00.000 +0100,Image,,,,Kusak,OPPK,1,0
2022-10-12 13:51:00.000 +0200,Footprint,,,,Grubišić,OPPK,1,0
2022-11-06 17:20:00.000 +0100,Image,,,,Kusak,OPPK,2,1
2022-11-29 02:51:00.000 +0100,Image,371,Vrebac L,Unknown,Toplicanec,OPPK,1,0
2023-03-29 04:15:00.000 +0200,Image,,,,Kusak,OPPK,1,0
2022-10-27 20:15:00.000 +0200,Image,338,Unico (LBiH01),M,Čmelar,OPPK,1,0
2022-10-31 17:49:00.000 +0100,Image,,,,Kusak,OPPK,1,0
2023-03-26 01:20:00.000 +0100,Image,,,,Gomerčić,OPPK,1,0
2022-11-09 05:05:00.000 +0100,Image,372,Vrebac D,Unknown,Blašković,OPPK,1,0
2022-12-04 16:18:00.000 +0100,Image,,,,Blašković,OPPK,1,0
2022-12-14 08:19:00.000 +0100,Image,380,Tara,Z,Tomaić,OPPK,1,0
2022-10-19 03:56:00.000 +0200,Image,368,Risovac 1,Unknown,Toplicanec,OPPK,1,0
2022-09-15 07:31:00.000 +0200,Image,369,Risovac 3 R,Unknown,Toplicanec,OPPK,1,0
2022-11-08 08:06:00.000 +0100,Image,375,Miley ,Z,Blašković,OPPK,1,0
2022-10-26 00:21:00.000 +0200,Image,,,,Kusak,OPPK,1,0
2022-11-28 19:52:00.000 +0100,Image,338,Unico (LBiH01),M,Čmelar,OPPK,1,0
2022-12-03 03:20:00.000 +0100,Image,,,,Tomaić,OPPK,1,0
2022-10-20 23:17:00.000 +0200,Image,185,Plješivica BiH,Unknown,Čmelar,OPPK,1,0
2023-03-16 03:58:00.000 +0100,Image,,,,Kusak,OPPK,1,0
2022-10-21 05:15:00.000 +0200,Image,,,,Kusak,OPPK,1,0
2022-12-07 19:32:00.000 +0100,Image,406,Megi,Z,Čmelar,OPPK,2,1
2022-12-07 19:32:00.000 +0100,Image,434,Megi mladunac 2022,Unknown,Čmelar,OPPK,2,1
2022-10-09 22:23:00.000 +0200,Image,,,,Tomaić,OPPK,1,0
2022-10-07 06:31:00.000 +0200,Image,383,Fly,Unknown,Tomaić,OPPK,1,0
2022-12-02 18:55:00.000 +0100,Image,,,,Blašković,OPPK,1,0
2022-11-27 11:12:00.000 +0100,Image,372,Vrebac D,Unknown,Toplicanec,OPPK,1,0
2022-10-06 04:40:00.000 +0200,Image,,,,Kusak,OPPK,1,0
2018-07-13 00:00:00.000 +0200,Image,,,,Selanec,Orlov kuk,1,0
2013-12-10 11:21:00.000 +0100,Image,64,Pakleni,Unknown,Sindičić,Orlov kuk,1,0
2018-08-04 21:17:00.000 +0200,Image,66,CRO583,M,Selanec,Orlov kuk,1,0
2014-03-14 07:59:00.000 +0100,Image,64,Pakleni,Unknown,Sindičić,Orlov kuk,1,0
2024-02-26 23:20:00.000 +0100,Image,140,L13 Velebit,Z,Blašković,VAR,1,0
2022-03-26 14:00:00.000 +0100,Image,,,,Blašković,VAR,1,0
2021-07-07 11:45:00.000 +0200,Image,,,,Blašković,VAR,1,0
2021-06-23 15:15:00.000 +0200,Image,,,,Iskrić,VAR,1,0
2021-06-19 08:28:00.000 +0200,Image,217,Toni,M,Blašković,VAR,1,0
2021-12-12 17:10:00.000 +0100,Urine,,,,Blašković,VAR,1,0
2021-09-11 20:40:00.000 +0200,Image,298,Louis,M,Blašković,VAR,1,0
2021-01-17 11:00:00.000 +0100,Sighting,,,,Iskrić,VAR,2,0
2021-05-22 12:00:00.000 +0200,Lynx kill,264,Emil,M,Blašković,VAR,1,0
2023-09-25 22:08:00.000 +0200,Image,,,,Blašković,VAR,1,0
2022-02-19 12:00:00.000 +0100,Image,165,Kazo L23 ,M,Blašković,VAR,1,0
2024-03-05 16:55:00.000 +0100,Image,,,,Blašković,VAR,1,0
2023-01-12 02:13:00.000 +0100,Image,,,,Toplicanec,VAR,2,0
2023-03-29 07:05:00.000 +0200,Image,452,Hvit,Unknown,Salkić,VAR,2,0
2023-10-06 10:03:00.000 +0200,Image,,,,Blašković,VAR,2,1
2021-09-11 18:18:00.000 +0200,Image,,,,Hadzihajdarevic,VAR,1,0
2023-01-05 12:27:00.000 +0100,Image,403,Jere,Unknown,Hadzihajdarevic,VAR,1,0
2022-07-13 03:10:00.000 +0200,Image,,,,Selanec,VAR,1,0
2022-03-17 13:00:00.000 +0100,Sighting,,,,Blašković,VAR,1,0
2023-05-26 20:33:00.000 +0200,Image,233,Nikolina,Z,Blašković,VAR,1,0
2021-10-14 18:00:00.000 +0200,Sighting,,,,Toplicanec,VAR,1,0
2022-03-23 18:00:00.000 +0100,Image,264,Emil,M,Fabijanić,VAR,1,0
2022-02-24 07:06:00.000 +0100,Image,236,Golo trlo 7,Unknown,Selanec,VAR,1,0
2022-05-07 19:19:00.000 +0200,Image,338,Unico (LBiH01),M,Selanec,VAR,1,0
2022-03-08 07:04:00.000 +0100,Image,338,Unico (LBiH01),M,Selanec,VAR,1,0
2022-04-03 05:00:00.000 +0200,Lynx kill,173,Josip L29,M,Tomaić,VAR,1,0
2023-03-03 20:40:00.000 +0100,Image,441,Trubaja,Z,Salkić,VAR,1,0
2022-07-01 20:15:00.000 +0200,Image,,,,Blašković,VAR,1,0
2022-05-25 07:31:00.000 +0200,Image,,,,Blašković,VAR,1,0
2015-01-22 14:00:00.000 +0100,Dead,,,,Hadzihajdarevic,VAR,1,0
2022-01-15 14:00:00.000 +0100,Footprint,,,,Rukavina,VAR,1,0
2023-11-06 08:19:00.000 +0100,Image,192,Crno jezero 2,Z,Blašković,VAR,1,0
2022-06-05 19:00:00.000 +0200,Image,,,,Blašković,VAR,1,0
2023-10-20 08:40:00.000 +0200,Image,447,Crno jezero2 mladunac 2023,Unknown,Blašković,VAR,2,1
2023-10-20 08:40:00.000 +0200,Image,192,Crno jezero 2,Z,Blašković,VAR,2,1
2022-04-29 18:54:00.000 +0200,Image,,,,Hadzihajdarevic,VAR,1,0
2021-09-30 07:46:00.000 +0200,Sighting,,,,Tomaić,VAR,1,0
2022-12-24 04:05:00.000 +0100,Image,,,,Blašković,VAR,1,0
2022-06-19 13:34:00.000 +0200,Image,,,,Toplicanec,VAR,1,0
2021-08-28 12:00:00.000 +0200,Lynx kill,264,Emil,M,Toplicanec,VAR,1,0
2021-11-23 00:15:00.000 +0100,Image,,,,Toplicanec,VAR,1,0
2022-08-04 12:00:00.000 +0200,Footprint,,,,Blašković,VAR,1,0
2022-04-15 12:00:00.000 +0200,Lynx kill,173,Josip L29,M,Tomaić,VAR,1,0
2022-05-15 12:00:00.000 +0200,Scat,,,,Blašković,VAR,1,0
2022-12-13 18:04:00.000 +0100,Image,233,Nikolina,Z,Sindičić,VAR,1,0
2022-12-17 11:07:00.000 +0100,Image,210,Bjorn,M,Sindičić,VAR,1,0
2024-02-19 12:50:00.000 +0100,Image,,,,Slijepčević,VAR,2,2
2021-02-15 20:01:00.000 +0100,Image,,,,Blašković,VAR,1,0
2021-11-30 16:05:00.000 +0100,Image,,,,Blašković,VAR,1,0
2022-03-26 15:00:00.000 +0100,Image,204,Vitrenka,Z,Blašković,VAR,1,0
2023-01-05 17:00:00.000 +0100,Sighting,,,,Fabijanić,VAR,1,0
2021-06-20 13:00:00.000 +0200,Image,338,Unico (LBiH01),M,Blašković,VAR,1,0
2022-11-26 20:01:00.000 +0100,Image,210,Bjorn,M,Sindičić,VAR,1,0
2021-07-29 06:34:00.000 +0200,Image,,,,Blašković,VAR,1,0
2021-05-02 12:00:00.000 +0200,Lynx kill,198,Alojzije L24,M,Selanec,VAR,1,0
2023-10-06 12:00:00.000 +0200,Image,,,,Budinski,VAR,1,0
2022-03-23 22:23:00.000 +0100,Image,,,,Blašković,VAR,1,0
2022-03-09 07:58:00.000 +0100,Image,,,,Fabijanić,VAR,1,0
2022-12-28 20:41:00.000 +0100,Image,410,Kiko,Unknown,Hadzihajdarevic,VAR,1,0
2023-01-16 05:51:00.000 +0100,Image,410,Kiko,Unknown,Hadzihajdarevic,VAR,1,0
2023-07-09 12:00:00.000 +0200,Image,,,,Reljić,VAR,1,0
2022-10-19 09:39:00.000 +0200,Image,224,Prpa,M,Blašković,VAR,1,0
2023-03-23 13:00:00.000 +0100,Image,,,,Blašković,VAR,1,0
2023-10-14 00:22:00.000 +0200,Image,,,,Budinski,VAR,1,0
2022-01-22 23:59:00.000 +0100,Image,,,,Selanec,VAR,1,0
2021-10-01 12:00:00.000 +0200,Sighting,,,,Toplicanec,VAR,1,0
2023-04-22 12:00:00.000 +0200,Image,,,,Toplicanec,VAR,1,0
2022-09-29 07:51:00.000 +0200,Image,,,,Blašković,VAR,2,1
2022-05-21 14:00:00.000 +0200,Image,204,Vitrenka,Z,Blašković,VAR,1,0
2024-01-28 13:00:00.000 +0100,Image,,,,Toplicanec,VAR,1,0
2022-02-28 22:50:00.000 +0100,Sighting,,,,Slijepčević,VAR,1,0
2023-04-21 12:00:00.000 +0200,Image,,,,Toplicanec,VAR,1,0
2024-01-19 12:21:00.000 +0100,Image,,,,Blašković,VAR,1,0
2021-05-24 12:00:00.000 +0200,Lynx kill,203,Boris,M,Blašković,VAR,1,0
2022-01-27 06:04:00.000 +0100,Image,210,Bjorn,M,Blašković,VAR,1,0
2024-05-12 12:00:00.000 +0200,Sighting,,,,Blašković,VAR,1,0
2024-04-05 20:59:00.000 +0200,Sighting,,,,Blašković,VAR,1,0
2023-02-13 03:25:00.000 +0100,Image,264,Emil,M,Salkić,VAR,1,0
2023-03-24 22:30:00.000 +0100,Image,173,Josip L29,M,Salkić,VAR,1,0
2021-09-18 12:00:00.000 +0200,Image,,,,Blašković,VAR,4,3
2023-03-27 07:23:00.000 +0200,Image,224,Prpa,M,Salkić,VAR,1,0
2023-03-23 21:36:00.000 +0100,Image,264,Emil,M,Salkić,VAR,1,0
2022-01-17 00:01:00.000 +0100,Image,,,,Blašković,VAR,1,0
2023-03-21 01:54:00.000 +0100,Image,224,Prpa,M,Salkić,VAR,1,0
2023-03-20 16:45:00.000 +0100,Image,224,Prpa,M,Salkić,VAR,1,0
2021-12-18 14:54:00.000 +0100,Footprint,,,,Slijepčević,VAR,1,0
2024-05-05 20:38:00.000 +0200,Image,,,,Sindičić,VAR,1,0
2022-11-03 21:57:00.000 +0100,Image,338,Unico (LBiH01),M,Blašković,VAR,1,0
2022-11-07 13:57:00.000 +0100,Image,257,Kira,Z,Toplicanec,VAR,1,0
2022-05-03 06:56:00.000 +0200,Image,224,Prpa,M,Rukavina,VAR,1,0
2022-12-25 02:02:00.000 +0100,Image,275,Mila,Unknown,Iskrić,VAR,1,0
2024-02-13 23:23:00.000 +0100,Image,224,Prpa,M,Blazevic,VAR,1,0
2024-03-01 17:57:00.000 +0100,Image,448,Zabnik 1 ,Unknown,Toplicanec,VAR,1,0
2024-02-20 06:50:00.000 +0100,Image,4,Spot,Z,Slijepčević,VAR,1,0
2022-03-03 12:00:00.000 +0100,Footprint,,,,Blašković,VAR,1,0
2024-01-26 07:05:00.000 +0100,Image,448,Zabnik 1 ,Unknown,Modrić,VAR,1,0
2022-06-13 04:05:00.000 +0200,Image,,,,Blašković,VAR,1,0
2024-03-12 14:00:00.000 +0100,Image,181,Pandora L31,M,Salkić,VAR,1,0
2022-04-24 12:00:00.000 +0200,Image,247,Vedran,M,Blašković,VAR,1,0
2022-03-16 02:14:00.000 +0100,Image,338,Unico (LBiH01),M,Selanec,VAR,1,0
2024-03-16 15:40:00.000 +0100,Image,210,Bjorn,M,Toplicanec,VAR,1,0
2024-02-18 19:03:00.000 +0100,Image,420,Kras L34,M,Slijepčević,VAR,1,0
2023-07-13 12:00:00.000 +0200,Image,384,Jurja,Z,Toplicanec,VAR,2,1
2023-02-03 17:33:00.000 +0100,Image,,,,Sindičić,VAR,1,0
2022-09-16 23:09:00.000 +0200,Image,,,,Blašković,VAR,1,0
2023-01-04 16:51:00.000 +0100,Image,,,,Sindičić,VAR,1,0
2022-12-25 18:24:00.000 +0100,Image,,,,Blašković,VAR,1,0
2023-01-16 06:57:00.000 +0100,Image,,,,Blašković,VAR,1,0
2021-08-12 07:50:00.000 +0200,Image,98,Fulir,Unknown,Blašković,VAR,1,0
2022-10-23 04:48:00.000 +0200,Image,,,,Blašković,VAR,1,0
2022-11-29 07:05:00.000 +0100,Image,,,,Blašković,VAR,1,0
2023-01-07 18:37:00.000 +0100,Image,,,,Blašković,VAR,1,0
2021-12-24 17:30:00.000 +0100,Sighting,,,,Blašković,VAR,1,0
2023-11-23 14:00:00.000 +0100,Image,,,,Blašković,VAR,2,2
2022-10-08 12:00:00.000 +0200,Lynx kill,,,,Rukavina,VAR,1,0
2022-02-09 00:59:00.000 +0100,Image,,,,Blašković,VAR,1,0
2022-01-18 00:17:00.000 +0100,Image,,,,Blašković,VAR,1,0
2022-07-03 08:00:00.000 +0200,Image,,,,Fabijanić,VAR,1,0
2022-05-04 20:28:00.000 +0200,Image,,,,Hadzihajdarevic,VAR,1,0
2022-09-07 00:21:00.000 +0200,Image,,,,Blašković,VAR,1,0
2022-04-11 19:20:00.000 +0200,Image,,,,Blašković,VAR,1,0
2022-02-09 02:27:00.000 +0100,Image,,,,Blašković,VAR,1,0
2022-12-25 16:44:00.000 +0100,Image,210,Bjorn,M,Blašković,VAR,1,0
2016-05-30 02:24:00.000 +0200,Image,241,Medina Gora 2016,Unknown,Gužvica,VAR,1,0
2023-03-24 18:41:00.000 +0100,Image,,,,Blašković,VAR,3,2
2023-11-02 23:05:00.000 +0100,Image,,,,Blašković,VAR,1,0
2021-11-22 00:51:00.000 +0100,Image,,,,Blašković,VAR,3,2
2021-12-27 21:41:00.000 +0100,Image,,,,Blašković,VAR,1,0
2022-08-18 12:00:00.000 +0200,Image,,,,Blašković,VAR,1,0
2022-10-07 11:09:00.000 +0200,Image,,,,Fabijanić,VAR,1,0
2022-12-24 04:53:00.000 +0100,Image,210,Bjorn,M,Blašković,VAR,1,0
2022-09-20 04:40:00.000 +0200,Image,441,Trubaja,Z,Salkić,VAR,1,0
2023-03-20 07:31:00.000 +0100,Image,247,Vedran,M,Blašković,VAR,1,0
2023-03-07 20:37:00.000 +0100,Image,210,Bjorn,M,Blašković,VAR,1,0
2023-01-01 18:30:00.000 +0100,Image,,,,Iskrić,VAR,1,0
2024-03-13 21:00:00.000 +0100,Sighting,,,,Blašković,VAR,1,0
2021-05-12 12:00:00.000 +0200,Sighting,,,,Blašković,VAR,1,0
2022-10-07 09:15:00.000 +0200,Image,,,,Blašković,VAR,1,0
2023-03-03 14:34:00.000 +0100,Image,210,Bjorn,M,Blašković,VAR,1,0
2023-05-25 19:35:00.000 +0200,Image,,,,Toplicanec,VAR,1,0
2023-02-18 22:59:00.000 +0100,Image,210,Bjorn,M,Blašković,VAR,1,0
2022-12-26 14:00:00.000 +0100,Footprint,,,,Toplicanec,VAR,1,0
2021-03-06 09:25:00.000 +0100,Image,,,,Blašković,VAR,1,0
2016-05-19 03:15:00.000 +0200,Image,240,Varošina 2016,Unknown,Gužvica,VAR,1,0
2023-02-03 18:12:00.000 +0100,Image,210,Bjorn,M,Blašković,VAR,1,0
2024-03-05 15:55:00.000 +0100,Lynx kill,,,,Blašković,VAR,1,0
2023-11-24 11:45:00.000 +0100,Image,,,,Blašković,VAR,1,1
2023-02-03 21:08:00.000 +0100,Image,210,Bjorn,M,Blašković,VAR,1,0
2022-01-01 01:00:00.000 +0100,Image,,,,Blašković,VAR,1,0
2023-06-18 09:00:00.000 +0200,Image,224,Prpa,M,Blašković,VAR,1,0
2023-07-03 20:25:00.000 +0200,Image,374,Djuro,M,Blašković,VAR,1,0
2023-10-13 22:00:00.000 +0200,Image,,,,Blašković,VAR,1,0
2023-06-24 20:03:00.000 +0200,Image,420,Kras L34,M,Slijepčević,VAR,1,0
2024-03-12 21:40:00.000 +0100,Image,210,Bjorn,M,Toplicanec,VAR,1,0
2024-04-20 17:00:00.000 +0200,Image,247,Vedran,M,Blašković,VAR,1,0
2023-01-28 17:33:00.000 +0100,Image,210,Bjorn,M,Blašković,VAR,1,0
2022-03-30 05:01:00.000 +0200,Image,325,Gaia,Unknown,Selanec,VAR,1,0
2022-04-07 10:00:00.000 +0200,Footprint,,,,Toplicanec,VAR,1,0
2023-01-13 14:30:00.000 +0100,Footprint,,,,Iskrić,VAR,1,0
2024-04-14 08:36:00.000 +0200,Image,355,Lubomir,M,Toplicanec,VAR,1,0
2022-04-21 01:01:00.000 +0200,Image,264,Emil,M,Blašković,VAR,1,0
2021-02-15 07:06:00.000 +0100,Image,,,,Blašković,VAR,1,0
2023-04-05 20:00:00.000 +0200,Image,,,,Blašković,VAR,1,0
2023-01-16 06:55:00.000 +0100,Image,233,Nikolina,Z,Blašković,VAR,1,0
2023-01-03 02:40:00.000 +0100,Image,210,Bjorn,M,Blašković,VAR,1,0
2022-02-13 06:31:00.000 +0100,Image,,,,Sindičić,VAR,1,0
2024-02-01 13:00:00.000 +0100,Image,198,Alojzije L24,M,Špalj,VAR,1,0
2024-01-31 18:53:00.000 +0100,Image,448,Zabnik 1 ,Unknown,Modrić,VAR,1,0
2022-12-02 21:35:00.000 +0100,Image,210,Bjorn,M,Sindičić,VAR,1,0
2023-04-05 23:59:00.000 +0200,Image,224,Prpa,M,Salkić,VAR,1,0
2022-02-18 18:30:00.000 +0100,Image,270,Matea,Z,Selanec,VAR,1,0
2024-05-03 12:00:00.000 +0200,Dead,455,LCRO26,Unknown,Toplicanec,VAR,1,0
2021-06-24 04:40:00.000 +0200,Image,,,,Blašković,VAR,1,0
2021-07-01 09:15:00.000 +0200,Image,,,,Blašković,VAR,1,0
2023-09-20 12:00:00.000 +0200,Unknown,,,,Blašković,VAR,1,0
2022-12-23 20:05:00.000 +0100,Image,247,Vedran,M,Blašković,VAR,1,0
2020-10-14 00:42:00.000 +0200,Image,312,Figo,Z,Kusak,VAR,1,0
2021-06-11 00:03:00.000 +0200,Image,,,,Blašković,VAR,1,0
2022-06-28 17:00:00.000 +0200,Image,173,Josip L29,M,Blašković,VAR,1,0
2022-07-26 21:24:00.000 +0200,Image,,,,Blašković,VAR,1,0
2022-10-03 17:43:00.000 +0200,Image,396,Mladunac Rizvanusa 2022,Unknown,Blašković,VAR,1,1
2023-03-28 18:06:00.000 +0200,Image,224,Prpa,M,Salkić,VAR,1,0
2022-06-03 19:21:00.000 +0200,Image,233,Nikolina,Z,Blašković,VAR,1,0
2022-10-12 10:39:00.000 +0200,Image,224,Prpa,M,Blašković,VAR,1,0
2022-09-08 06:15:00.000 +0200,Image,312,Figo,Z,Blašković,VAR,1,0
2023-03-25 12:03:00.000 +0100,Image,224,Prpa,M,Salkić,VAR,1,0
2021-05-17 13:51:00.000 +0200,Image,,,,Blašković,VAR,1,0
2022-12-08 13:20:00.000 +0100,Footprint,,,,Iskrić,VAR,1,0
2021-12-19 17:03:00.000 +0100,Image,,,,Slijepčević,VAR,3,2
2021-07-17 10:59:00.000 +0200,Image,,,,Blašković,VAR,1,0
2020-12-19 03:01:00.000 +0100,Image,,,,Blašković,VAR,1,0
2022-10-01 04:18:00.000 +0200,Image,418,Shiny mladunac2 2022,Unknown,Blašković,VAR,2,2
2022-04-19 12:00:00.000 +0200,Sighting,,,,Blašković,VAR,1,0
2024-05-14 19:06:00.000 +0200,Image,210,Bjorn,M,Slijepčević,VAR,1,0
2021-03-22 21:44:00.000 +0100,Image,,,,Blašković,VAR,1,0
2023-05-05 12:00:00.000 +0200,Image,,,,Blašković,VAR,1,0
2021-12-01 16:45:00.000 +0100,Image,,,,Blašković,VAR,3,3
2022-08-12 21:18:00.000 +0200,Image,,,,Blašković,VAR,1,0
2022-06-26 04:13:00.000 +0200,Image,380,Tara,Z,Blašković,VAR,1,0
2023-01-11 14:45:00.000 +0100,Footprint,,,,Fabijanić,VAR,1,0
2023-07-12 12:00:00.000 +0200,Image,,,,Blašković,VAR,1,0
2022-03-12 16:00:00.000 +0100,Footprint,,,,Blašković,VAR,1,0
2022-12-17 06:45:00.000 +0100,Image,210,Bjorn,M,Sindičić,VAR,1,0
2022-12-18 09:37:00.000 +0100,Image,98,Fulir,Unknown,Sindičić,VAR,1,0
2023-01-08 14:00:00.000 +0100,Image,,,,Blašković,VAR,1,0
2022-12-13 18:07:00.000 +0100,Image,409,Una,Unknown,Hadzihajdarevic,VAR,1,0
2022-12-11 20:15:00.000 +0100,Image,408,HaRis,Unknown,Hadzihajdarevic,VAR,1,0
2022-12-17 21:29:00.000 +0100,Image,185,Plješivica BiH,Unknown,Hadzihajdarevic,VAR,1,0
2023-01-13 02:41:00.000 +0100,Image,,,,Toplicanec,VAR,1,0
2021-06-07 19:42:00.000 +0200,Image,,,,Blašković,VAR,1,0
2022-07-30 20:00:00.000 +0200,Image,,,,Selanec,VAR,1,0
2022-12-25 16:12:00.000 +0100,Image,409,Una,Unknown,Hadzihajdarevic,VAR,1,0
2022-03-02 10:00:00.000 +0100,Footprint,,,,Blašković,VAR,1,0
2023-10-30 13:00:00.000 +0100,Image,,,,Blašković,VAR,1,0
2023-02-24 05:40:00.000 +0100,Image,,,,Blašković,VAR,1,0
2022-03-30 07:00:00.000 +0200,Sighting,,,,Toplicanec,VAR,1,0
2022-10-01 04:18:00.000 +0200,Image,417,Shiny mladunac1 2022,Unknown,Blašković,VAR,2,2
2022-07-12 10:39:00.000 +0200,Image,,,,Blašković,VAR,1,0
2024-01-11 06:21:00.000 +0100,Image,198,Alojzije L24,M,Špalj,VAR,1,0
2022-07-28 11:07:00.000 +0200,Sighting,,,,Iskrić,VAR,1,0
2023-01-15 23:45:00.000 +0100,Image,,,,Krmpotić,VAR,1,0
2022-03-19 07:00:00.000 +0100,Sighting,,,,Fabijanić,VAR,1,0
2022-10-01 04:05:00.000 +0200,Image,418,Shiny mladunac2 2022,Unknown,Blašković,VAR,3,2
2023-01-29 20:54:00.000 +0100,Image,204,Vitrenka,Z,Blašković,VAR,1,0
2022-10-01 04:05:00.000 +0200,Image,417,Shiny mladunac1 2022,Unknown,Blašković,VAR,3,2
2022-10-01 04:05:00.000 +0200,Image,314,Shiny,Unknown,Blašković,VAR,3,2
2022-03-04 18:50:00.000 +0100,Image,204,Vitrenka,Z,Toplicanec,VAR,1,0
2022-10-10 21:35:00.000 +0200,Image,,,,Selanec,VAR,1,0
2022-12-27 17:33:00.000 +0100,Image,224,Prpa,M,Blašković,VAR,1,0
2022-06-29 14:00:00.000 +0200,Image,,,,Blašković,VAR,1,0
2022-07-06 12:00:00.000 +0200,Image,,,,Blašković,VAR,1,0
2022-03-09 13:49:00.000 +0100,Image,386,Benjamin,Unknown,Selanec,VAR,1,0
2019-03-10 00:00:00.000 +0100,Image,,,,Selanec,VAR,1,0
2022-03-09 18:18:00.000 +0100,Image,,,,Blašković,VAR,1,0
2023-01-01 20:21:00.000 +0100,Image,,,,Fabijanić,VAR,1,0
2023-01-05 08:10:00.000 +0100,Image,,,,Hadzihajdarevic,VAR,1,0
2022-07-28 12:25:00.000 +0200,Image,181,Pandora L31,M,Tomaić,VAR,1,0
2022-11-26 20:53:00.000 +0100,Image,210,Bjorn,M,Sindičić,VAR,1,0
2020-02-07 03:10:00.000 +0100,Image,,,,Blašković,VAR,1,0
2021-11-29 01:15:00.000 +0100,Image,,,,Toplicanec,VAR,1,0
2019-03-05 13:00:00.000 +0100,Image,179,Larisa Ares,Unknown,Toplicanec,,1,0
2020-01-25 17:58:00.000 +0100,Image,185,Plješivica BiH,Unknown,Slijepčević,,1,0
2020-06-30 06:50:00.000 +0200,Image,220,Šiljo,M,Slijepčević,,1,0
2019-08-22 00:02:00.000 +0200,Image,189,R6,Unknown,Rukavina,,1,0
2020-08-12 15:24:00.000 +0200,Image,4,Spot,Z,Slijepčević,,1,0
2020-02-18 14:51:00.000 +0100,Image,156,Stipe L20,M,Gomerčić,,1,0
2020-02-27 09:11:00.000 +0100,Image,156,Stipe L20,M,Gomerčić,,1,0
2020-02-28 01:05:00.000 +0100,Image,156,Stipe L20,M,Gomerčić,,1,0
2020-02-12 05:05:00.000 +0100,Image,156,Stipe L20,M,Gomerčić,,1,0
2018-01-08 02:50:00.000 +0100,Image,182,Brana,Z,Tomaić,,1,0
2018-02-04 15:53:00.000 +0100,Image,182,Brana,Z,Tomaić,,1,0
2018-03-15 15:09:00.000 +0100,Image,75,Iris,Z,Tomaić,,1,1
2018-03-19 10:36:00.000 +0100,Image,180,Buna,Z,Tomaić,,1,0
2018-03-22 13:23:00.000 +0100,Image,72,Pačo,M,Tomaić,,1,0
2018-03-31 20:10:00.000 +0200,Image,180,Buna,Z,Tomaić,,1,0
2018-03-31 20:10:00.000 +0200,Image,182,Brana,Z,Tomaić,,1,0
2018-04-15 18:05:00.000 +0200,Image,75,Iris,Z,Tomaić,,1,0
2018-05-11 19:44:00.000 +0200,Image,182,Brana,Z,Tomaić,,1,0
2018-05-12 06:09:00.000 +0200,Image,75,Iris,Z,Tomaić,,1,0
2018-05-17 23:32:00.000 +0200,Image,184,Ćina,Z,Tomaić,,1,0
2018-05-19 22:03:00.000 +0200,Image,72,Pačo,M,Tomaić,,1,0
2018-05-19 22:05:00.000 +0200,Image,184,Ćina,Z,Tomaić,,1,0
2018-05-20 03:05:00.000 +0200,Image,184,Ćina,Z,Tomaić,,1,0
2018-05-21 00:51:00.000 +0200,Image,72,Pačo,M,Tomaić,,1,0
2018-05-27 01:36:00.000 +0200,Image,72,Pačo,M,Tomaić,,1,0
2018-06-09 20:50:00.000 +0200,Image,72,Pačo,M,Tomaić,,1,0
2018-06-18 08:01:00.000 +0200,Image,75,Iris,Z,Tomaić,,1,0
2018-08-15 18:31:00.000 +0200,Image,180,Buna,Z,Tomaić,,1,0
2018-12-19 14:38:00.000 +0100,Image,75,Iris,Z,Tomaić,,1,0
2018-12-27 21:46:00.000 +0100,Image,75,Iris,Z,Tomaić,,1,0
2019-01-03 16:44:00.000 +0100,Image,75,Iris,Z,Tomaić,,1,0
2019-01-13 04:28:00.000 +0100,Image,182,Brana,Z,Tomaić,,3,2
2019-02-16 23:47:00.000 +0100,Image,181,Pandora L31,M,Tomaić,,1,0
2019-02-21 03:20:00.000 +0100,Image,72,Pačo,M,Tomaić,,1,0
2019-02-23 20:16:00.000 +0100,Image,72,Pačo,M,Tomaić,,1,0
2019-03-05 19:45:00.000 +0100,Image,72,Pačo,M,Tomaić,,1,0
2019-03-08 09:24:00.000 +0100,Image,181,Pandora L31,M,Tomaić,,1,0
2019-03-09 14:13:00.000 +0100,Image,72,Pačo,M,Tomaić,,1,0
2019-03-10 13:37:00.000 +0100,Image,72,Pačo,M,Tomaić,,1,0
2019-03-12 19:09:00.000 +0100,Image,72,Pačo,M,Tomaić,,1,0
2019-03-14 11:23:00.000 +0100,Image,181,Pandora L31,M,Tomaić,,1,0
2019-03-16 01:17:00.000 +0100,Image,72,Pačo,M,Tomaić,,1,0
2019-03-16 11:42:00.000 +0100,Image,181,Pandora L31,M,Tomaić,,1,0
2019-03-24 22:51:00.000 +0100,Image,75,Iris,Z,Tomaić,,1,0
2019-04-03 00:48:00.000 +0200,Image,181,Pandora L31,M,Tomaić,,1,0
2019-04-05 00:55:00.000 +0200,Image,75,Iris,Z,Tomaić,,1,0
2019-04-06 16:56:00.000 +0200,Image,181,Pandora L31,M,Tomaić,,1,0
2019-04-08 02:07:00.000 +0200,Image,181,Pandora L31,M,Tomaić,,1,0
2019-04-10 08:26:00.000 +0200,Image,72,Pačo,M,Tomaić,,1,0
2019-04-15 00:39:00.000 +0200,Image,181,Pandora L31,M,Tomaić,,1,0
2019-04-21 06:30:00.000 +0200,Image,182,Brana,Z,Tomaić,,1,0
2019-05-04 18:44:00.000 +0200,Image,72,Pačo,M,Tomaić,,1,0
2019-05-09 16:03:00.000 +0200,Image,72,Pačo,M,Tomaić,,1,0
2019-05-27 03:18:00.000 +0200,Image,72,Pačo,M,Tomaić,,1,0
2019-06-03 16:19:00.000 +0200,Image,72,Pačo,M,Tomaić,,1,0
2019-06-08 04:27:00.000 +0200,Image,182,Brana,Z,Tomaić,,1,0
2019-06-19 02:32:00.000 +0200,Image,72,Pačo,M,Tomaić,,1,0
2019-06-30 19:46:00.000 +0200,Image,72,Pačo,M,Tomaić,,1,0
2019-07-14 08:00:00.000 +0200,Image,72,Pačo,M,Tomaić,,1,0
2019-08-07 03:41:00.000 +0200,Image,181,Pandora L31,M,Tomaić,,1,0
2019-08-18 13:54:00.000 +0200,Image,181,Pandora L31,M,Tomaić,,1,0
2019-08-30 07:20:00.000 +0200,Image,75,Iris,Z,Tomaić,,1,0
2019-08-30 22:53:00.000 +0200,Image,75,Iris,Z,Tomaić,,2,1
2019-09-30 18:32:00.000 +0200,Image,72,Pačo,M,Tomaić,,1,0
2019-10-05 04:18:00.000 +0200,Image,181,Pandora L31,M,Tomaić,,1,0
2019-06-14 01:24:00.000 +0200,Image,46,Damir,M,Slijepčević,,1,0
2019-09-16 18:58:00.000 +0200,Image,137,Marta,Z,Slijepčević,,1,0
2020-10-14 21:09:00.000 +0200,Image,202,Vilim,M,Tomaić,,1,0
2020-06-20 09:24:00.000 +0200,Image,231,Malibu,Unknown,Selanec,,1,0
2020-08-26 19:57:00.000 +0200,Image,173,Josip L29,M,Gomerčić,,1,0
2019-10-12 21:17:00.000 +0200,Image,181,Pandora L31,M,Tomaić,,1,0
2019-10-13 17:15:00.000 +0200,Image,84,Gavrilo,Unknown,Tomaić,,1,0
2019-10-19 08:54:00.000 +0200,Image,75,Iris,Z,Tomaić,,4,3
2019-10-20 14:38:00.000 +0200,Image,181,Pandora L31,M,Tomaić,,1,0
2019-10-27 06:57:00.000 +0100,Image,72,Pačo,M,Tomaić,,1,0
2019-10-30 15:12:00.000 +0100,Image,75,Iris,Z,Tomaić,,1,0
2019-10-31 06:47:00.000 +0100,Image,181,Pandora L31,M,Tomaić,,1,0
2019-11-11 01:16:00.000 +0100,Image,181,Pandora L31,M,Tomaić,,1,0
2019-12-06 04:50:00.000 +0100,Image,72,Pačo,M,Tomaić,,1,0
2019-12-26 18:07:00.000 +0100,Image,181,Pandora L31,M,Tomaić,,1,0
2020-01-22 07:00:00.000 +0100,Image,182,Brana,Z,Tomaić,,1,0
2020-01-23 19:46:00.000 +0100,Image,182,Brana,Z,Tomaić,,1,0
2020-01-27 04:40:00.000 +0100,Image,181,Pandora L31,M,Tomaić,,1,0
2020-01-31 23:06:00.000 +0100,Image,181,Pandora L31,M,Tomaić,,1,0
2018-04-02 07:35:00.000 +0200,Image,75,Iris,Z,Tomaić,,2,1
2018-04-02 07:35:00.000 +0200,Image,180,Buna,Z,Tomaić,,2,1
2018-03-20 00:53:00.000 +0100,Image,75,Iris,Z,Tomaić,,2,1
2018-03-20 00:53:00.000 +0100,Image,180,Buna,Z,Tomaić,,2,1
2018-01-26 19:21:00.000 +0100,Image,75,Iris,Z,Tomaić,,2,1
2018-01-26 19:21:00.000 +0100,Image,180,Buna,Z,Tomaić,,2,1
2022-10-15 19:23:00.000 +0200,Image,181,Pandora L31,M,Krmpotić,,1,0
2022-04-04 22:56:00.000 +0200,Image,210,Bjorn,M,Blašković,,1,0
2018-10-19 04:28:00.000 +0200,Image,180,Buna,Z,Tomaić,,1,0
2018-11-01 09:30:00.000 +0100,Image,180,Buna,Z,Tomaić,,1,0
2018-06-29 20:20:00.000 +0200,Image,180,Buna,Z,Tomaić,,1,0
2020-05-09 23:45:00.000 +0200,Image,223,Suzi,Z,Tomaić,,1,0
2019-03-29 06:20:00.000 +0100,Image,180,Buna,Z,Toplicanec,,1,0
2019-06-03 07:48:00.000 +0200,Image,191,Crno jezero 1,Unknown,Gomerčić,,1,0
2019-06-06 07:18:00.000 +0200,Image,192,Crno jezero 2,Z,Gomerčić,,1,0
2019-09-12 11:29:00.000 +0200,Image,193,Crno jezero 3,Z,Gomerčić,,2,1
2019-09-12 11:29:00.000 +0200,Image,194,Crno jezero 3 mladunac 2019,Unknown,Gomerčić,,2,1
2019-02-24 14:45:00.000 +0100,Image,161,Tamara,Z,Selanec,,3,2
2019-02-24 14:45:00.000 +0100,Image,196,Tamara mlado2 2019,Unknown,Selanec,,3,2
2019-02-24 14:45:00.000 +0100,Image,195,Tamara mlado1 2019,Unknown,Selanec,,3,2
2022-06-03 07:22:00.000 +0200,Image,14,Goran ZIP L09,M,Iskrić,,1,0
2020-03-01 01:23:00.000 +0100,Image,99,Godaca 2,Z,Gomerčić,,1,0
2020-03-04 16:08:00.000 +0100,Image,179,Larisa Ares,Unknown,Sindičić,,1,0
2018-10-27 07:19:00.000 +0200,Image,84,Gavrilo,Unknown,Tomaić,,1,0
2018-10-30 11:43:00.000 +0100,Image,84,Gavrilo,Unknown,Tomaić,,1,0
2018-10-31 20:03:00.000 +0100,Image,84,Gavrilo,Unknown,Perković,,1,0
2020-03-31 15:46:00.000 +0200,Image,66,CRO583,M,Sindičić,,1,0
2018-12-28 06:50:00.000 +0100,Image,4,Spot,Z,Slijepčević,,3,2
2018-12-19 07:53:00.000 +0100,Image,4,Spot,Z,Slijepčević,,3,2
2019-12-26 18:49:00.000 +0100,Image,179,Larisa Ares,Unknown,Toplicanec,,1,0
2020-04-08 15:08:00.000 +0200,Image,179,Larisa Ares,Unknown,Sindičić,,1,0
2020-04-21 13:03:00.000 +0200,Image,179,Larisa Ares,Unknown,Sindičić,,1,0
2020-04-21 07:11:00.000 +0200,Image,88,L9 Velebit,M,Toplicanec,,1,0
2020-04-29 18:58:00.000 +0200,Image,156,Stipe L20,M,Gomerčić,,1,0
2020-04-10 07:40:00.000 +0200,Image,156,Stipe L20,M,Gomerčić,,1,0
2020-09-07 04:11:00.000 +0200,Image,180,Buna,Z,Rukavina,,1,0
2020-05-13 18:13:00.000 +0200,Image,99,Godaca 2,Z,Gomerčić,,1,0
2020-01-17 03:10:00.000 +0100,Image,98,Fulir,Unknown,Gomerčić,,1,0
2019-12-30 16:30:00.000 +0100,Image,192,Crno jezero 2,Z,Gomerčić,,1,0
2019-10-17 07:53:00.000 +0200,Image,192,Crno jezero 2,Z,Gomerčić,,1,0
2019-01-04 14:35:00.000 +0100,Image,88,L9 Velebit,M,Rukavina,,1,0
2019-11-20 05:49:00.000 +0100,Image,35,Stella L13,Unknown,Ivanov,,1,0
2022-08-20 14:55:00.000 +0200,Image,366,Spot mladunac 2022,Unknown,Iskrić,,2,1
2020-05-27 21:29:00.000 +0200,Image,224,Prpa,M,Rukavina,,1,0
2020-04-14 10:34:00.000 +0200,Image,197,Bela Gama,Z,Slijepčević,,1,0
2020-05-27 12:00:00.000 +0200,Image,51,CRO372,M,Slijepčević,,1,0
2020-03-22 17:29:00.000 +0100,Image,4,Spot,Z,Slijepčević,,1,0
2020-05-13 17:34:00.000 +0200,Image,72,Pačo,M,Tomaić,,1,0
2018-10-18 22:24:00.000 +0200,Image,98,Fulir,Unknown,Gomerčić,,1,0
2019-10-23 08:30:00.000 +0200,Image,156,Stipe L20,M,Gomerčić,,1,0
2019-10-11 19:05:00.000 +0200,Image,156,Stipe L20,M,Gomerčić,,1,0
2019-11-26 08:04:00.000 +0100,Image,156,Stipe L20,M,Gomerčić,,1,0
2019-11-26 21:26:00.000 +0100,Image,156,Stipe L20,M,Gomerčić,,1,0
2019-09-28 20:19:00.000 +0200,Image,170,Orbis,Unknown,Gomerčić,,1,0
2019-12-25 06:24:00.000 +0100,Image,170,Orbis,Unknown,Gomerčić,,1,0
2019-10-14 05:02:00.000 +0200,Image,176,Golo trlo 5,Unknown,Gomerčić,,1,0
2019-10-27 18:53:00.000 +0100,Image,176,Golo trlo 5,Unknown,Gomerčić,,1,0
2019-12-28 21:35:00.000 +0100,Image,176,Golo trlo 5,Unknown,Gomerčić,,1,0
2020-02-01 03:18:00.000 +0100,Image,176,Golo trlo 5,Unknown,Gomerčić,,1,0
2019-12-10 04:29:00.000 +0100,Image,156,Stipe L20,M,Gomerčić,,1,0
2019-12-19 02:40:00.000 +0100,Image,170,Orbis,Unknown,Gomerčić,,1,0
2019-11-29 23:26:00.000 +0100,Image,186,Golo trlo 6,Z,Gomerčić,,1,0
2020-03-04 00:34:00.000 +0100,Image,170,Orbis,Unknown,Gomerčić,,1,0
2020-02-25 02:47:00.000 +0100,Image,170,Orbis,Unknown,Gomerčić,,1,0
2020-05-14 06:15:00.000 +0200,Image,170,Orbis,Unknown,Gomerčić,,1,0
2019-03-03 22:59:00.000 +0100,Image,98,Fulir,Unknown,Gomerčić,,1,0
2019-03-09 21:51:00.000 +0100,Image,98,Fulir,Unknown,Gomerčić,,1,0
2019-12-08 03:03:00.000 +0100,Image,170,Orbis,Unknown,Gomerčić,,1,0
2020-02-28 15:04:00.000 +0100,Image,173,Josip L29,M,Tomaić,,1,0
2020-04-07 17:10:00.000 +0200,Image,173,Josip L29,M,Tomaić,,1,0
2020-01-21 19:15:00.000 +0100,Image,174,Irena,Z,Tomaić,,1,0
2020-02-04 17:57:00.000 +0100,Image,174,Irena,Z,Tomaić,,1,0
2020-02-05 06:18:00.000 +0100,Image,173,Josip L29,M,Tomaić,,1,0
2022-12-15 17:06:00.000 +0100,Image,202,Vilim,M,Tomaić,,1,0
2020-02-03 20:07:00.000 +0100,Image,174,Irena,Z,Tomaić,,1,0
2022-12-25 23:53:00.000 +0100,Image,202,Vilim,M,Tomaić,,1,0
2020-01-08 05:11:00.000 +0100,Image,140,L13 Velebit,Z,Rukavina,,1,0
2022-04-01 20:00:00.000 +0200,Lynx kill,264,Emil,M,Blašković,,1,0
2019-04-26 10:00:00.000 +0200,Image,200,Goru,M,Toplicanec,,1,0
2020-02-20 18:12:00.000 +0100,Image,14,Goran ZIP L09,M,Toplicanec,,1,0
2022-07-21 09:28:00.000 +0200,Image,389,Danielle,Z,Tomaić,,1,0
2020-03-02 21:42:00.000 +0100,Image,167,Mali,Unknown,Toplicanec,,1,1
2020-04-13 03:20:00.000 +0200,Image,14,Goran ZIP L09,M,Toplicanec,,1,0
2020-02-23 21:28:00.000 +0100,Image,166,Zarez,M,Toplicanec,,1,0
2020-04-24 05:18:00.000 +0200,Image,166,Zarez,M,Toplicanec,,1,0
2020-02-15 03:17:00.000 +0100,Image,14,Goran ZIP L09,M,Toplicanec,,1,0
2020-02-18 21:09:00.000 +0100,Image,166,Zarez,M,Toplicanec,,1,0
2020-02-27 12:14:00.000 +0100,Image,166,Zarez,M,Toplicanec,,1,0
2020-03-04 08:25:00.000 +0100,Image,167,Mali,Unknown,Toplicanec,,1,0
2020-03-05 16:50:00.000 +0100,Image,166,Zarez,M,Toplicanec,,1,0
2020-03-06 13:46:00.000 +0100,Image,166,Zarez,M,Toplicanec,,1,0
2020-05-29 18:56:00.000 +0200,Image,66,CRO583,M,Selanec,,1,0
2020-03-08 07:45:00.000 +0100,Image,166,Zarez,M,Toplicanec,,1,0
2020-03-09 06:28:00.000 +0100,Image,181,Pandora L31,M,Sindičić,,1,0
2020-04-07 03:05:00.000 +0200,Image,181,Pandora L31,M,Tomaić,,1,0
2020-05-09 20:27:00.000 +0200,Image,181,Pandora L31,M,Sindičić,,1,0
2022-05-25 20:00:00.000 +0200,Lynx kill,181,Pandora L31,M,Blašković,,1,0
2020-02-03 18:13:00.000 +0100,Image,202,Vilim,M,Tomaić,,1,0
2020-02-10 02:25:00.000 +0100,Image,202,Vilim,M,Tomaić,,1,0
2020-01-09 02:55:00.000 +0100,Image,174,Irena,Z,Tomaić,,1,0
2020-02-09 15:16:00.000 +0100,Image,202,Vilim,M,Tomaić,,1,0
2020-01-27 20:53:00.000 +0100,Image,202,Vilim,M,Tomaić,,1,0
2020-01-29 14:58:00.000 +0100,Image,202,Vilim,M,Tomaić,,1,0
2020-03-02 11:23:00.000 +0100,Image,14,Goran ZIP L09,M,Toplicanec,,1,0
2020-05-12 18:52:00.000 +0200,Image,165,Kazo L23 ,M,Toplicanec,,1,0
2020-06-12 03:11:00.000 +0200,Image,99,Godaca 2,Z,Gomerčić,,1,0
2019-12-28 08:54:00.000 +0100,Image,180,Buna,Z,Rukavina,,1,0
2020-01-06 05:39:00.000 +0100,Image,88,L9 Velebit,M,Rukavina,,1,0
2020-02-24 05:44:00.000 +0100,Image,66,CRO583,M,Rukavina,,1,0
2020-04-10 05:19:00.000 +0200,Image,66,CRO583,M,Rukavina,,1,0
2020-02-04 03:32:00.000 +0100,Image,202,Vilim,M,Tomaić,,1,0
2020-01-25 05:08:00.000 +0100,Image,173,Josip L29,M,Tomaić,,1,0
2019-05-16 19:11:00.000 +0200,Image,35,Stella L13,Unknown,Kusak,,1,0
2019-06-28 13:08:00.000 +0200,Image,153,Malia,Unknown,Kusak,,1,0
2020-04-10 16:50:00.000 +0200,Image,153,Malia,Unknown,Kusak,,1,0
2019-04-25 19:19:00.000 +0200,Image,165,Kazo L23 ,M,Kusak,,1,0
2019-08-07 04:38:00.000 +0200,Image,153,Malia,Unknown,Kusak,,1,0
2019-08-07 19:09:00.000 +0200,Image,156,Stipe L20,M,Kusak,,1,0
2019-09-28 19:31:00.000 +0200,Image,156,Stipe L20,M,Kusak,,1,0
2019-12-19 22:18:00.000 +0100,Image,153,Malia,Unknown,Kusak,,1,0
2020-02-16 20:09:00.000 +0100,Image,35,Stella L13,Unknown,Kusak,,1,0
2019-08-02 06:08:00.000 +0200,Image,148,Vida,Z,Toplicanec,,1,0
2020-02-27 13:52:00.000 +0100,Image,72,Pačo,M,Tomaić,,1,0
2020-03-31 13:30:00.000 +0200,Image,72,Pačo,M,Tomaić,,1,0
2020-02-19 00:48:00.000 +0100,Image,72,Pačo,M,Tomaić,,1,0
2020-03-18 01:34:00.000 +0100,Image,88,L9 Velebit,M,Rukavina,,1,0
2020-03-18 04:22:00.000 +0100,Image,88,L9 Velebit,M,Rukavina,,1,0
2020-04-27 05:21:00.000 +0200,Image,88,L9 Velebit,M,Rukavina,,1,0
2020-05-20 05:57:00.000 +0200,Image,198,Alojzije L24,M,Selanec,,1,0
2020-07-04 19:24:00.000 +0200,Image,198,Alojzije L24,M,Selanec,,1,0
2020-07-03 19:11:00.000 +0200,Image,66,CRO583,M,Selanec,,1,0
2020-07-27 18:31:00.000 +0200,Image,204,Vitrenka,Z,Selanec,,1,0
2020-01-18 14:00:00.000 +0100,Image,204,Vitrenka,Z,Selanec,,1,0
2020-08-06 00:00:00.000 +0200,Dead,205,Martina L22,Z,Sindičić,,1,0
2020-06-12 22:02:00.000 +0200,Image,98,Fulir,Unknown,Gomerčić,,1,0
2020-06-24 13:58:00.000 +0200,Image,98,Fulir,Unknown,Gomerčić,,1,0
2020-06-24 15:10:00.000 +0200,Image,98,Fulir,Unknown,Gomerčić,,1,0
2020-07-05 13:41:00.000 +0200,Image,98,Fulir,Unknown,Gomerčić,,1,0
2020-07-13 12:45:00.000 +0200,Image,98,Fulir,Unknown,Gomerčić,,1,0
2020-07-19 18:40:00.000 +0200,Image,98,Fulir,Unknown,Gomerčić,,1,0
2020-06-12 23:36:00.000 +0200,Image,98,Fulir,Unknown,Gomerčić,,1,0
2020-06-03 18:42:00.000 +0200,Image,98,Fulir,Unknown,Gomerčić,,1,0
2020-05-31 17:33:00.000 +0200,Image,181,Pandora L31,M,Tomaić,,1,0
2020-06-06 01:05:00.000 +0200,Image,181,Pandora L31,M,Tomaić,,1,0
2020-08-28 18:24:00.000 +0200,Image,202,Vilim,M,Tomaić,,1,0
2020-08-23 02:37:00.000 +0200,Image,170,Orbis,Unknown,Gomerčić,,1,0
2019-07-13 06:06:00.000 +0200,Image,207,Geonatura 2D,Unknown,Ivanov,,1,0
2019-12-26 17:26:00.000 +0100,Image,208,Geonatura 3D,Unknown,Ivanov,,1,0
2019-12-26 17:11:00.000 +0100,Image,208,Geonatura 3D,Unknown,Ivanov,,1,0
2020-03-21 09:41:00.000 +0100,Image,209,Geonatura 4D,Unknown,Ivanov,,1,0
2020-04-19 02:41:00.000 +0200,Image,209,Geonatura 4D,Unknown,Ivanov,,1,0
2019-09-07 16:54:00.000 +0200,Image,210,Bjorn,M,Ivanov,,1,0
2020-02-10 15:32:00.000 +0100,Image,210,Bjorn,M,Ivanov,,1,0
2019-09-05 13:13:00.000 +0200,Image,211,Geonatura 1L,Unknown,Ivanov,,1,0
2019-09-05 10:06:00.000 +0200,Image,211,Geonatura 1L,Unknown,Ivanov,,1,0
2019-11-06 16:13:00.000 +0100,Image,211,Geonatura 1L,Unknown,Ivanov,,1,0
2019-11-29 17:58:00.000 +0100,Image,211,Geonatura 1L,Unknown,Ivanov,,1,0
2019-11-30 16:47:00.000 +0100,Image,211,Geonatura 1L,Unknown,Ivanov,,1,0
2020-03-31 14:40:00.000 +0200,Image,211,Geonatura 1L,Unknown,Ivanov,,1,0
2019-08-13 05:47:00.000 +0200,Image,211,Geonatura 1L,Unknown,Ivanov,,1,0
2019-08-15 05:06:00.000 +0200,Image,211,Geonatura 1L,Unknown,Ivanov,,1,0
2019-08-29 17:16:00.000 +0200,Image,211,Geonatura 1L,Unknown,Ivanov,,1,0
2020-01-27 21:15:00.000 +0100,Image,211,Geonatura 1L,Unknown,Ivanov,,1,0
2019-10-01 20:21:00.000 +0200,Image,211,Geonatura 1L,Unknown,Ivanov,,1,0
2019-08-19 05:18:00.000 +0200,Image,212,Geonatura 3L,Unknown,Ivanov,,1,0
2020-02-21 05:17:00.000 +0100,Image,213,Geonatura 4L,Unknown,Gomerčić,,1,0
2019-06-19 07:14:00.000 +0200,Image,213,Geonatura 4L,Unknown,Ivanov,,1,0
2019-11-08 01:57:00.000 +0100,Image,214,Geonatura 5L,Z,Ivanov,,1,0
2019-11-09 17:28:00.000 +0100,Image,214,Geonatura 5L,Z,Ivanov,,3,2
2019-08-23 06:48:00.000 +0200,Image,215,Geonatura 6L,Unknown,Ivanov,,1,0
2020-04-29 05:50:00.000 +0200,Image,216,Geonatura 7L,Unknown,Ivanov,,1,0
2020-03-12 15:12:00.000 +0100,Image,216,Geonatura 7L,Unknown,Ivanov,,1,0
2020-03-12 08:19:00.000 +0100,Image,216,Geonatura 7L,Unknown,Ivanov,,1,0
2020-03-18 17:23:00.000 +0100,Image,81,Kapela,Unknown,Ivanov,,1,0
2019-09-12 06:08:00.000 +0200,Image,96,Kapela 2,Unknown,Ivanov,,1,0
2019-11-20 05:46:00.000 +0100,Image,35,Stella L13,Unknown,Ivanov,,1,0
2020-03-10 17:59:00.000 +0100,Image,35,Stella L13,Unknown,Ivanov,,1,0
2021-11-12 11:01:00.000 +0100,Image,361,Frida mladunac1 2021,Unknown,Iskrić,,1,1
2020-08-10 18:47:00.000 +0200,Image,204,Vitrenka,Z,Selanec,,1,0
2020-06-25 01:23:00.000 +0200,Image,223,Suzi,Z,Tomaić,,1,0
2022-04-27 14:55:00.000 +0200,Image,99,Godaca 2,Z,Blašković,,1,0
2020-08-23 00:10:00.000 +0200,Image,217,Toni,M,Gomerčić,,1,0
2020-07-28 00:44:00.000 +0200,Image,217,Toni,M,Gomerčić,,1,0
2020-06-30 03:16:00.000 +0200,Image,217,Toni,M,Gomerčić,,1,0
2019-07-31 02:22:00.000 +0200,Image,217,Toni,M,Ivanov,,1,0
2020-03-08 06:08:00.000 +0100,Image,217,Toni,M,Ivanov,,1,0
2019-09-03 20:50:00.000 +0200,Image,217,Toni,M,Ivanov,,1,0
2019-07-27 03:02:00.000 +0200,Image,217,Toni,M,Ivanov,,1,0
2019-12-01 01:13:00.000 +0100,Image,217,Toni,M,Ivanov,,1,0
2020-02-19 02:16:00.000 +0100,Image,217,Toni,M,Ivanov,,1,0
2019-09-13 05:44:00.000 +0200,Image,217,Toni,M,Ivanov,,1,0
2020-02-08 11:29:00.000 +0100,Image,217,Toni,M,Ivanov,,1,0
2019-12-17 04:01:00.000 +0100,Image,217,Toni,M,Ivanov,,1,0
2019-12-08 22:54:00.000 +0100,Image,217,Toni,M,Ivanov,,1,0
2020-08-10 18:06:00.000 +0200,Image,217,Toni,M,Gomerčić,,1,0
2019-09-12 19:03:00.000 +0200,Image,217,Toni,M,Ivanov,,1,0
2019-06-30 05:24:00.000 +0200,Image,217,Toni,M,Ivanov,,1,0
2019-11-30 03:18:00.000 +0100,Image,217,Toni,M,Ivanov,,1,0
2019-08-01 05:30:00.000 +0200,Image,217,Toni,M,Ivanov,,1,0
2020-04-05 17:32:00.000 +0200,Image,217,Toni,M,Ivanov,,1,0
2020-09-13 08:49:00.000 +0200,Image,202,Vilim,M,Tomaić,,1,0
2019-11-12 00:00:00.000 +0100,Caught,205,Martina L22,Z,Sindičić,,1,1
2018-05-25 11:00:00.000 +0200,Hair,45,Paul,M,Slijepčević,,1,0
2019-01-31 17:31:00.000 +0100,Image,66,CRO583,M,Selanec,,1,0
2020-03-21 14:00:00.000 +0100,Image,51,CRO372,M,Slijepčević,,1,0
2020-04-26 12:00:00.000 +0200,Image,150,Rista L18,M,Slijepčević,,1,0
2019-01-11 13:00:00.000 +0100,Hair,85,CRO372_1,Z,Slijepčević,,1,0
2020-07-23 10:00:00.000 +0200,Lynx kill,203,Boris,M,Slijepčević,,1,0
2020-07-20 11:00:00.000 +0200,Lynx kill,203,Boris,M,Slijepčević,,1,0
2020-05-29 12:00:00.000 +0200,Lynx kill,198,Alojzije L24,M,Toplicanec,,1,0
2019-09-24 09:30:00.000 +0200,Lynx kill,150,Rista L18,M,Toplicanec,,1,0
2019-06-17 08:00:00.000 +0200,Lynx kill,101,Doru L19,M,Gomerčić,,1,0
2019-05-14 14:00:00.000 +0200,Lynx kill,101,Doru L19,M,Gomerčić,,1,0
2020-09-24 12:50:00.000 +0200,Image,218,Bojan,M,Slijepčević,,1,0
2020-01-13 07:20:00.000 +0100,Image,173,Josip L29,M,Tomaić,,1,0
2019-09-13 08:14:00.000 +0200,Image,150,Rista L18,M,Slijepčević,,1,0
2019-11-11 14:10:00.000 +0100,Image,219,Jela LCRO21,Z,Slijepčević,,1,0
2022-08-30 10:45:00.000 +0200,Image,14,Goran ZIP L09,M,Iskrić,,1,0
2022-05-31 20:00:00.000 +0200,Image,275,Mila,Unknown,Iskrić,,1,0
2022-10-03 00:37:00.000 +0200,Image,4,Spot,Z,Iskrić,,2,1
2022-10-03 00:37:00.000 +0200,Image,366,Spot mladunac 2022,Unknown,Iskrić,,2,1
2020-10-01 03:55:00.000 +0200,Image,14,Goran ZIP L09,M,Gomerčić,,1,0
2019-11-25 20:20:00.000 +0100,Image,219,Jela LCRO21,Z,Slijepčević,,1,0
2019-12-12 10:28:00.000 +0100,Image,102,CRO327,M,Slijepčević,,1,0
2020-01-29 06:08:00.000 +0100,Image,219,Jela LCRO21,Z,Slijepčević,,1,0
2020-04-01 02:21:00.000 +0200,Image,150,Rista L18,M,Slijepčević,,1,0
2020-03-09 03:47:00.000 +0100,Image,200,Goru,M,Slijepčević,,1,0
2020-08-20 20:29:00.000 +0200,Image,220,Šiljo,M,Slijepčević,,1,0
2020-07-02 18:26:00.000 +0200,Image,220,Šiljo,M,Slijepčević,,1,0
2020-08-10 07:03:00.000 +0200,Image,180,Buna,Z,Rukavina,,1,0
2020-11-08 15:00:00.000 +0100,Scat,173,Josip L29,M,Tomaić,,1,0
2020-10-08 17:00:00.000 +0200,Image,223,Suzi,Z,Toplicanec,,1,0
2020-05-27 17:02:00.000 +0200,Image,224,Prpa,M,Rukavina,,1,0
2020-03-29 20:28:00.000 +0200,Image,4,Spot,Z,Slijepčević,,1,0
2020-04-15 05:34:00.000 +0200,Image,4,Spot,Z,Slijepčević,,1,0
2020-07-20 21:06:00.000 +0200,Image,220,Šiljo,M,Slijepčević,,1,0
2020-09-03 04:16:00.000 +0200,Image,4,Spot,Z,Slijepčević,,1,0
2020-06-28 20:26:00.000 +0200,Image,43,Marko ZIP L16,M,Slijepčević,,1,0
2020-01-24 11:38:00.000 +0100,Image,137,Marta,Z,Slijepčević,,3,2
2020-04-03 01:09:00.000 +0200,Image,137,Marta,Z,Slijepčević,,1,0
2019-12-09 10:38:00.000 +0100,Image,113,CRO329_3,Z,Slijepčević,,1,0
2020-07-17 15:01:00.000 +0200,Image,220,Šiljo,M,Slijepčević,,1,0
2020-08-15 17:21:00.000 +0200,Image,220,Šiljo,M,Slijepčević,,1,0
2019-07-06 20:02:00.000 +0200,Image,46,Damir,M,Slijepčević,,1,0
2019-12-24 18:36:00.000 +0100,Image,137,Marta,Z,Slijepčević,,1,0
2020-09-28 12:15:00.000 +0200,Image,202,Vilim,M,Tomaić,,1,0
2018-12-13 11:23:00.000 +0100,Image,231,Malibu,Unknown,Selanec,,1,0
2020-06-26 22:08:00.000 +0200,Image,66,CRO583,M,Rukavina,,1,0
2018-11-03 06:46:00.000 +0100,Image,233,Nikolina,Z,Gomerčić,,1,0
2020-11-03 23:22:00.000 +0100,Image,233,Nikolina,Z,Slijepčević,,3,2
2022-11-20 20:37:00.000 +0100,Image,374,Djuro,M,Blašković,,1,0
2020-09-13 20:12:00.000 +0200,Image,98,Fulir,Unknown,Blašković,,1,0
2020-10-22 08:16:00.000 +0200,Image,140,L13 Velebit,Z,Rukavina,,2,1
2020-10-22 08:16:00.000 +0200,Image,234,L13 Mladunac 2020,Unknown,Rukavina,,2,1
2020-11-10 17:39:00.000 +0100,Image,154,Silvia ,Z,Rukavina,,1,0
2020-11-03 06:01:00.000 +0100,Image,188,Lux,Z,Rukavina,,2,1
2020-11-03 06:01:00.000 +0100,Image,235,Lux Mladunac 2020,Unknown,Rukavina,,2,1
2020-07-14 03:54:00.000 +0200,Image,188,Lux,Z,Rukavina,,1,0
2020-06-22 05:57:00.000 +0200,Image,236,Golo trlo 7,Unknown,Gomerčić,,1,0
2020-05-23 03:04:00.000 +0200,Image,236,Golo trlo 7,Unknown,Gomerčić,,1,0
2020-10-13 01:05:00.000 +0200,Image,174,Irena,Z,Tomaić,,1,0
2022-01-04 07:44:00.000 +0100,Image,202,Vilim,M,Tomaić,,1,0
2020-11-22 15:00:00.000 +0100,Image,66,CRO583,M,Blašković,,1,0
2020-11-14 05:34:00.000 +0100,Image,14,Goran ZIP L09,M,Blašković,,1,0
2020-11-24 03:22:00.000 +0100,Image,14,Goran ZIP L09,M,Blašković,,1,0
2020-11-24 14:48:00.000 +0100,Image,14,Goran ZIP L09,M,Blašković,,1,0
2020-07-21 16:18:00.000 +0200,Image,14,Goran ZIP L09,M,Blašković,,1,0
2020-11-24 09:59:00.000 +0100,Image,14,Goran ZIP L09,M,Blašković,,1,0
2020-06-14 07:53:00.000 +0200,Image,167,Mali,Unknown,Blašković,,1,0
2020-10-18 14:00:00.000 +0200,Image,166,Zarez,M,Blašković,,1,0
2020-11-06 13:45:00.000 +0100,Image,14,Goran ZIP L09,M,Blašković,,1,0
2020-11-19 00:37:00.000 +0100,Image,166,Zarez,M,Blašković,,1,0
2020-11-24 16:20:00.000 +0100,Image,14,Goran ZIP L09,M,Blašković,,1,0
2020-11-27 15:22:00.000 +0100,Image,166,Zarez,M,Blašković,,1,0
2020-03-03 02:00:00.000 +0100,Image,166,Zarez,M,Toplicanec,,1,0
2020-08-05 04:13:00.000 +0200,Image,228,Mladen LCRO24,M,Slijepčević,,1,0
2020-01-27 03:26:00.000 +0100,Image,238,Novi Ričićko,Z,Toplicanec,,1,0
2020-11-18 19:16:00.000 +0100,Image,238,Novi Ričićko,Z,Blašković,,1,0
2019-02-16 22:04:00.000 +0100,Image,14,Goran ZIP L09,M,Toplicanec,,1,0
2019-02-05 23:13:00.000 +0100,Image,148,Vida,Z,Toplicanec,,1,0
2018-10-18 20:28:00.000 +0200,Image,239,Lovinac 2018,Unknown,Gomerčić,,1,0
2020-01-22 01:27:00.000 +0100,Image,243,Predator,Unknown,Slijepčević,,1,0
2019-11-29 21:53:00.000 +0100,Image,246,Vidovaca mladunac1 2019,Unknown,Toplicanec,,2,2
2020-02-06 12:50:00.000 +0100,Image,247,Vedran,M,Tomaić,,1,0
2018-07-29 20:02:00.000 +0200,Image,237,L19 Velebit,Unknown,Rukavina,,1,0
2018-10-30 08:31:00.000 +0100,Image,237,L19 Velebit,Unknown,Rukavina,,1,0
2019-08-10 23:03:00.000 +0200,Image,181,Pandora L31,M,Gomerčić,,1,0
2020-04-19 20:00:00.000 +0200,Lynx kill,156,Stipe L20,M,Kusak,,1,0
2020-03-03 07:00:00.000 +0100,Lynx kill,156,Stipe L20,M,Kusak,,1,0
2020-11-02 22:44:00.000 +0100,Image,233,Nikolina,Z,Slijepčević,,1,0
2019-03-10 14:30:00.000 +0100,Image,4,Spot,Z,Slijepčević,,2,0
2019-03-19 17:49:00.000 +0100,Image,98,Fulir,Unknown,Gomerčić,,1,0
2019-03-28 06:25:00.000 +0100,Image,98,Fulir,Unknown,Gomerčić,,1,0
2019-12-01 21:51:00.000 +0100,Image,72,Pačo,M,Tomaić,,2,0
2019-12-01 21:51:00.000 +0100,Image,184,Ćina,Z,Tomaić,,2,0
2019-09-26 03:59:00.000 +0200,Image,154,Silvia ,Z,Rukavina,,3,2
2019-12-27 02:45:00.000 +0100,Image,229,Bunker2,M,Fležar,,1,0
2020-03-02 11:01:00.000 +0100,Image,229,Bunker2,M,Fležar,,1,0
2020-01-10 18:07:00.000 +0100,Image,229,Bunker2,M,Fležar,,1,0
2020-01-18 23:27:00.000 +0100,Image,229,Bunker2,M,Fležar,,1,0
2020-02-17 09:11:00.000 +0100,Image,229,Bunker2,M,Fležar,,1,0
2020-01-08 21:58:00.000 +0100,Image,229,Bunker2,M,Fležar,,1,0
2020-03-28 01:17:00.000 +0100,Image,229,Bunker2,M,Fležar,,1,0
2021-01-01 16:10:00.000 +0100,Image,202,Vilim,M,Tomaić,,1,0
2021-01-04 15:20:00.000 +0100,Image,202,Vilim,M,Tomaić,,1,0
2021-01-05 05:28:00.000 +0100,Image,174,Irena,Z,Tomaić,,1,0
2021-01-05 04:39:00.000 +0100,Image,174,Irena,Z,Tomaić,,1,0
2021-01-05 09:31:00.000 +0100,Image,202,Vilim,M,Tomaić,,1,0
2020-12-19 05:52:00.000 +0100,Image,174,Irena,Z,Tomaić,,1,0
2020-12-29 17:45:00.000 +0100,Image,174,Irena,Z,Tomaić,,1,0
2020-12-29 20:03:00.000 +0100,Image,174,Irena,Z,Tomaić,,1,0
2020-12-29 21:56:00.000 +0100,Image,202,Vilim,M,Tomaić,,1,0
2020-12-31 01:56:00.000 +0100,Image,202,Vilim,M,Tomaić,,1,0
2020-10-09 12:00:00.000 +0200,Hair,220,Šiljo,M,Slijepčević,,1,0
2020-10-09 11:00:00.000 +0200,Hair,4,Spot,Z,Slijepčević,,1,0
2020-02-21 05:22:00.000 +0100,Image,43,Marko ZIP L16,M,Toplicanec,,1,0
2020-02-25 10:59:00.000 +0100,Image,43,Marko ZIP L16,M,Toplicanec,,1,0
2021-01-26 06:10:00.000 +0100,Image,181,Pandora L31,M,Gomerčić,,1,0
2020-11-02 15:00:00.000 +0100,Image,159,L15 Velebit,Z,Blašković,,1,0
2020-10-31 06:47:00.000 +0100,Image,181,Pandora L31,M,Tomaić,,1,0
2020-11-10 16:25:00.000 +0100,Image,174,Irena,Z,Tomaić,,1,0
2021-11-12 11:09:00.000 +0100,Image,363,Frida mladunac2 2021,Unknown,Iskrić,,1,1
2022-05-01 23:47:00.000 +0200,Image,99,Godaca 2,Z,Blašković,,1,0
2020-01-30 10:10:00.000 +0100,Image,72,Pačo,M,Tomaić,,1,0
2020-10-23 15:43:00.000 +0200,Image,174,Irena,Z,Tomaić,,1,0
2020-10-28 06:55:00.000 +0100,Image,174,Irena,Z,Tomaić,,1,0
2020-10-29 16:30:00.000 +0100,Image,174,Irena,Z,Tomaić,,1,0
2019-07-25 12:07:00.000 +0200,Image,190,Anton,Unknown,Selanec,,1,0
2020-03-31 15:30:00.000 +0200,Image,72,Pačo,M,Tomaić,,1,0
2020-02-18 01:48:00.000 +0100,Image,72,Pačo,M,Tomaić,,1,0
2020-10-09 04:19:00.000 +0200,Image,174,Irena,Z,Tomaić,,2,0
2020-10-09 04:19:00.000 +0200,Image,202,Vilim,M,Tomaić,,2,0
2020-10-20 15:53:00.000 +0200,Image,202,Vilim,M,Tomaić,,1,0
2020-10-19 03:49:00.000 +0200,Image,174,Irena,Z,Tomaić,,1,0
2022-10-03 03:40:00.000 +0200,Image,4,Spot,Z,Iskrić,,2,1
2022-10-03 03:40:00.000 +0200,Image,366,Spot mladunac 2022,Unknown,Iskrić,,2,1
2020-05-14 01:07:00.000 +0200,Image,181,Pandora L31,M,Sindičić,,1,0
2021-02-13 06:47:00.000 +0100,Image,14,Goran ZIP L09,M,Blašković,,1,0
2021-02-07 05:20:00.000 +0100,Image,14,Goran ZIP L09,M,Toplicanec,,1,0
2020-12-23 17:39:00.000 +0100,Image,166,Zarez,M,Blašković,,1,0
2021-01-10 23:24:00.000 +0100,Image,166,Zarez,M,Blašković,,1,0
2021-01-14 04:43:00.000 +0100,Image,166,Zarez,M,Blašković,,1,0
2021-01-23 16:30:00.000 +0100,Image,14,Goran ZIP L09,M,Toplicanec,,1,0
2021-02-25 19:00:00.000 +0100,Hair,85,CRO372_1,Z,Slijepčević,,1,0
2020-12-02 08:00:00.000 +0100,Image,14,Goran ZIP L09,M,Toplicanec,,1,0
2020-12-31 22:53:00.000 +0100,Image,14,Goran ZIP L09,M,Toplicanec,,1,0
2021-01-11 21:50:00.000 +0100,Image,14,Goran ZIP L09,M,Blašković,,1,0
2021-01-29 21:20:00.000 +0100,Image,14,Goran ZIP L09,M,Blašković,,1,0
2022-09-13 02:48:00.000 +0200,Image,369,Risovac 3 R,Unknown,Toplicanec,,1,0
2021-02-07 05:23:00.000 +0100,Image,14,Goran ZIP L09,M,Blašković,,1,0
2021-02-13 03:40:00.000 +0100,Image,14,Goran ZIP L09,M,Toplicanec,,1,0
2021-02-13 18:26:00.000 +0100,Image,181,Pandora L31,M,Tomaić,,1,0
2021-02-18 06:05:00.000 +0100,Image,204,Vitrenka,Z,Tomaić,,1,0
2021-01-26 07:42:00.000 +0100,Image,181,Pandora L31,M,Tomaić,,1,0
2021-02-24 17:00:00.000 +0100,Image,253,Sven,M,Slijepčević,,1,0
2021-02-15 13:00:00.000 +0100,Image,247,Vedran,M,Blašković,,1,0
2021-02-08 03:07:00.000 +0100,Image,181,Pandora L31,M,Tomaić,,1,0
2021-01-03 20:08:00.000 +0100,Image,166,Zarez,M,Blašković,,1,0
2021-02-06 23:21:00.000 +0100,Image,166,Zarez,M,Blašković,,1,0
2020-04-10 23:36:00.000 +0200,Image,66,CRO583,M,Rukavina,,1,0
2022-11-08 04:20:00.000 +0100,Image,375,Miley ,Z,Blašković,,2,1
2022-11-23 00:43:00.000 +0100,Image,174,Irena,Z,Tomaić,,1,0
2021-02-13 17:00:00.000 +0100,Sighting,218,Bojan,M,Blašković,,1,0
2021-02-28 16:00:00.000 +0100,Image,192,Crno jezero 2,Z,Blašković,,3,2
2022-09-28 07:54:00.000 +0200,Image,383,Fly,Unknown,Tomaić,,1,0
2021-02-15 21:36:00.000 +0100,Image,254,Elis,Unknown,Blašković,,2,0
2022-06-18 06:35:00.000 +0200,Image,390,Root,Unknown,Tomaić,,1,0
2021-02-28 13:48:00.000 +0100,Image,253,Sven,M,Slijepčević,,1,0
2021-03-06 17:30:00.000 +0100,Image,104,CRO326_2,Z,Slijepčević,,1,0
2021-03-02 05:36:00.000 +0100,Image,98,Fulir,Unknown,Tomaić,,1,0
2020-12-07 23:44:00.000 +0100,Image,181,Pandora L31,M,Tomaić,,1,0
2022-08-14 03:31:00.000 +0200,Image,386,Benjamin,Unknown,Frketić,,1,0
2022-08-08 08:17:00.000 +0200,Image,392,Equa,Unknown,Tomaić,,1,0
2021-03-02 02:44:00.000 +0100,Image,181,Pandora L31,M,Tomaić,,1,0
2020-09-18 04:58:00.000 +0200,Image,192,Crno jezero 2,Z,Blašković,,1,0
2020-12-17 16:38:00.000 +0100,Image,99,Godaca 2,Z,Blašković,,1,0
2020-12-20 16:50:00.000 +0100,Image,210,Bjorn,M,Blašković,,1,0
2021-01-13 00:02:00.000 +0100,Image,210,Bjorn,M,Blašković,,1,0
2021-01-18 03:59:00.000 +0100,Image,210,Bjorn,M,Blašković,,1,0
2021-02-09 22:15:00.000 +0100,Image,210,Bjorn,M,Blašković,,1,0
2021-02-15 05:20:00.000 +0100,Image,210,Bjorn,M,Blašković,,1,0
2021-02-16 03:20:00.000 +0100,Image,210,Bjorn,M,Blašković,,1,0
2021-02-17 01:03:00.000 +0100,Image,99,Godaca 2,Z,Blašković,,1,0
2021-02-21 08:27:00.000 +0100,Image,210,Bjorn,M,Blašković,,1,0
2021-01-31 05:44:00.000 +0100,Image,210,Bjorn,M,Blašković,,1,0
2021-02-14 08:05:00.000 +0100,Image,210,Bjorn,M,Blašković,,1,0
2021-02-23 22:49:00.000 +0100,Image,210,Bjorn,M,Blašković,,1,0
2021-03-01 02:20:00.000 +0100,Image,202,Vilim,M,Tomaić,,1,0
2021-03-04 21:27:00.000 +0100,Image,202,Vilim,M,Tomaić,,1,0
2021-03-07 12:17:00.000 +0100,Image,202,Vilim,M,Tomaić,,1,0
2021-03-07 16:33:00.000 +0100,Image,202,Vilim,M,Tomaić,,1,0
2021-03-13 11:28:00.000 +0100,Image,202,Vilim,M,Tomaić,,1,0
2021-03-13 03:34:00.000 +0100,Image,247,Vedran,M,Tomaić,,1,0
2021-02-14 00:38:00.000 +0100,Image,202,Vilim,M,Tomaić,,1,0
2021-02-15 05:00:00.000 +0100,Image,174,Irena,Z,Tomaić,,1,0
2021-02-18 23:48:00.000 +0100,Image,202,Vilim,M,Tomaić,,1,0
2021-02-21 02:00:00.000 +0100,Image,202,Vilim,M,Tomaić,,1,0
2021-02-21 14:12:00.000 +0100,Image,202,Vilim,M,Tomaić,,1,0
2021-02-24 23:50:00.000 +0100,Image,202,Vilim,M,Tomaić,,1,0
2021-02-27 01:02:00.000 +0100,Image,174,Irena,Z,Tomaić,,1,0
2020-12-19 06:52:00.000 +0100,Image,174,Irena,Z,Tomaić,,1,0
2021-01-01 04:12:00.000 +0100,Image,210,Bjorn,M,Blašković,,1,0
2021-03-10 18:20:00.000 +0100,Image,98,Fulir,Unknown,Blašković,,1,0
2020-02-06 21:29:00.000 +0100,Image,170,Orbis,Unknown,Gomerčić,,1,0
2021-03-07 15:29:00.000 +0100,Image,166,Zarez,M,Blašković,,1,0
2021-03-09 16:45:00.000 +0100,Image,166,Zarez,M,Blašković,,1,0
2021-03-16 17:32:00.000 +0100,Image,14,Goran ZIP L09,M,Blašković,,1,0
2021-03-19 15:36:00.000 +0100,Image,166,Zarez,M,Blašković,,1,0
2021-02-23 16:53:00.000 +0100,Image,14,Goran ZIP L09,M,Blašković,,1,0
2021-02-21 18:25:00.000 +0100,Image,166,Zarez,M,Blašković,,1,0
2021-05-10 20:18:00.000 +0200,Image,279,Tiberje,M,Blašković,,1,0
2020-03-08 09:47:00.000 +0100,Image,167,Mali,Unknown,Toplicanec,,2,1
2020-03-08 09:47:00.000 +0100,Image,257,Kira,Z,Toplicanec,,2,1
2020-02-29 15:38:00.000 +0100,Image,167,Mali,Unknown,Toplicanec,,2,1
2020-02-29 15:38:00.000 +0100,Image,257,Kira,Z,Toplicanec,,2,1
2019-09-28 20:00:00.000 +0200,Caught,156,Stipe L20,M,Slijepčević,,1,0
2022-10-27 19:03:00.000 +0200,Image,338,Unico (LBiH01),M,Rukavina,,1,0
2021-04-24 10:00:00.000 +0200,Caught,260,Lara L27,Z,Reljić,,1,0
2021-04-24 12:03:00.000 +0200,Caught,259,Fenix L26,M,Slijepčević,,1,0
2022-06-03 04:03:00.000 +0200,Image,338,Unico (LBiH01),M,Rukavina,,1,0
2021-04-07 21:04:00.000 +0200,Image,181,Pandora L31,M,Blašković,,1,0
2021-03-13 18:16:00.000 +0100,Image,204,Vitrenka,Z,Blašković,,1,0
2021-03-23 00:03:00.000 +0100,Image,204,Vitrenka,Z,Blašković,,1,0
2021-03-25 15:33:00.000 +0100,Image,204,Vitrenka,Z,Blašković,,1,0
2021-03-28 21:07:00.000 +0200,Image,204,Vitrenka,Z,Blašković,,1,0
2016-02-04 01:11:00.000 +0100,Image,97,L11 Velebit,Z,Sindičić,,1,0
2020-02-25 22:24:00.000 +0100,Image,27,Nik,Unknown,Rukavina,,1,0
2019-04-28 07:23:00.000 +0200,Image,27,Nik,Unknown,Selanec,,1,0
2021-04-05 02:43:00.000 +0200,Image,204,Vitrenka,Z,Blašković,,1,0
2022-06-12 00:33:00.000 +0200,Image,338,Unico (LBiH01),M,Rukavina,,1,0
2020-12-14 08:35:00.000 +0100,Image,202,Vilim,M,Tomaić,,1,0
2020-12-16 15:04:00.000 +0100,Image,202,Vilim,M,Tomaić,,1,0
2021-03-14 13:00:00.000 +0100,Image,259,Fenix L26,M,Blašković,,1,0
2021-03-01 19:13:00.000 +0100,Image,66,CRO583,M,Rukavina,,1,0
2021-03-02 08:11:00.000 +0100,Image,224,Prpa,M,Blašković,,1,0
2020-08-12 04:15:00.000 +0200,Image,180,Buna,Z,Tomaić,,1,0
2020-09-09 06:37:00.000 +0200,Image,180,Buna,Z,Rukavina,,1,0
2021-03-01 22:16:00.000 +0100,Image,262,Ibsen,Z,Blašković,,1,0
2021-03-02 02:30:00.000 +0100,Image,263,Kain,Unknown,Blašković,,1,0
2021-03-06 08:08:00.000 +0100,Image,263,Kain,Unknown,Blašković,,1,0
2021-05-05 04:46:00.000 +0200,Image,99,Godaca 2,Z,Blašković,,1,0
2021-05-09 04:08:00.000 +0200,Image,99,Godaca 2,Z,Blašković,,1,0
2021-05-19 04:46:00.000 +0200,Image,210,Bjorn,M,Blašković,,1,0
2021-04-20 19:45:00.000 +0200,Image,99,Godaca 2,Z,Blašković,,1,0
2021-05-24 01:03:00.000 +0200,Image,210,Bjorn,M,Blašković,,1,0
2021-04-26 00:06:00.000 +0200,Image,210,Bjorn,M,Blašković,,1,0
2021-04-28 22:18:00.000 +0200,Image,99,Godaca 2,Z,Blašković,,1,0
2021-04-29 04:13:00.000 +0200,Image,210,Bjorn,M,Blašković,,1,0
2021-06-04 17:50:00.000 +0200,GPS collar,264,Emil,M,Gomerčić,,1,0
2021-06-04 17:50:00.000 +0200,GPS collar,203,Boris,M,Gomerčić,,1,0
2021-04-25 18:10:00.000 +0200,Image,99,Godaca 2,Z,Blašković,,1,0
2021-04-18 00:59:00.000 +0200,Image,99,Godaca 2,Z,Blašković,,1,0
2021-02-13 04:15:00.000 +0100,Image,66,CRO583,M,Blašković,,1,0
2021-02-20 19:38:00.000 +0100,Image,181,Pandora L31,M,Rukavina,,1,0
2020-11-11 18:12:00.000 +0100,Image,267,Mislav,Unknown,Rukavina,,1,0
2020-12-21 22:47:00.000 +0100,Image,270,Matea,Z,Blašković,,1,0
2020-12-14 04:04:00.000 +0100,Image,270,Matea,Z,Rukavina,,1,0
2020-11-21 05:30:00.000 +0100,Image,274,Ram,Unknown,Tomaić,,1,0
2020-07-09 09:38:00.000 +0200,Image,271,Dol,Unknown,Tomaić,,1,0
2021-05-01 20:13:00.000 +0200,Image,14,Goran ZIP L09,M,Toplicanec,,1,0
2021-04-04 00:15:00.000 +0200,Image,262,Ibsen,Z,Toplicanec,,1,0
2021-04-05 22:37:00.000 +0200,Image,263,Kain,Unknown,Toplicanec,,1,0
2021-05-09 15:55:00.000 +0200,Image,14,Goran ZIP L09,M,Toplicanec,,1,0
2021-05-13 19:31:00.000 +0200,Image,14,Goran ZIP L09,M,Toplicanec,,1,0
2021-04-17 04:59:00.000 +0200,Image,262,Ibsen,Z,Toplicanec,,1,0
2021-05-21 06:03:00.000 +0200,Image,262,Ibsen,Z,Toplicanec,,1,0
2021-03-27 04:27:00.000 +0100,Image,14,Goran ZIP L09,M,Toplicanec,,1,0
2021-04-05 09:39:00.000 +0200,Image,14,Goran ZIP L09,M,Toplicanec,,1,0
2021-05-04 05:29:00.000 +0200,Image,262,Ibsen,Z,Toplicanec,,1,0
2020-12-07 05:57:00.000 +0100,Image,173,Josip L29,M,Blašković,,1,0
2021-02-12 22:33:00.000 +0100,Image,173,Josip L29,M,Blašković,,1,0
2021-03-02 04:11:00.000 +0100,Image,4,Spot,Z,Iskrić,,2,0
2021-03-02 04:11:00.000 +0100,Image,220,Šiljo,M,Iskrić,,2,0
2021-03-09 01:10:00.000 +0100,Image,4,Spot,Z,Iskrić,,1,0
2020-09-18 09:23:00.000 +0200,Image,247,Vedran,M,Blašković,,1,0
2021-03-05 12:36:00.000 +0100,Image,247,Vedran,M,Gomerčić,,1,0
2021-05-08 08:32:00.000 +0200,Image,247,Vedran,M,Gomerčić,,1,0
2021-04-09 17:08:00.000 +0200,Image,98,Fulir,Unknown,Gomerčić,,1,0
2021-03-12 21:35:00.000 +0100,Image,192,Crno jezero 2,Z,Gomerčić,,1,0
2021-05-13 17:05:00.000 +0200,Image,98,Fulir,Unknown,Gomerčić,,1,0
2021-03-27 18:55:00.000 +0100,Image,247,Vedran,M,Gomerčić,,1,0
2021-03-22 12:46:00.000 +0100,Image,220,Šiljo,M,Iskrić,,1,0
2021-05-08 21:30:00.000 +0200,Image,220,Šiljo,M,Iskrić,,1,0
2022-03-04 08:12:00.000 +0100,Image,347,Brlog,Unknown,Iskrić,,1,0
2021-03-19 19:58:00.000 +0100,Image,220,Šiljo,M,Iskrić,,1,0
2021-03-23 01:30:00.000 +0100,Image,220,Šiljo,M,Iskrić,,1,0
2021-03-25 05:02:00.000 +0100,Image,220,Šiljo,M,Iskrić,,1,0
2021-03-16 04:44:00.000 +0100,Image,112,CRO329_4,M,Iskrić,,1,0
2021-04-03 01:49:00.000 +0200,Image,220,Šiljo,M,Iskrić,,1,0
2021-04-08 18:48:00.000 +0200,Image,220,Šiljo,M,Iskrić,,1,0
2021-04-16 22:53:00.000 +0200,Image,220,Šiljo,M,Iskrić,,1,0
2021-04-21 07:10:00.000 +0200,Image,4,Spot,Z,Iskrić,,1,0
2021-04-30 12:52:00.000 +0200,Image,220,Šiljo,M,Iskrić,,1,0
2021-05-03 20:39:00.000 +0200,Image,220,Šiljo,M,Iskrić,,1,0
2021-05-21 04:38:00.000 +0200,Image,220,Šiljo,M,Iskrić,,1,0
2021-05-25 02:42:00.000 +0200,Image,220,Šiljo,M,Iskrić,,1,0
2021-06-15 09:31:00.000 +0200,Image,220,Šiljo,M,Iskrić,,1,0
2021-04-11 10:24:00.000 +0200,Image,113,CRO329_3,Z,Iskrić,,1,0
2021-03-21 04:40:00.000 +0100,Image,220,Šiljo,M,Iskrić,,1,0
2021-03-28 18:15:00.000 +0200,Image,220,Šiljo,M,Iskrić,,1,0
2021-04-12 17:40:00.000 +0200,Image,220,Šiljo,M,Iskrić,,1,0
2021-05-30 04:28:00.000 +0200,Image,220,Šiljo,M,Iskrić,,1,0
2021-02-28 17:12:00.000 +0100,Image,220,Šiljo,M,Iskrić,,1,0
2021-05-21 12:14:00.000 +0200,Image,202,Vilim,M,Blašković,,1,0
2021-05-23 09:12:00.000 +0200,Image,202,Vilim,M,Blašković,,1,0
2021-05-24 19:07:00.000 +0200,Image,247,Vedran,M,Blašković,,1,0
2021-05-24 21:24:00.000 +0200,Image,202,Vilim,M,Blašković,,1,0
2021-05-25 01:25:00.000 +0200,Image,202,Vilim,M,Blašković,,1,0
2021-05-30 15:15:00.000 +0200,Image,202,Vilim,M,Blašković,,1,0
2021-06-07 16:58:00.000 +0200,Image,202,Vilim,M,Blašković,,1,0
2022-05-04 21:13:00.000 +0200,Image,99,Godaca 2,Z,Blašković,,1,0
2021-06-30 00:07:00.000 +0200,Image,202,Vilim,M,Blašković,,1,0
2021-06-18 05:36:00.000 +0200,Image,181,Pandora L31,M,Blašković,,1,0
2020-11-25 23:58:00.000 +0100,Image,220,Šiljo,M,Iskrić,,1,0
2020-11-30 06:33:00.000 +0100,Image,220,Šiljo,M,Iskrić,,1,0
2022-06-15 04:11:00.000 +0200,Image,220,Šiljo,M,Iskrić,,1,0
2020-12-09 01:58:00.000 +0100,Image,220,Šiljo,M,Iskrić,,1,0
2020-12-16 18:10:00.000 +0100,Image,220,Šiljo,M,Iskrić,,1,0
2020-12-16 19:12:00.000 +0100,Image,220,Šiljo,M,Iskrić,,1,0
2020-12-19 05:38:00.000 +0100,Image,220,Šiljo,M,Iskrić,,1,0
2020-12-24 13:31:00.000 +0100,Image,220,Šiljo,M,Iskrić,,1,0
2022-10-13 17:40:00.000 +0200,Image,366,Spot mladunac 2022,Unknown,Iskrić,,1,1
2020-12-27 23:28:00.000 +0100,Image,220,Šiljo,M,Iskrić,,1,0
2021-01-19 15:53:00.000 +0100,Image,220,Šiljo,M,Iskrić,,1,0
2021-01-21 02:23:00.000 +0100,Image,220,Šiljo,M,Iskrić,,1,0
2020-12-11 17:30:00.000 +0100,Scat,85,CRO372_1,Z,Slijepčević,,1,0
2021-02-07 20:45:00.000 +0100,Image,220,Šiljo,M,Iskrić,,1,0
2021-03-03 19:49:00.000 +0100,Image,220,Šiljo,M,Iskrić,,1,0
2021-03-07 16:33:00.000 +0100,Image,220,Šiljo,M,Iskrić,,1,0
2021-07-05 16:23:00.000 +0200,Image,202,Vilim,M,Tomaić,,1,0
2021-07-15 18:15:00.000 +0200,Image,202,Vilim,M,Tomaić,,1,0
2021-07-20 19:20:00.000 +0200,Image,202,Vilim,M,Tomaić,,1,0
2021-07-22 02:07:00.000 +0200,Image,181,Pandora L31,M,Tomaić,,1,0
2021-04-01 22:01:00.000 +0200,Image,224,Prpa,M,Rukavina,,1,0
2021-03-29 23:48:00.000 +0200,Image,247,Vedran,M,Blašković,,1,0
2021-07-27 21:33:00.000 +0200,Image,220,Šiljo,M,Paulić,,1,0
2021-08-19 18:22:00.000 +0200,Image,220,Šiljo,M,Paulić,,1,0
2022-11-11 08:05:00.000 +0100,Image,383,Fly,Unknown,Tomaić,,1,0
2021-09-12 09:23:00.000 +0200,Image,220,Šiljo,M,Paulić,,1,0
2021-09-12 18:44:00.000 +0200,Image,4,Spot,Z,Paulić,,1,0
2021-09-12 19:54:00.000 +0200,Image,344,Grey,Unknown,Gomerčić,,1,0
2022-05-21 06:00:00.000 +0200,Image,387,Ed,Unknown,Krmpotić,,1,0
2022-11-11 14:53:00.000 +0100,Image,390,Root,Unknown,Tomaić,,1,0
2022-08-27 05:22:00.000 +0200,Image,386,Benjamin,Unknown,Blašković,,1,0
2021-09-12 20:53:00.000 +0200,Image,220,Šiljo,M,Paulić,,1,0
2021-09-12 20:55:00.000 +0200,Image,4,Spot,Z,Paulić,,1,0
2019-12-28 05:44:00.000 +0100,Image,88,L9 Velebit,M,Rukavina,,1,0
2019-12-01 18:29:00.000 +0100,Image,88,L9 Velebit,M,Rukavina,,1,0
2019-06-12 05:00:00.000 +0200,Image,74,L4 Velebit,Unknown,Tomaić,,1,0
2020-11-25 18:33:00.000 +0100,Image,228,Mladen LCRO24,M,Blašković,,1,0
2021-09-12 18:45:00.000 +0200,Image,4,Spot,Z,Paulić,,2,1
2021-09-12 18:45:00.000 +0200,Image,275,Mila,Unknown,Paulić,,2,1
2021-08-23 05:24:00.000 +0200,Image,4,Spot,Z,Paulić,,1,1
2021-08-23 05:24:00.000 +0200,Image,275,Mila,Unknown,Paulić,,1,1
2021-09-12 18:44:00.000 +0200,Image,275,Mila,Unknown,Paulić,,1,1
2021-09-12 18:43:00.000 +0200,Image,275,Mila,Unknown,Paulić,,1,1
2021-04-24 19:23:00.000 +0200,Image,85,CRO372_1,Z,Paulić,,1,0
2021-05-02 18:10:00.000 +0200,Image,85,CRO372_1,Z,Paulić,,1,0
2021-02-27 05:34:00.000 +0100,Image,228,Mladen LCRO24,M,Paulić,,1,0
2021-08-31 05:02:00.000 +0200,Image,228,Mladen LCRO24,M,Paulić,,1,0
2021-04-28 15:38:00.000 +0200,Image,228,Mladen LCRO24,M,Paulić,,1,0
2021-08-01 21:25:00.000 +0200,Image,210,Bjorn,M,Blašković,,1,0
2021-05-04 02:28:00.000 +0200,Image,228,Mladen LCRO24,M,Paulić,,1,0
2021-06-07 05:39:00.000 +0200,Image,99,Godaca 2,Z,Blašković,,1,0
2021-06-07 06:25:00.000 +0200,Image,99,Godaca 2,Z,Blašković,,1,0
2021-06-08 12:06:00.000 +0200,Image,99,Godaca 2,Z,Blašković,,1,0
2021-06-08 16:50:00.000 +0200,Image,99,Godaca 2,Z,Blašković,,1,0
2021-06-24 02:27:00.000 +0200,Image,228,Mladen LCRO24,M,Paulić,,1,0
2021-06-09 02:53:00.000 +0200,Image,99,Godaca 2,Z,Blašković,,1,0
2021-06-09 19:51:00.000 +0200,Image,99,Godaca 2,Z,Blašković,,1,0
2021-06-10 19:35:00.000 +0200,Image,99,Godaca 2,Z,Blašković,,1,0
2021-06-10 12:08:00.000 +0200,Image,99,Godaca 2,Z,Blašković,,1,0
2021-08-10 03:31:00.000 +0200,Image,99,Godaca 2,Z,Blašković,,1,0
2021-06-12 20:19:00.000 +0200,Image,210,Bjorn,M,Blašković,,1,0
2021-07-29 03:09:00.000 +0200,Image,210,Bjorn,M,Blašković,,1,0
2021-08-22 04:01:00.000 +0200,Image,99,Godaca 2,Z,Blašković,,1,0
2021-03-04 02:59:00.000 +0100,Image,276,Saša,M,Paulić,,1,0
2021-03-17 09:39:00.000 +0100,Image,276,Saša,M,Paulić,,1,0
2021-04-19 15:45:00.000 +0200,Image,228,Mladen LCRO24,M,Paulić,,1,0
2021-08-07 19:04:00.000 +0200,Image,181,Pandora L31,M,Tomaić,,1,0
2021-07-16 08:36:00.000 +0200,Image,181,Pandora L31,M,Tomaić,,1,0
2021-08-22 04:54:00.000 +0200,Image,181,Pandora L31,M,Tomaić,,1,0
2021-08-29 19:54:00.000 +0200,Image,181,Pandora L31,M,Tomaić,,1,0
2021-09-29 20:32:00.000 +0200,Image,247,Vedran,M,Tomaić,,1,0
2020-12-02 09:29:00.000 +0100,Image,14,Goran ZIP L09,M,Toplicanec,,1,0
2021-08-22 22:35:00.000 +0200,Image,4,Spot,Z,Paulić,,2,1
2021-08-22 22:35:00.000 +0200,Image,275,Mila,Unknown,Paulić,,2,1
2021-08-22 22:35:00.000 +0200,Image,4,Spot,Z,Paulić,,2,1
2021-08-22 22:35:00.000 +0200,Image,275,Mila,Unknown,Paulić,,2,1
2021-10-06 12:00:00.000 +0200,Caught,259,Fenix L26,M,Blašković,,1,0
2021-09-14 07:55:00.000 +0200,Image,220,Šiljo,M,Paulić,,1,0
2021-03-10 16:17:00.000 +0100,Image,219,Jela LCRO21,Z,Paulić,,1,0
2021-09-12 23:20:00.000 +0200,Image,4,Spot,Z,Paulić,,1,0
2021-02-04 20:40:00.000 +0100,Image,204,Vitrenka,Z,Tomaić,,1,0
2020-10-22 08:53:00.000 +0200,Image,204,Vitrenka,Z,Blašković,,1,0
2021-07-18 07:48:00.000 +0200,Image,173,Josip L29,M,Tomaić,,1,0
2021-05-14 16:47:00.000 +0200,Image,173,Josip L29,M,Tomaić,,1,0
2021-05-20 10:04:00.000 +0200,Image,204,Vitrenka,Z,Tomaić,,1,0
2021-05-25 01:53:00.000 +0200,Image,181,Pandora L31,M,Tomaić,,1,0
2021-07-06 19:03:00.000 +0200,Image,98,Fulir,Unknown,Gomerčić,,1,0
2021-06-21 02:59:00.000 +0200,Image,224,Prpa,M,Rukavina,,1,0
2021-06-23 07:53:00.000 +0200,Image,224,Prpa,M,Rukavina,,1,0
2021-06-27 06:44:00.000 +0200,Image,224,Prpa,M,Rukavina,,1,0
2021-06-01 02:41:00.000 +0200,Image,224,Prpa,M,Rukavina,,1,0
2021-06-03 05:17:00.000 +0200,Image,224,Prpa,M,Rukavina,,1,0
2021-09-05 02:18:00.000 +0200,Image,224,Prpa,M,Rukavina,,1,0
2021-07-26 23:34:00.000 +0200,Image,224,Prpa,M,Rukavina,,1,0
2021-05-26 20:34:00.000 +0200,Image,181,Pandora L31,M,Rukavina,,1,0
2021-07-29 03:05:00.000 +0200,Image,181,Pandora L31,M,Rukavina,,1,0
2021-06-01 07:21:00.000 +0200,Image,181,Pandora L31,M,Rukavina,,1,0
2021-06-03 08:18:00.000 +0200,Image,181,Pandora L31,M,Rukavina,,1,0
2021-05-27 01:27:00.000 +0200,Image,181,Pandora L31,M,Rukavina,,1,0
2021-06-21 06:46:00.000 +0200,Image,279,Tiberje,M,Blašković,,1,0
2021-08-11 21:53:00.000 +0200,Image,279,Tiberje,M,Blašković,,1,0
2020-11-18 21:32:00.000 +0100,Image,224,Prpa,M,Rukavina,,1,0
2020-08-19 06:16:00.000 +0200,Image,223,Suzi,Z,Tomaić,,3,2
2020-08-19 06:16:00.000 +0200,Image,232,Miha,Unknown,Tomaić,,3,2
2020-08-19 06:16:00.000 +0200,Image,254,Elis,Unknown,Tomaić,,3,2
2021-09-25 23:41:00.000 +0200,Image,203,Boris,M,Iskrić,,1,0
2020-12-13 05:05:00.000 +0100,Image,220,Šiljo,M,Iskrić,,1,0
2021-10-05 20:58:00.000 +0200,Image,203,Boris,M,Iskrić,,1,0
2020-12-27 18:19:00.000 +0100,Image,220,Šiljo,M,Iskrić,,1,0
2021-01-02 18:33:00.000 +0100,Image,220,Šiljo,M,Iskrić,,1,0
2021-02-02 17:59:00.000 +0100,Image,220,Šiljo,M,Iskrić,,1,0
2021-02-10 05:21:00.000 +0100,Image,220,Šiljo,M,Iskrić,,1,0
2021-02-17 20:05:00.000 +0100,Image,220,Šiljo,M,Iskrić,,1,0
2021-02-19 06:12:00.000 +0100,Image,220,Šiljo,M,Iskrić,,1,0
2020-11-26 18:43:00.000 +0100,Image,220,Šiljo,M,Iskrić,,1,0
2020-12-18 05:50:00.000 +0100,Image,220,Šiljo,M,Iskrić,,1,0
2020-04-09 04:44:00.000 +0200,Image,66,CRO583,M,Rukavina,,1,0
2021-03-06 10:23:00.000 +0100,Image,217,Toni,M,Gomerčić,,1,0
2020-10-05 18:11:00.000 +0200,Image,217,Toni,M,Blašković,,1,0
2020-09-16 18:26:00.000 +0200,Image,217,Toni,M,Blašković,,1,0
2021-02-10 19:30:00.000 +0100,Image,217,Toni,M,Blašković,,1,0
2020-11-26 09:02:00.000 +0100,Image,247,Vedran,M,Gomerčić,,1,0
2021-03-29 22:32:00.000 +0200,Image,98,Fulir,Unknown,Blašković,,1,0
2021-02-14 01:01:00.000 +0100,Image,98,Fulir,Unknown,Blašković,,1,0
2020-12-08 01:24:00.000 +0100,Image,210,Bjorn,M,Gomerčić,,1,0
2020-11-19 05:53:00.000 +0100,Image,266,Amber,Unknown,Gomerčić,,1,0
2020-11-09 00:30:00.000 +0100,Image,266,Amber,Unknown,Gomerčić,,1,0
2020-11-05 21:53:00.000 +0100,Image,99,Godaca 2,Z,Gomerčić,,1,0
2020-11-04 18:26:00.000 +0100,Image,213,Geonatura 4L,Unknown,Gomerčić,,1,0
2021-01-20 01:15:00.000 +0100,Image,186,Golo trlo 6,Z,Blašković,,2,1
2021-01-20 01:15:00.000 +0100,Image,256,Olivia,Z,Blašković,,2,1
2021-12-26 12:58:00.000 +0100,Image,364,Gerovo mladunac1 2021,Unknown,Iskrić,,1,1
2021-01-01 17:26:00.000 +0100,Image,4,Spot,Z,Iskrić,,1,0
2021-01-23 12:34:00.000 +0100,Image,220,Šiljo,M,Iskrić,,1,0
2022-05-07 20:30:00.000 +0200,Image,99,Godaca 2,Z,Blašković,,1,0
2021-07-05 10:02:00.000 +0200,Image,228,Mladen LCRO24,M,Iskrić,,1,0
2021-08-03 23:51:00.000 +0200,Image,228,Mladen LCRO24,M,Iskrić,,1,0
2021-02-12 20:22:00.000 +0100,Image,228,Mladen LCRO24,M,Iskrić,,1,0
2020-12-15 17:45:00.000 +0100,Image,220,Šiljo,M,Iskrić,,1,0
2020-12-18 20:36:00.000 +0100,Image,220,Šiljo,M,Iskrić,,1,0
2020-12-21 16:16:00.000 +0100,Image,220,Šiljo,M,Iskrić,,1,0
2020-12-23 21:02:00.000 +0100,Image,220,Šiljo,M,Iskrić,,1,0
2021-01-04 14:47:00.000 +0100,Image,220,Šiljo,M,Iskrić,,1,0
2021-02-05 18:33:00.000 +0100,Image,4,Spot,Z,Iskrić,,1,0
2021-02-12 23:30:00.000 +0100,Image,220,Šiljo,M,Iskrić,,1,0
2020-09-30 21:30:00.000 +0200,Image,150,Rista L18,M,Iskrić,,1,0
2020-10-13 02:57:00.000 +0200,Image,150,Rista L18,M,Iskrić,,1,0
2020-10-23 07:11:00.000 +0200,Image,150,Rista L18,M,Iskrić,,1,0
2021-01-01 12:40:00.000 +0100,Image,150,Rista L18,M,Iskrić,,1,0
2021-01-29 06:30:00.000 +0100,Image,150,Rista L18,M,Iskrić,,1,0
2022-06-21 03:49:00.000 +0200,Image,275,Mila,Unknown,Iskrić,,1,0
2022-05-31 18:42:00.000 +0200,Image,275,Mila,Unknown,Iskrić,,1,0
2021-02-16 15:33:00.000 +0100,Image,137,Marta,Z,Iskrić,,1,0
2021-02-21 14:48:00.000 +0100,Image,46,Damir,M,Iskrić,,1,0
2022-05-16 14:00:00.000 +0200,Hair,85,CRO372_1,Z,Toplicanec,,1,0
2021-02-12 13:19:00.000 +0100,Image,85,CRO372_1,Z,Iskrić,,1,0
2021-02-16 01:39:00.000 +0100,Image,228,Mladen LCRO24,M,Iskrić,,1,0
2020-10-24 17:51:00.000 +0200,Image,14,Goran ZIP L09,M,Iskrić,,1,0
2021-04-03 07:19:00.000 +0200,Image,137,Marta,Z,Iskrić,,1,0
2018-09-15 22:07:00.000 +0200,Image,280,R4,Unknown,Tomaić,,1,0
2018-09-20 18:32:00.000 +0200,Image,280,R4,Unknown,Tomaić,,1,0
2021-05-10 19:43:00.000 +0200,Image,262,Ibsen,Z,Toplicanec,,1,0
2021-05-04 19:17:00.000 +0200,Image,14,Goran ZIP L09,M,Toplicanec,,1,0
2021-06-11 04:02:00.000 +0200,Image,14,Goran ZIP L09,M,Toplicanec,,1,0
2021-07-21 22:37:00.000 +0200,Image,14,Goran ZIP L09,M,Toplicanec,,1,0
2021-07-21 23:42:00.000 +0200,Image,14,Goran ZIP L09,M,Toplicanec,,1,0
2021-05-30 10:11:00.000 +0200,Image,14,Goran ZIP L09,M,Toplicanec,,1,0
2021-04-05 22:29:00.000 +0200,Image,238,Novi Ričićko,Z,Toplicanec,,1,0
2021-06-05 00:31:00.000 +0200,Image,257,Kira,Z,Toplicanec,,1,0
2021-07-30 09:06:00.000 +0200,Image,14,Goran ZIP L09,M,Toplicanec,,1,0
2021-06-24 20:54:00.000 +0200,Image,14,Goran ZIP L09,M,Toplicanec,,1,0
2021-07-20 01:49:00.000 +0200,Image,14,Goran ZIP L09,M,Toplicanec,,1,0
2021-07-09 19:30:00.000 +0200,Image,14,Goran ZIP L09,M,Toplicanec,,1,0
2021-04-03 02:27:00.000 +0200,Image,238,Novi Ričićko,Z,Toplicanec,,1,0
2021-07-28 20:03:00.000 +0200,Image,228,Mladen LCRO24,M,Toplicanec,,1,0
2021-07-15 07:08:00.000 +0200,Image,228,Mladen LCRO24,M,Toplicanec,,1,0
2021-06-24 18:50:00.000 +0200,Image,228,Mladen LCRO24,M,Toplicanec,,1,0
2021-06-20 22:43:00.000 +0200,Image,228,Mladen LCRO24,M,Toplicanec,,1,0
2021-06-06 19:44:00.000 +0200,Image,14,Goran ZIP L09,M,Toplicanec,,1,0
2021-02-15 07:15:00.000 +0100,Image,14,Goran ZIP L09,M,Toplicanec,,1,0
2019-12-12 18:57:00.000 +0100,Image,98,Fulir,Unknown,Gomerčić,,1,0
2019-11-14 21:14:00.000 +0100,Image,103,CRO231,Z,Slijepčević,,3,2
2019-11-14 21:14:00.000 +0100,Image,276,Saša,M,Slijepčević,,3,2
2020-02-20 01:01:00.000 +0100,Image,14,Goran ZIP L09,M,Slijepčević,,1,0
2020-02-08 20:06:00.000 +0100,Image,14,Goran ZIP L09,M,Slijepčević,,1,0
2020-07-30 22:43:00.000 +0200,Image,223,Suzi,Z,Tomaić,,3,2
2020-07-30 22:43:00.000 +0200,Image,232,Miha,Unknown,Tomaić,,3,2
2020-07-30 22:43:00.000 +0200,Image,254,Elis,Unknown,Tomaić,,3,2
2021-01-02 02:15:00.000 +0100,Image,257,Kira,Z,Blašković,,2,1
2021-01-02 02:15:00.000 +0100,Image,262,Ibsen,Z,Blašković,,2,1
2021-04-05 18:32:00.000 +0200,Image,262,Ibsen,Z,Toplicanec,,2,0
2021-04-05 18:32:00.000 +0200,Image,263,Kain,Unknown,Toplicanec,,2,0
2020-08-29 12:13:00.000 +0200,Image,159,L15 Velebit,Z,Blašković,,2,1
2020-08-29 12:13:00.000 +0200,Image,252,L15 Mladunac 2020,Unknown,Blašković,,2,1
2020-12-05 03:02:00.000 +0100,Image,97,L11 Velebit,Z,Selanec,,3,2
2020-12-05 03:02:00.000 +0100,Image,250,L11 Mladunac1 2020,Unknown,Selanec,,3,2
2020-12-05 03:02:00.000 +0100,Image,251,L11 Mladunac2 2020,Unknown,Selanec,,3,2
2021-05-17 11:12:00.000 +0200,Image,99,Godaca 2,Z,Blašković,,1,0
2019-12-22 04:18:00.000 +0100,Image,170,Orbis,Unknown,Gomerčić,,1,0
2021-09-22 16:57:00.000 +0200,Image,14,Goran ZIP L09,M,Toplicanec,,1,0
2021-10-14 15:50:00.000 +0200,Image,257,Kira,Z,Toplicanec,,1,0
2021-10-26 07:03:00.000 +0200,Image,14,Goran ZIP L09,M,Toplicanec,,1,0
2021-10-26 23:55:00.000 +0200,Image,257,Kira,Z,Toplicanec,,1,0
2021-04-23 00:54:00.000 +0200,Image,198,Alojzije L24,M,Blašković,,1,0
2021-05-28 15:48:00.000 +0200,Image,198,Alojzije L24,M,Blašković,,1,0
2021-08-23 05:24:00.000 +0200,Image,4,Spot,Z,Paulić,,2,1
2021-08-23 05:24:00.000 +0200,Image,275,Mila,Unknown,Paulić,,2,1
2021-05-04 04:56:00.000 +0200,Image,263,Kain,Unknown,Paulić,,1,0
2020-12-11 08:21:00.000 +0100,Image,227,Lipa,Z,Iskrić,,1,0
2021-06-11 04:55:00.000 +0200,Image,14,Goran ZIP L09,M,Toplicanec,,1,0
2021-08-14 05:26:00.000 +0200,Image,14,Goran ZIP L09,M,Toplicanec,,1,0
2021-02-20 12:58:00.000 +0100,Image,14,Goran ZIP L09,M,Iskrić,,1,0
2021-02-16 10:27:00.000 +0100,Image,46,Damir,M,Iskrić,,1,0
2021-02-15 15:49:00.000 +0100,Image,14,Goran ZIP L09,M,Iskrić,,1,0
2021-03-23 21:10:00.000 +0100,Image,210,Bjorn,M,Blašković,,1,0
2021-03-11 22:01:00.000 +0100,Image,170,Orbis,Unknown,Blašković,,1,0
2021-09-24 01:24:00.000 +0200,Image,170,Orbis,Unknown,Gomerčić,,1,0
2021-11-02 18:17:00.000 +0100,Image,99,Godaca 2,Z,Gomerčić,,1,0
2021-11-11 23:04:00.000 +0100,Image,210,Bjorn,M,Gomerčić,,1,0
2021-11-19 01:40:00.000 +0100,Image,210,Bjorn,M,Gomerčić,,1,0
2021-09-30 07:22:00.000 +0200,Image,210,Bjorn,M,Gomerčić,,1,0
2020-11-22 19:32:00.000 +0100,Image,220,Šiljo,M,Iskrić,,1,0
2021-09-25 04:55:00.000 +0200,Image,220,Šiljo,M,Iskrić,,1,0
2021-11-10 19:56:00.000 +0100,Image,220,Šiljo,M,Iskrić,,1,0
2020-11-30 22:35:00.000 +0100,Image,4,Spot,Z,Iskrić,,1,0
2020-12-01 16:19:00.000 +0100,Image,220,Šiljo,M,Iskrić,,1,0
2021-09-23 05:17:00.000 +0200,Image,220,Šiljo,M,Iskrić,,1,0
2021-10-14 04:26:00.000 +0200,Image,220,Šiljo,M,Iskrić,,1,0
2021-10-18 19:48:00.000 +0200,Image,275,Mila,Unknown,Iskrić,,1,0
2021-10-28 18:20:00.000 +0200,Image,220,Šiljo,M,Iskrić,,1,0
2021-11-10 07:15:00.000 +0100,Image,220,Šiljo,M,Iskrić,,1,0
2021-09-26 01:02:00.000 +0200,Image,170,Orbis,Unknown,Gomerčić,,1,0
2021-07-11 20:29:00.000 +0200,Image,14,Goran ZIP L09,M,Toplicanec,,1,0
2021-06-22 19:52:00.000 +0200,Image,14,Goran ZIP L09,M,Toplicanec,,1,0
2021-08-08 13:58:00.000 +0200,Image,220,Šiljo,M,Iskrić,,1,0
2021-08-24 16:46:00.000 +0200,Image,4,Spot,Z,Iskrić,,2,1
2021-08-24 16:46:00.000 +0200,Image,275,Mila,Unknown,Iskrić,,2,1
2021-10-17 16:24:00.000 +0200,Image,220,Šiljo,M,Iskrić,,1,0
2021-10-30 22:20:00.000 +0200,Image,220,Šiljo,M,Iskrić,,1,0
2021-06-28 04:16:00.000 +0200,Image,14,Goran ZIP L09,M,Iskrić,,1,0
2021-07-13 16:39:00.000 +0200,Image,220,Šiljo,M,Iskrić,,1,0
2021-07-29 19:47:00.000 +0200,Image,220,Šiljo,M,Iskrić,,1,0
2021-08-16 14:58:00.000 +0200,Image,220,Šiljo,M,Iskrić,,1,0
2021-08-18 03:14:00.000 +0200,Image,220,Šiljo,M,Iskrić,,1,0
2021-09-02 21:48:00.000 +0200,Image,220,Šiljo,M,Iskrić,,1,0
2021-09-08 09:28:00.000 +0200,Image,14,Goran ZIP L09,M,Iskrić,,1,0
2021-09-08 17:34:00.000 +0200,Image,220,Šiljo,M,Iskrić,,1,0
2021-09-13 03:20:00.000 +0200,Image,14,Goran ZIP L09,M,Iskrić,,1,0
2021-09-21 18:46:00.000 +0200,Image,220,Šiljo,M,Iskrić,,1,0
2021-09-28 18:43:00.000 +0200,Image,220,Šiljo,M,Iskrić,,1,0
2021-10-04 18:03:00.000 +0200,Image,14,Goran ZIP L09,M,Iskrić,,1,0
2021-10-13 12:37:00.000 +0200,Image,220,Šiljo,M,Iskrić,,1,0
2021-10-13 18:48:00.000 +0200,Image,14,Goran ZIP L09,M,Iskrić,,1,0
2021-10-16 16:37:00.000 +0200,Image,220,Šiljo,M,Iskrić,,1,0
2021-10-23 22:28:00.000 +0200,Image,220,Šiljo,M,Iskrić,,1,0
2021-10-27 13:19:00.000 +0200,Image,220,Šiljo,M,Iskrić,,1,0
2021-11-03 00:48:00.000 +0100,Image,14,Goran ZIP L09,M,Iskrić,,1,0
2021-11-04 16:24:00.000 +0100,Image,220,Šiljo,M,Iskrić,,1,0
2021-11-09 00:38:00.000 +0100,Image,220,Šiljo,M,Iskrić,,1,0
2021-11-09 16:29:00.000 +0100,Image,220,Šiljo,M,Iskrić,,1,0
2020-10-22 07:30:00.000 +0200,Image,218,Bojan,M,Iskrić,,1,0
2020-11-08 05:35:00.000 +0100,Image,137,Marta,Z,Iskrić,,1,0
2020-11-09 20:29:00.000 +0100,Image,218,Bojan,M,Iskrić,,1,0
2020-11-13 23:29:00.000 +0100,Image,218,Bojan,M,Iskrić,,1,0
2020-11-19 04:04:00.000 +0100,Image,218,Bojan,M,Iskrić,,1,0
2020-11-25 01:35:00.000 +0100,Image,218,Bojan,M,Iskrić,,1,0
2020-10-06 23:58:00.000 +0200,Image,276,Saša,M,Iskrić,,1,0
2020-10-23 14:04:00.000 +0200,Image,276,Saša,M,Iskrić,,1,0
2020-10-20 07:38:00.000 +0200,Image,285,Martin mladunac 2020,Unknown,Iskrić,,1,1
2021-07-01 12:00:00.000 +0200,Sighting,199,Pino L25,M,Toplicanec,,1,0
2021-09-27 12:00:00.000 +0200,Caught,35,Stella L13,Unknown,Kusak,,1,0
2021-04-30 12:00:00.000 +0200,Scat,173,Josip L29,M,Tomaić,,1,0
2021-03-15 14:00:00.000 +0100,Scat,173,Josip L29,M,Tomaić,,1,0
2021-04-30 12:00:00.000 +0200,Hair,173,Josip L29,M,Tomaić,,1,0
2021-10-18 05:07:00.000 +0200,Image,173,Josip L29,M,Blašković,,1,0
2021-03-15 14:00:00.000 +0100,Hair,173,Josip L29,M,Tomaić,,1,0
2021-02-25 13:00:00.000 +0100,Hair,220,Šiljo,M,Slijepčević,,1,0
2020-12-10 09:00:00.000 +0100,Hair,220,Šiljo,M,Slijepčević,,1,0
2020-12-10 11:00:00.000 +0100,Hair,220,Šiljo,M,Slijepčević,,1,0
2020-12-10 16:00:00.000 +0100,Hair,220,Šiljo,M,Slijepčević,,1,0
2020-12-07 13:00:00.000 +0100,Hair,174,Irena,Z,Tomaić,,1,0
2020-12-05 14:00:00.000 +0100,Hair,4,Spot,Z,Slijepčević,,1,0
2020-11-17 12:00:00.000 +0100,Hair,4,Spot,Z,Slijepčević,,1,0
2020-11-17 12:00:00.000 +0100,Hair,220,Šiljo,M,Slijepčević,,1,0
2021-11-09 04:36:00.000 +0100,Image,173,Josip L29,M,Tomaić,,1,0
2021-12-06 02:02:00.000 +0100,Image,173,Josip L29,M,Tomaić,,1,0
2021-11-13 07:54:00.000 +0100,Image,181,Pandora L31,M,Tomaić,,1,0
2021-10-12 10:23:00.000 +0200,Image,181,Pandora L31,M,Tomaić,,1,0
2021-12-07 08:15:00.000 +0100,Image,202,Vilim,M,Tomaić,,1,0
2021-04-28 23:49:00.000 +0200,Image,289,Rea,Z,Toplicanec,,1,0
2021-05-16 02:57:00.000 +0200,Image,289,Rea,Z,Toplicanec,,1,0
2021-07-11 19:29:00.000 +0200,Image,14,Goran ZIP L09,M,Toplicanec,,1,0
2021-07-29 03:17:00.000 +0200,Image,14,Goran ZIP L09,M,Toplicanec,,1,0
2021-08-13 05:43:00.000 +0200,Image,14,Goran ZIP L09,M,Toplicanec,,1,0
2021-09-24 13:09:00.000 +0200,Image,14,Goran ZIP L09,M,Toplicanec,,1,0
2021-06-03 19:55:00.000 +0200,Image,166,Zarez,M,Toplicanec,,1,0
2021-06-01 13:26:00.000 +0200,Image,262,Ibsen,Z,Toplicanec,,1,0
2021-10-28 15:53:00.000 +0200,Image,14,Goran ZIP L09,M,Toplicanec,,1,0
2021-10-24 02:27:00.000 +0200,Image,257,Kira,Z,Toplicanec,,1,0
2021-06-11 05:03:00.000 +0200,Image,290,Ren,M,Toplicanec,,1,0
2021-07-08 20:02:00.000 +0200,Image,290,Ren,M,Toplicanec,,1,0
2021-10-21 18:21:00.000 +0200,Image,290,Ren,M,Toplicanec,,1,0
2021-07-24 05:55:00.000 +0200,Image,290,Ren,M,Toplicanec,,1,0
2021-12-26 12:58:00.000 +0100,Image,365,Gerovo mladunac2 2021,Unknown,Iskrić,,1,1
2020-09-17 11:47:00.000 +0200,Image,203,Boris,M,Slijepčević,,1,0
2022-05-13 11:56:00.000 +0200,Image,210,Bjorn,M,Blašković,,1,0
2021-12-12 10:21:00.000 +0100,Image,202,Vilim,M,Tomaić,,1,0
2021-12-13 20:06:00.000 +0100,Image,174,Irena,Z,Tomaić,,1,0
2021-12-14 23:47:00.000 +0100,Image,202,Vilim,M,Tomaić,,1,0
2021-12-21 05:59:00.000 +0100,Image,202,Vilim,M,Tomaić,,1,0
2021-12-02 16:01:00.000 +0100,Image,247,Vedran,M,Tomaić,,1,0
2021-12-14 02:16:00.000 +0100,Image,174,Irena,Z,Tomaić,,1,0
2021-12-16 15:33:00.000 +0100,Image,247,Vedran,M,Tomaić,,1,0
2021-02-13 20:19:00.000 +0100,Image,267,Mislav,Unknown,Blašković,,1,0
2022-01-03 16:00:00.000 +0100,Caught,292,Marta L28 LCRO22,Z,Gomerčić,,1,0
2021-12-28 21:00:00.000 +0100,GPS collar,264,Emil,M,Blašković,,1,0
2021-02-03 00:51:00.000 +0100,Image,270,Matea,Z,Blašković,,1,0
2021-02-08 08:41:00.000 +0100,Image,293,Alf,M,Fabijanić,,1,0
2021-01-03 06:45:00.000 +0100,Image,293,Alf,M,Selanec,,1,0
2022-07-16 20:41:00.000 +0200,Image,220,Šiljo,M,Iskrić,,1,0
2021-06-22 19:10:00.000 +0200,Image,279,Tiberje,M,Blašković,,1,0
2021-11-12 08:32:00.000 +0100,Image,279,Tiberje,M,Blašković,,1,0
2022-02-27 22:07:00.000 +0100,Image,198,Alojzije L24,M,Fabijanić,,1,0
2021-12-17 18:12:00.000 +0100,Image,173,Josip L29,M,Blašković,,1,0
2021-12-23 04:58:00.000 +0100,Image,173,Josip L29,M,Blašković,,1,0
2021-01-10 16:09:00.000 +0100,Image,173,Josip L29,M,Blašković,,1,0
2022-01-07 12:54:00.000 +0100,Image,173,Josip L29,M,Blašković,,1,0
2022-01-15 16:27:00.000 +0100,Image,174,Irena,Z,Tomaić,,1,0
2022-01-14 20:24:00.000 +0100,Image,247,Vedran,M,Tomaić,,1,0
2021-12-31 17:29:00.000 +0100,Image,247,Vedran,M,Tomaić,,1,0
2021-06-11 16:52:00.000 +0200,Image,35,Stella L13,Unknown,Kusak,,1,0
2020-03-03 12:00:00.000 +0100,Image,165,Kazo L23 ,M,Kusak,,1,0
2019-12-10 09:23:00.000 +0100,Image,167,Mali,Unknown,Toplicanec,,1,1
2021-08-31 10:01:00.000 +0200,Image,198,Alojzije L24,M,Blašković,,1,0
2021-11-18 11:21:00.000 +0100,Image,224,Prpa,M,Rukavina,,1,0
2021-11-03 06:57:00.000 +0100,Image,224,Prpa,M,Rukavina,,1,0
2021-08-27 18:44:00.000 +0200,Image,223,Suzi,Z,Tomaić,,1,0
2021-10-06 11:23:00.000 +0200,Image,224,Prpa,M,Rukavina,,1,0
2020-12-05 01:00:00.000 +0100,Hair,220,Šiljo,M,Slijepčević,,1,0
2022-10-26 10:22:00.000 +0200,Image,380,Tara,Z,Tomaić,,2,1
2021-10-31 03:23:00.000 +0100,Image,181,Pandora L31,M,Rukavina,,1,0
2021-11-23 17:05:00.000 +0100,Image,181,Pandora L31,M,Rukavina,,1,0
2022-10-26 10:22:00.000 +0200,Image,381,Tara mladunac 2022,Unknown,Tomaić,,2,1
2022-12-06 01:42:00.000 +0100,Image,202,Vilim,M,Tomaić,,1,0
2021-12-16 14:00:00.000 +0100,Lynx kill,264,Emil,M,Blašković,,1,0
2021-05-30 04:27:00.000 +0200,Image,181,Pandora L31,M,Blašković,,1,0
2022-02-04 19:00:00.000 +0100,Caught,173,Josip L29,M,Toplicanec,,1,0
2022-01-05 16:38:00.000 +0100,Image,174,Irena,Z,Tomaić,,1,0
2021-05-03 10:03:00.000 +0200,Image,296,Suja,Unknown,Blašković,,1,0
2021-09-12 14:52:00.000 +0200,Image,297,Rosa,Z,Tomaić,,1,0
2021-08-26 06:39:00.000 +0200,Image,297,Rosa,Z,Tomaić,,1,0
2021-08-26 15:08:00.000 +0200,Image,297,Rosa,Z,Tomaić,,1,0
2021-08-03 12:43:00.000 +0200,Image,298,Louis,M,Rukavina,,1,0
2021-08-10 11:40:00.000 +0200,Image,298,Louis,M,Rukavina,,1,0
2021-07-15 06:35:00.000 +0200,Image,301,Milo,Unknown,Tomaić,,1,0
2021-06-28 17:14:00.000 +0200,Image,301,Milo,Unknown,Tomaić,,1,0
2021-06-29 02:00:00.000 +0200,Image,302,Kan,Unknown,Rukavina,,1,0
2021-07-08 21:52:00.000 +0200,Image,302,Kan,Unknown,Rukavina,,1,0
2021-06-06 16:45:00.000 +0200,Image,304,Loki,M,Rukavina,,1,0
2021-06-27 01:22:00.000 +0200,Image,306,Toma,Unknown,Blašković,,1,0
2021-03-26 14:00:00.000 +0100,Hair,204,Vitrenka,Z,Tomaić,,1,0
2021-04-26 12:00:00.000 +0200,Hair,204,Vitrenka,Z,Tomaić,,1,0
2022-01-30 14:28:00.000 +0100,Image,257,Kira,Z,Toplicanec,,1,0
2021-12-07 20:03:00.000 +0100,Image,203,Boris,M,Iskrić,,1,0
2022-01-29 02:54:00.000 +0100,Image,203,Boris,M,Iskrić,,1,0
2021-11-17 16:04:00.000 +0100,Image,220,Šiljo,M,Iskrić,,1,0
2021-11-17 23:10:00.000 +0100,Image,14,Goran ZIP L09,M,Iskrić,,1,0
2021-11-22 14:05:00.000 +0100,Image,220,Šiljo,M,Iskrić,,1,0
2021-11-25 16:02:00.000 +0100,Image,14,Goran ZIP L09,M,Iskrić,,1,0
2021-11-28 18:29:00.000 +0100,Image,220,Šiljo,M,Iskrić,,1,0
2021-11-29 16:19:00.000 +0100,Image,14,Goran ZIP L09,M,Iskrić,,1,0
2021-12-03 14:36:00.000 +0100,Image,220,Šiljo,M,Iskrić,,1,0
2021-12-06 16:01:00.000 +0100,Image,220,Šiljo,M,Iskrić,,1,0
2021-12-11 12:22:00.000 +0100,Image,14,Goran ZIP L09,M,Iskrić,,1,0
2021-12-11 18:00:00.000 +0100,Image,220,Šiljo,M,Iskrić,,1,0
2021-12-20 12:19:00.000 +0100,Image,220,Šiljo,M,Iskrić,,1,0
2021-12-21 02:10:00.000 +0100,Image,14,Goran ZIP L09,M,Iskrić,,1,0
2021-12-28 14:12:00.000 +0100,Image,14,Goran ZIP L09,M,Iskrić,,1,0
2022-01-01 12:22:00.000 +0100,Image,220,Šiljo,M,Iskrić,,1,0
2022-01-11 19:50:00.000 +0100,Image,220,Šiljo,M,Iskrić,,1,0
2022-01-15 16:06:00.000 +0100,Image,220,Šiljo,M,Iskrić,,1,0
2022-01-16 08:19:00.000 +0100,Image,14,Goran ZIP L09,M,Iskrić,,1,0
2022-01-21 16:42:00.000 +0100,Image,14,Goran ZIP L09,M,Iskrić,,1,0
2022-01-21 21:03:00.000 +0100,Image,220,Šiljo,M,Iskrić,,1,0
2022-01-31 14:16:00.000 +0100,Image,14,Goran ZIP L09,M,Iskrić,,1,0
2022-02-03 07:08:00.000 +0100,Image,220,Šiljo,M,Iskrić,,1,0
2022-02-08 05:09:00.000 +0100,Image,14,Goran ZIP L09,M,Iskrić,,1,0
2022-02-10 10:12:00.000 +0100,Image,14,Goran ZIP L09,M,Iskrić,,1,0
2021-11-21 10:15:00.000 +0100,Image,4,Spot,Z,Iskrić,,2,1
2021-11-21 10:15:00.000 +0100,Image,275,Mila,Unknown,Iskrić,,2,1
2021-11-21 22:02:00.000 +0100,Image,220,Šiljo,M,Iskrić,,1,0
2021-12-13 11:54:00.000 +0100,Image,4,Spot,Z,Iskrić,,2,1
2021-12-13 11:54:00.000 +0100,Image,275,Mila,Unknown,Iskrić,,2,1
2021-12-22 14:46:00.000 +0100,Image,220,Šiljo,M,Iskrić,,1,0
2022-01-15 21:16:00.000 +0100,Image,4,Spot,Z,Iskrić,,2,1
2022-01-15 21:16:00.000 +0100,Image,275,Mila,Unknown,Iskrić,,2,1
2022-01-16 00:15:00.000 +0100,Image,220,Šiljo,M,Iskrić,,1,0
2020-11-05 17:18:00.000 +0100,Image,14,Goran ZIP L09,M,Iskrić,,1,0
2020-12-04 10:20:00.000 +0100,Image,14,Goran ZIP L09,M,Iskrić,,1,0
2020-12-24 23:30:00.000 +0100,Image,14,Goran ZIP L09,M,Iskrić,,1,0
2020-12-28 04:24:00.000 +0100,Image,14,Goran ZIP L09,M,Iskrić,,1,0
2020-12-28 16:03:00.000 +0100,Image,14,Goran ZIP L09,M,Iskrić,,1,0
2021-02-01 02:31:00.000 +0100,Image,14,Goran ZIP L09,M,Iskrić,,1,0
2021-02-11 10:23:00.000 +0100,Image,14,Goran ZIP L09,M,Iskrić,,1,0
2021-03-08 10:16:00.000 +0100,Image,14,Goran ZIP L09,M,Iskrić,,1,0
2020-12-18 05:50:00.000 +0100,Image,220,Šiljo,M,Iskrić,,1,0
2020-12-14 17:25:00.000 +0100,Image,225,Frida,Z,Iskrić,,1,0
2021-01-28 07:36:00.000 +0100,Image,137,Marta,Z,Iskrić,,2,1
2020-10-27 19:07:00.000 +0100,Image,276,Saša,M,Iskrić,,1,0
2014-08-05 07:11:00.000 +0200,Image,56,Luce,Z,Kusak,,4,3
2021-08-04 12:14:00.000 +0200,Image,228,Mladen LCRO24,M,Iskrić,,1,0
2021-07-17 20:14:00.000 +0200,Image,46,Damir,M,Iskrić,,1,0
2021-07-12 19:33:00.000 +0200,Image,150,Rista L18,M,Iskrić,,1,0
2021-08-15 10:36:00.000 +0200,Image,150,Rista L18,M,Iskrić,,1,0
2021-08-31 02:26:00.000 +0200,Image,260,Lara L27,Z,Iskrić,,1,0
2020-11-18 21:20:00.000 +0100,Image,137,Marta,Z,Iskrić,,4,3
2022-02-07 17:15:00.000 +0100,Image,204,Vitrenka,Z,Tomaić,,1,0
2022-02-07 17:19:00.000 +0100,Image,204,Vitrenka,Z,Tomaić,,1,0
2022-02-23 15:30:00.000 +0100,Image,181,Pandora L31,M,Tomaić,,1,0
2022-03-03 13:00:00.000 +0100,GPS collar,203,Boris,M,Slijepčević,,1,0
2022-03-03 16:30:00.000 +0100,GPS collar,203,Boris,M,Slijepčević,,1,0
2022-02-23 00:00:00.000 +0100,Lynx kill,173,Josip L29,M,Tomaić,,1,0
2022-02-24 01:00:00.000 +0100,Lynx kill,173,Josip L29,M,Tomaić,,1,0
2022-02-24 02:19:00.000 +0100,Image,204,Vitrenka,Z,Tomaić,,1,0
2022-02-13 09:05:00.000 +0100,Image,72,Pačo,M,Tomaić,,1,0
2022-01-03 14:20:00.000 +0100,Image,202,Vilim,M,Tomaić,,1,0
2022-01-14 15:15:00.000 +0100,Image,202,Vilim,M,Tomaić,,1,0
2022-01-15 03:49:00.000 +0100,Image,174,Irena,Z,Tomaić,,1,0
2022-01-23 05:43:00.000 +0100,Image,72,Pačo,M,Tomaić,,1,0
2015-09-21 12:43:00.000 +0200,Image,53,Crna Kosa,Unknown,Kusak,,1,0
2021-03-22 03:37:00.000 +0100,Image,307,Ris Larmina D,Unknown,Iskrić,,1,0
2021-04-02 17:39:00.000 +0200,Image,309,Martin mali 2020,Unknown,Iskrić,,1,0
2021-12-21 15:05:00.000 +0100,Image,311,Pepi,M,Iskrić,,1,0
2022-01-07 03:44:00.000 +0100,Image,311,Pepi,M,Iskrić,,1,0
2019-04-26 19:05:00.000 +0200,Image,165,Kazo L23 ,M,Kusak,,1,0
2019-04-26 05:03:00.000 +0200,Image,165,Kazo L23 ,M,Kusak,,1,0
2018-10-06 04:33:00.000 +0200,Image,165,Kazo L23 ,M,Kusak,,1,0
2020-04-12 12:57:00.000 +0200,Image,313,Yellow fellow,Unknown,Kusak,,1,0
2020-10-13 14:10:00.000 +0200,Image,312,Figo,Z,Kusak,,1,0
2020-05-06 20:31:00.000 +0200,Image,312,Figo,Z,Kusak,,1,0
2014-10-13 19:04:00.000 +0200,Image,18,Iva L10,Z,Kusak,,1,0
2015-09-14 10:59:00.000 +0200,Image,18,Iva L10,Z,Kusak,,1,0
2018-10-25 09:04:00.000 +0200,Image,35,Stella L13,Unknown,Kusak,,1,0
2018-05-10 08:50:00.000 +0200,Image,35,Stella L13,Unknown,Kusak,,1,0
2021-03-03 14:59:00.000 +0100,Image,35,Stella L13,Unknown,Kusak,,1,0
2018-06-16 18:40:00.000 +0200,Image,35,Stella L13,Unknown,Kusak,,1,0
2020-04-09 17:10:00.000 +0200,Image,35,Stella L13,Unknown,Kusak,,1,0
2020-10-20 14:42:00.000 +0200,Image,35,Stella L13,Unknown,Kusak,,1,0
2020-10-30 22:00:00.000 +0100,Image,314,Shiny,Unknown,Kusak,,1,0
2021-01-18 00:56:00.000 +0100,Image,315,Mićun,Unknown,Kusak,,1,0
2020-12-30 17:16:00.000 +0100,Image,315,Mićun,Unknown,Kusak,,1,0
2021-05-02 04:54:00.000 +0200,Image,315,Mićun,Unknown,Kusak,,1,0
2021-05-13 18:15:00.000 +0200,Image,315,Mićun,Unknown,Kusak,,1,0
2020-12-31 07:05:00.000 +0100,Image,315,Mićun,Unknown,Kusak,,1,0
2021-02-15 17:24:00.000 +0100,Image,315,Mićun,Unknown,Kusak,,1,0
2020-10-22 19:51:00.000 +0200,Image,259,Fenix L26,M,Kusak,,1,0
2020-12-14 15:57:00.000 +0100,Image,259,Fenix L26,M,Kusak,,1,0
2021-04-23 21:17:00.000 +0200,Image,259,Fenix L26,M,Kusak,,1,0
2020-01-23 16:19:00.000 +0100,Image,259,Fenix L26,M,Kusak,,1,0
2021-03-02 16:19:00.000 +0100,Image,259,Fenix L26,M,Kusak,,1,0
2021-12-13 23:01:00.000 +0100,Image,153,Malia,Unknown,Kusak,,1,0
2021-02-15 02:12:00.000 +0100,Image,153,Malia,Unknown,Kusak,,1,0
2021-02-21 01:57:00.000 +0100,Image,153,Malia,Unknown,Kusak,,1,0
2021-02-25 18:47:00.000 +0100,Image,153,Malia,Unknown,Kusak,,1,0
2022-10-25 15:12:00.000 +0200,Image,174,Irena,Z,Tomaić,,1,0
2021-08-11 13:57:00.000 +0200,Image,153,Malia,Unknown,Kusak,,1,0
2020-11-13 12:32:00.000 +0100,Image,153,Malia,Unknown,Kusak,,1,0
2021-04-19 18:40:00.000 +0200,Image,153,Malia,Unknown,Kusak,,1,0
2020-11-29 16:54:00.000 +0100,Image,316,Mailo,Unknown,Kusak,,1,0
2021-02-13 12:19:00.000 +0100,Image,316,Mailo,Unknown,Kusak,,1,0
2021-02-13 07:18:00.000 +0100,Image,316,Mailo,Unknown,Kusak,,1,0
2020-02-20 04:01:00.000 +0100,Image,165,Kazo L23 ,M,Kusak,,1,0
2021-03-31 19:27:00.000 +0200,Image,165,Kazo L23 ,M,Kusak,,1,0
2021-04-14 14:41:00.000 +0200,Image,165,Kazo L23 ,M,Kusak,,1,0
2021-06-13 06:04:00.000 +0200,Image,153,Malia,Unknown,Kusak,,1,0
2022-03-30 04:00:00.000 +0200,Caught,181,Pandora L31,M,Toplicanec,,1,0
2021-11-30 10:45:00.000 +0100,Image,233,Nikolina,Z,Blašković,,1,0
2021-09-16 11:38:00.000 +0200,Image,270,Matea,Z,Fabijanić,,4,3
2022-03-17 21:00:00.000 +0100,Lynx kill,173,Josip L29,M,Tomaić,,1,0
2021-09-16 11:38:00.000 +0200,Image,328,Matea mladunac1 2021,Unknown,Fabijanić,,4,3
2021-09-16 11:38:00.000 +0200,Image,329,Matea mladunac2 2021,Unknown,Fabijanić,,4,3
2022-05-20 20:54:00.000 +0200,Image,220,Šiljo,M,Iskrić,,1,0
2022-08-15 22:57:00.000 +0200,Image,220,Šiljo,M,Iskrić,,1,0
2022-03-09 04:40:00.000 +0100,Image,247,Vedran,M,Tomaić,,1,0
2022-02-28 12:41:00.000 +0100,Image,181,Pandora L31,M,Blašković,,1,0
2022-02-28 20:29:00.000 +0100,Image,181,Pandora L31,M,Blašković,,1,0
2022-03-02 05:49:00.000 +0100,Image,204,Vitrenka,Z,Blašković,,1,0
2022-03-03 21:01:00.000 +0100,Image,204,Vitrenka,Z,Blašković,,1,0
2022-03-11 03:06:00.000 +0100,Image,204,Vitrenka,Z,Blašković,,1,0
2022-03-06 17:18:00.000 +0100,Image,72,Pačo,M,Tomaić,,1,0
2021-12-04 19:22:00.000 +0100,Image,210,Bjorn,M,Blašković,,1,0
2021-12-10 09:21:00.000 +0100,Image,210,Bjorn,M,Blašković,,1,0
2021-12-15 17:40:00.000 +0100,Image,210,Bjorn,M,Blašković,,1,0
2021-12-21 03:41:00.000 +0100,Image,210,Bjorn,M,Blašković,,1,0
2022-01-22 18:40:00.000 +0100,Image,210,Bjorn,M,Blašković,,1,0
2022-02-09 17:43:00.000 +0100,Image,210,Bjorn,M,Blašković,,1,0
2022-02-18 02:16:00.000 +0100,Image,210,Bjorn,M,Blašković,,1,0
2022-04-11 20:00:00.000 +0200,Lynx kill,264,Emil,M,Blašković,,1,0
2022-04-19 20:00:00.000 +0200,Lynx kill,181,Pandora L31,M,Blašković,,1,0
2022-03-28 05:38:00.000 +0200,Image,72,Pačo,M,Tomaić,,1,0
2022-04-03 02:29:00.000 +0200,Image,173,Josip L29,M,Tomaić,,1,0
2022-03-28 22:40:00.000 +0200,Image,72,Pačo,M,Tomaić,,1,0
2022-03-29 20:34:00.000 +0200,Image,72,Pačo,M,Tomaić,,1,0
2022-04-05 03:07:00.000 +0200,Image,72,Pačo,M,Tomaić,,1,0
2022-03-16 17:10:00.000 +0100,Image,247,Vedran,M,Blašković,,1,0
2022-04-03 19:25:00.000 +0200,Image,247,Vedran,M,Tomaić,,1,0
2022-03-19 01:18:00.000 +0100,Image,247,Vedran,M,Tomaić,,1,0
2022-03-21 03:34:00.000 +0100,Image,247,Vedran,M,Tomaić,,1,0
2022-02-21 08:26:00.000 +0100,Image,202,Vilim,M,Tomaić,,1,0
2022-02-27 06:46:00.000 +0100,Image,174,Irena,Z,Tomaić,,1,0
2022-04-02 17:39:00.000 +0200,Image,202,Vilim,M,Tomaić,,1,0
2022-02-05 07:31:00.000 +0100,Image,202,Vilim,M,Tomaić,,1,0
2022-03-27 16:33:00.000 +0200,Image,181,Pandora L31,M,Blašković,,1,0
2021-12-15 06:40:00.000 +0100,Image,210,Bjorn,M,Blašković,,1,0
2021-05-09 01:11:00.000 +0200,Image,317,Koda,Unknown,Rukavina,,1,0
2022-09-18 17:40:00.000 +0200,Image,383,Fly,Unknown,Tomaić,,1,0
2022-02-22 10:22:00.000 +0100,Image,14,Goran ZIP L09,M,Toplicanec,,1,0
2022-03-24 09:31:00.000 +0100,Image,14,Goran ZIP L09,M,Toplicanec,,1,0
2022-03-20 20:32:00.000 +0100,Image,14,Goran ZIP L09,M,Toplicanec,,1,0
2021-10-03 12:00:00.000 +0200,Dead,219,Jela LCRO21,Z,Toplicanec,,1,0
2022-01-17 12:00:00.000 +0100,Dead,292,Marta L28 LCRO22,Z,Blašković,,1,0
2021-02-25 03:25:00.000 +0100,Image,319,Rudine mali 2020,Unknown,Iskrić,,2,2
2022-04-15 02:42:00.000 +0200,Image,204,Vitrenka,Z,Tomaić,,1,0
2022-04-21 04:52:00.000 +0200,Image,204,Vitrenka,Z,Tomaić,,1,0
2022-04-29 19:38:00.000 +0200,Image,204,Vitrenka,Z,Tomaić,,1,0
2021-12-16 12:33:00.000 +0100,Image,4,Spot,Z,Iskrić,,2,1
2021-12-16 12:33:00.000 +0100,Image,275,Mila,Unknown,Iskrić,,2,1
2022-02-14 04:39:00.000 +0100,Image,4,Spot,Z,Iskrić,,2,1
2022-02-14 04:39:00.000 +0100,Image,275,Mila,Unknown,Iskrić,,2,1
2022-02-22 19:19:00.000 +0100,Image,220,Šiljo,M,Iskrić,,1,0
2022-02-25 06:27:00.000 +0100,Image,220,Šiljo,M,Iskrić,,1,0
2022-02-11 03:11:00.000 +0100,Image,220,Šiljo,M,Iskrić,,1,0
2022-02-19 05:41:00.000 +0100,Image,220,Šiljo,M,Iskrić,,1,0
2022-03-20 18:07:00.000 +0100,Image,220,Šiljo,M,Iskrić,,1,0
2022-02-15 17:57:00.000 +0100,Image,14,Goran ZIP L09,M,Iskrić,,1,0
2022-02-13 18:25:00.000 +0100,Image,220,Šiljo,M,Iskrić,,1,0
2022-02-17 22:51:00.000 +0100,Image,14,Goran ZIP L09,M,Iskrić,,1,0
2022-02-21 12:54:00.000 +0100,Image,14,Goran ZIP L09,M,Iskrić,,1,0
2022-02-28 23:23:00.000 +0100,Image,220,Šiljo,M,Iskrić,,1,0
2022-03-01 00:15:00.000 +0100,Image,220,Šiljo,M,Iskrić,,1,0
2022-03-02 16:17:00.000 +0100,Image,14,Goran ZIP L09,M,Iskrić,,1,0
2022-03-05 14:06:00.000 +0100,Image,220,Šiljo,M,Iskrić,,1,0
2022-03-13 08:34:00.000 +0100,Image,14,Goran ZIP L09,M,Iskrić,,1,0
2022-03-13 09:34:00.000 +0100,Image,14,Goran ZIP L09,M,Iskrić,,1,0
2022-03-19 06:35:00.000 +0100,Image,220,Šiljo,M,Iskrić,,1,0
2022-04-04 03:44:00.000 +0200,Image,14,Goran ZIP L09,M,Iskrić,,1,0
2022-04-04 03:31:00.000 +0200,Image,220,Šiljo,M,Iskrić,,1,0
2022-04-09 16:31:00.000 +0200,Image,220,Šiljo,M,Iskrić,,1,0
2022-04-11 00:17:00.000 +0200,Image,14,Goran ZIP L09,M,Iskrić,,1,0
2022-04-11 01:12:00.000 +0200,Image,14,Goran ZIP L09,M,Iskrić,,1,0
2022-04-15 00:36:00.000 +0200,Image,14,Goran ZIP L09,M,Iskrić,,1,0
2022-04-15 03:54:00.000 +0200,Image,14,Goran ZIP L09,M,Iskrić,,1,0
2022-04-23 16:53:00.000 +0200,Image,14,Goran ZIP L09,M,Iskrić,,1,0
2022-04-25 16:36:00.000 +0200,Image,220,Šiljo,M,Iskrić,,1,0
2022-04-29 14:38:00.000 +0200,Image,14,Goran ZIP L09,M,Iskrić,,1,0
2022-04-30 20:43:00.000 +0200,Image,220,Šiljo,M,Iskrić,,1,0
2022-05-01 03:40:00.000 +0200,Image,14,Goran ZIP L09,M,Iskrić,,1,0
2022-05-02 12:39:00.000 +0200,Image,14,Goran ZIP L09,M,Iskrić,,1,0
2022-02-16 14:09:00.000 +0100,Image,4,Spot,Z,Iskrić,,2,1
2022-02-16 14:09:00.000 +0100,Image,275,Mila,Unknown,Iskrić,,2,1
2022-03-20 08:11:00.000 +0100,Image,220,Šiljo,M,Iskrić,,1,0
2022-04-19 06:04:00.000 +0200,Image,220,Šiljo,M,Iskrić,,1,0
2021-12-02 09:33:00.000 +0100,Image,4,Spot,Z,Iskrić,,2,1
2021-12-02 09:33:00.000 +0100,Image,275,Mila,Unknown,Iskrić,,2,1
2021-12-20 05:13:00.000 +0100,Image,220,Šiljo,M,Iskrić,,1,0
2021-12-04 16:34:00.000 +0100,Image,220,Šiljo,M,Iskrić,,1,0
2021-12-27 20:58:00.000 +0100,Image,220,Šiljo,M,Iskrić,,1,0
2022-01-03 16:35:00.000 +0100,Image,220,Šiljo,M,Iskrić,,1,0
2022-01-11 19:44:00.000 +0100,Image,4,Spot,Z,Iskrić,,2,1
2022-01-11 19:44:00.000 +0100,Image,275,Mila,Unknown,Iskrić,,2,1
2022-01-12 04:04:00.000 +0100,Image,275,Mila,Unknown,Iskrić,,1,1
2022-01-10 06:30:00.000 +0100,Image,275,Mila,Unknown,Iskrić,,1,1
2022-01-12 11:26:00.000 +0100,Image,275,Mila,Unknown,Iskrić,,1,1
2022-01-13 07:05:00.000 +0100,Image,4,Spot,Z,Iskrić,,1,0
2022-01-19 23:18:00.000 +0100,Image,220,Šiljo,M,Iskrić,,1,0
2022-02-08 12:51:00.000 +0100,Image,220,Šiljo,M,Iskrić,,1,0
2022-02-17 07:01:00.000 +0100,Image,220,Šiljo,M,Iskrić,,1,0
2022-02-22 03:24:00.000 +0100,Image,220,Šiljo,M,Iskrić,,1,0
2022-02-23 03:30:00.000 +0100,Image,220,Šiljo,M,Iskrić,,1,0
2022-02-24 05:54:00.000 +0100,Image,220,Šiljo,M,Iskrić,,1,0
2022-02-26 02:57:00.000 +0100,Image,220,Šiljo,M,Iskrić,,1,0
2022-03-02 04:55:00.000 +0100,Image,275,Mila,Unknown,Iskrić,,1,1
2022-03-02 06:50:00.000 +0100,Image,275,Mila,Unknown,Iskrić,,1,1
2022-03-02 17:10:00.000 +0100,Image,220,Šiljo,M,Iskrić,,1,0
2022-03-02 17:50:00.000 +0100,Image,220,Šiljo,M,Iskrić,,1,0
2022-03-08 01:27:00.000 +0100,Image,4,Spot,Z,Iskrić,,1,0
2022-03-21 12:36:00.000 +0100,Image,320,Klif,M,Iskrić,,1,0
2022-03-22 18:14:00.000 +0100,Image,320,Klif,M,Iskrić,,1,0
2022-03-23 10:13:00.000 +0100,Image,320,Klif,M,Iskrić,,1,0
2022-03-23 22:22:00.000 +0100,Image,220,Šiljo,M,Iskrić,,1,0
2022-05-03 04:27:00.000 +0200,Image,220,Šiljo,M,Iskrić,,1,0
2022-01-16 18:01:00.000 +0100,Image,228,Mladen LCRO24,M,Iskrić,,1,0
2022-02-08 01:50:00.000 +0100,Image,228,Mladen LCRO24,M,Iskrić,,1,0
2022-03-06 03:07:00.000 +0100,Image,228,Mladen LCRO24,M,Iskrić,,1,0
2021-04-01 12:24:00.000 +0200,Image,308,Ris Larmina L,Unknown,Iskrić,,1,0
2020-12-11 17:05:00.000 +0100,Image,318,Ris Rudine L,M,Iskrić,,1,0
2021-10-19 07:07:00.000 +0200,Image,321,Gerovo D,Unknown,Iskrić,,1,0
2022-03-19 00:00:00.000 +0100,Lynx kill,264,Emil,M,Tomaić,,1,0
2022-05-12 18:27:00.000 +0200,Image,204,Vitrenka,Z,Tomaić,,1,0
2022-04-11 04:01:00.000 +0200,Image,203,Boris,M,Iskrić,,1,0
2022-03-26 05:52:00.000 +0100,Image,203,Boris,M,Iskrić,,1,0
2021-11-12 21:29:00.000 +0100,Image,228,Mladen LCRO24,M,Iskrić,,1,0
2021-11-22 10:55:00.000 +0100,Image,228,Mladen LCRO24,M,Iskrić,,1,0
2021-12-03 18:37:00.000 +0100,Image,228,Mladen LCRO24,M,Iskrić,,1,0
2021-12-03 22:42:00.000 +0100,Image,228,Mladen LCRO24,M,Iskrić,,1,0
2021-12-12 14:03:00.000 +0100,Image,228,Mladen LCRO24,M,Iskrić,,1,0
2022-01-07 14:52:00.000 +0100,Image,228,Mladen LCRO24,M,Iskrić,,1,0
2022-01-07 09:47:00.000 +0100,Image,228,Mladen LCRO24,M,Iskrić,,1,0
2022-02-08 05:41:00.000 +0100,Image,228,Mladen LCRO24,M,Iskrić,,1,0
2022-02-08 05:41:00.000 +0100,Image,228,Mladen LCRO24,M,Iskrić,,1,0
2021-12-12 16:38:00.000 +0100,Image,228,Mladen LCRO24,M,Iskrić,,1,0
2020-11-26 09:19:00.000 +0100,Image,179,Larisa Ares,Unknown,Fabijanić,,1,0
2020-05-12 17:24:00.000 +0200,Image,14,Goran ZIP L09,M,Toplicanec,,1,0
2021-03-11 23:59:00.000 +0100,Image,14,Goran ZIP L09,M,Toplicanec,,1,0
2020-12-15 11:05:00.000 +0100,Image,14,Goran ZIP L09,M,Toplicanec,,1,0
2021-02-19 12:29:00.000 +0100,Image,14,Goran ZIP L09,M,Toplicanec,,1,0
2021-05-20 20:30:00.000 +0200,Image,14,Goran ZIP L09,M,Toplicanec,,1,0
2021-04-22 01:52:00.000 +0200,Image,14,Goran ZIP L09,M,Toplicanec,,1,0
2021-04-17 07:07:00.000 +0200,Image,262,Ibsen,Z,Toplicanec,,1,0
2021-05-21 23:21:00.000 +0200,Image,262,Ibsen,Z,Toplicanec,,1,0
2021-03-22 12:53:00.000 +0100,Image,262,Ibsen,Z,Toplicanec,,1,0
2022-03-23 06:10:00.000 +0100,Image,262,Ibsen,Z,Toplicanec,,1,0
2021-03-26 03:33:00.000 +0100,Image,262,Ibsen,Z,Toplicanec,,1,0
2021-02-11 03:41:00.000 +0100,Image,263,Kain,Unknown,Toplicanec,,1,0
2021-03-20 16:53:00.000 +0100,Image,263,Kain,Unknown,Toplicanec,,1,0
2021-03-22 12:49:00.000 +0100,Image,263,Kain,Unknown,Toplicanec,,1,0
2021-05-02 04:54:00.000 +0200,Image,257,Kira,Z,Toplicanec,,1,0
2021-02-12 17:17:00.000 +0100,Image,257,Kira,Z,Toplicanec,,1,0
2021-03-22 13:05:00.000 +0100,Image,257,Kira,Z,Toplicanec,,1,0
2021-04-23 18:07:00.000 +0200,Image,289,Rea,Z,Toplicanec,,1,0
2022-11-08 19:25:00.000 +0100,Image,202,Vilim,M,Tomaić,,1,0
2021-05-02 22:04:00.000 +0200,Image,289,Rea,Z,Toplicanec,,1,0
2021-05-01 05:49:00.000 +0200,Image,166,Zarez,M,Toplicanec,,1,0
2021-04-05 04:10:00.000 +0200,Image,166,Zarez,M,Toplicanec,,1,0
2021-02-09 06:25:00.000 +0100,Image,166,Zarez,M,Toplicanec,,1,0
2021-03-09 13:14:00.000 +0100,Image,166,Zarez,M,Toplicanec,,1,0
2021-02-12 17:16:00.000 +0100,Image,166,Zarez,M,Toplicanec,,1,0
2021-02-13 11:46:00.000 +0100,Image,166,Zarez,M,Toplicanec,,1,0
2021-01-14 04:46:00.000 +0100,Image,166,Zarez,M,Toplicanec,,1,0
2021-01-18 13:52:00.000 +0100,Image,166,Zarez,M,Toplicanec,,1,0
2021-02-24 05:39:00.000 +0100,Image,166,Zarez,M,Toplicanec,,1,0
2021-02-27 00:13:00.000 +0100,Image,166,Zarez,M,Toplicanec,,1,0
2020-12-09 02:31:00.000 +0100,Image,14,Goran ZIP L09,M,Toplicanec,,1,0
2022-06-01 02:39:00.000 +0200,Image,311,Pepi,M,Iskrić,,1,0
2022-06-10 19:40:00.000 +0200,Image,311,Pepi,M,Iskrić,,1,0
2022-05-20 02:32:00.000 +0200,Image,150,Rista L18,M,Iskrić,,1,0
2022-06-10 08:41:00.000 +0200,Image,150,Rista L18,M,Iskrić,,1,0
2022-03-21 18:03:00.000 +0100,Image,225,Frida,Z,Iskrić,,2,0
2021-01-01 02:15:00.000 +0100,Image,322,Gerovo L,Unknown,Iskrić,,1,0
2021-03-12 00:59:00.000 +0100,Image,14,Goran ZIP L09,M,Toplicanec,,1,0
2022-09-13 17:40:00.000 +0200,Image,220,Šiljo,M,Iskrić,,1,0
2021-05-17 18:10:00.000 +0200,Image,289,Rea,Z,Toplicanec,,1,0
2021-05-01 05:49:00.000 +0200,Image,166,Zarez,M,Toplicanec,,1,0
2022-03-22 13:48:00.000 +0100,Image,262,Ibsen,Z,Toplicanec,,2,0
2022-03-22 13:48:00.000 +0100,Image,263,Kain,Unknown,Toplicanec,,2,0
2021-12-17 21:34:00.000 +0100,Image,259,Fenix L26,M,Blašković,,1,0
2022-07-04 08:45:00.000 +0200,Image,247,Vedran,M,Tomaić,,1,0
2022-01-11 00:24:00.000 +0100,Image,323,Slavko L35,M,Toplicanec,,1,0
2022-01-03 22:35:00.000 +0100,Image,323,Slavko L35,M,Toplicanec,,1,0
2022-01-09 01:39:00.000 +0100,Image,323,Slavko L35,M,Toplicanec,,1,0
2022-01-10 19:07:00.000 +0100,Image,323,Slavko L35,M,Toplicanec,,1,0
2022-01-22 18:17:00.000 +0100,Image,323,Slavko L35,M,Toplicanec,,1,0
2022-07-26 09:23:00.000 +0200,Image,202,Vilim,M,Tomaić,,1,0
2022-02-01 17:43:00.000 +0100,Image,323,Slavko L35,M,Toplicanec,,1,0
2022-02-02 04:21:00.000 +0100,Image,323,Slavko L35,M,Toplicanec,,1,0
2022-02-06 23:50:00.000 +0100,Image,323,Slavko L35,M,Toplicanec,,1,0
2022-02-18 03:15:00.000 +0100,Image,323,Slavko L35,M,Toplicanec,,1,0
2022-01-09 20:31:00.000 +0100,Image,323,Slavko L35,M,Toplicanec,,1,0
2021-10-14 17:15:00.000 +0200,Image,257,Kira,Z,Toplicanec,,1,0
2022-01-08 22:14:00.000 +0100,Image,323,Slavko L35,M,Toplicanec,,1,0
2022-11-19 11:54:00.000 +0100,Image,202,Vilim,M,Tomaić,,1,0
2021-11-09 04:53:00.000 +0100,Image,14,Goran ZIP L09,M,Toplicanec,,1,0
2021-10-19 03:30:00.000 +0200,Image,14,Goran ZIP L09,M,Toplicanec,,1,0
2021-12-08 19:08:00.000 +0100,Image,14,Goran ZIP L09,M,Toplicanec,,1,0
2021-12-08 15:57:00.000 +0100,Image,14,Goran ZIP L09,M,Toplicanec,,1,0
2021-11-14 08:00:00.000 +0100,Image,257,Kira,Z,Toplicanec,,1,0
2021-10-09 07:39:00.000 +0200,Image,14,Goran ZIP L09,M,Toplicanec,,1,0
2022-03-02 20:39:00.000 +0100,Image,323,Slavko L35,M,Toplicanec,,1,0
2022-03-06 01:40:00.000 +0100,Image,14,Goran ZIP L09,M,Toplicanec,,1,0
2022-03-14 04:29:00.000 +0100,Image,14,Goran ZIP L09,M,Toplicanec,,1,0
2021-03-11 22:30:00.000 +0100,Image,98,Fulir,Unknown,Blašković,,1,0
2022-03-06 09:21:00.000 +0100,Image,323,Slavko L35,M,Toplicanec,,1,0
2022-02-26 06:46:00.000 +0100,Image,323,Slavko L35,M,Toplicanec,,1,0
2022-02-20 17:31:00.000 +0100,Image,323,Slavko L35,M,Toplicanec,,1,0
2022-04-04 03:35:00.000 +0200,Image,323,Slavko L35,M,Toplicanec,,1,0
2022-04-14 00:53:00.000 +0200,Image,323,Slavko L35,M,Toplicanec,,1,0
2022-04-26 17:10:00.000 +0200,Image,290,Ren,M,Toplicanec,,1,0
2022-08-15 18:20:00.000 +0200,Image,181,Pandora L31,M,Tomaić,,1,0
2020-05-22 23:30:00.000 +0200,Image,325,Gaia,Unknown,Gomerčić,,1,0
2021-08-21 22:32:00.000 +0200,Image,344,Grey,Unknown,Gomerčić,,1,0
2021-05-16 04:06:00.000 +0200,Image,202,Vilim,M,Tomaić,,1,0
2021-05-13 05:52:00.000 +0200,Image,202,Vilim,M,Tomaić,,1,0
2021-05-13 15:51:00.000 +0200,Image,202,Vilim,M,Tomaić,,1,0
2021-05-12 02:49:00.000 +0200,Image,202,Vilim,M,Tomaić,,1,0
2021-05-10 02:34:00.000 +0200,Image,247,Vedran,M,Tomaić,,1,0
2021-05-05 09:49:00.000 +0200,Image,202,Vilim,M,Tomaić,,1,0
2021-05-04 22:22:00.000 +0200,Image,247,Vedran,M,Tomaić,,1,0
2021-06-05 19:45:00.000 +0200,Image,327,Kali,Unknown,Blašković,,1,0
2022-03-02 03:08:00.000 +0100,Image,170,Orbis,Unknown,Blašković,,1,0
2022-02-22 21:39:00.000 +0100,Image,170,Orbis,Unknown,Blašković,,1,0
2021-11-30 08:46:00.000 +0100,Image,233,Nikolina,Z,Blašković,,1,0
2022-07-18 16:17:00.000 +0200,Image,387,Ed,Unknown,Krmpotić,,1,0
2022-07-08 08:50:00.000 +0200,Image,386,Benjamin,Unknown,Blašković,,1,0
2022-04-16 15:21:00.000 +0200,Image,388,Fefo,Unknown,Tomaić,,1,0
2021-08-09 07:21:00.000 +0200,Image,180,Buna,Z,Rukavina,,1,0
2022-03-17 08:51:00.000 +0100,Image,331,Odin,M,Blašković,,1,0
2022-03-20 04:35:00.000 +0100,Image,331,Odin,M,Blašković,,1,0
2021-09-28 17:39:00.000 +0200,Image,331,Odin,M,Rukavina,,1,0
2020-12-01 10:28:00.000 +0100,Image,336,Rubrum,Unknown,Selanec,,1,0
2020-05-13 07:59:00.000 +0200,Image,337,Teris,Unknown,Blašković,,1,0
2021-07-08 06:13:00.000 +0200,Image,337,Teris,Unknown,Blašković,,1,0
2023-02-01 13:00:00.000 +0100,Lynx kill,173,Josip L29,M,Tomaić,,1,0
2020-12-09 06:49:00.000 +0100,Image,338,Unico (LBiH01),M,Fabijanić,,1,0
2023-01-21 20:00:00.000 +0100,Lynx kill,181,Pandora L31,M,Tomaić,,1,0
2021-06-27 22:12:00.000 +0200,Image,338,Unico (LBiH01),M,Fabijanić,,1,0
2021-07-21 20:06:00.000 +0200,Image,338,Unico (LBiH01),M,Fabijanić,,1,0
2021-07-24 02:43:00.000 +0200,Image,338,Unico (LBiH01),M,Fabijanić,,1,0
2021-09-06 20:09:00.000 +0200,Image,338,Unico (LBiH01),M,Fabijanić,,1,0
2021-09-26 06:24:00.000 +0200,Image,338,Unico (LBiH01),M,Fabijanić,,1,0
2021-10-11 07:02:00.000 +0200,Image,338,Unico (LBiH01),M,Fabijanić,,1,0
2022-12-23 23:00:00.000 +0100,Image,256,Olivia,Z,Gomerčić,,2,1
2022-09-28 03:13:00.000 +0200,Image,338,Unico (LBiH01),M,Rukavina,,1,0
2022-10-07 23:01:00.000 +0200,Image,338,Unico (LBiH01),M,Rukavina,,1,0
2022-10-15 21:46:00.000 +0200,Image,338,Unico (LBiH01),M,Rukavina,,1,0
2022-05-17 04:50:00.000 +0200,Image,338,Unico (LBiH01),M,Rukavina,,1,0
2022-06-13 01:53:00.000 +0200,Image,185,Plješivica BiH,Unknown,Rukavina,,1,0
2021-06-14 06:39:00.000 +0200,Image,339,Zita,Unknown,Fabijanić,,1,0
2021-06-19 01:37:00.000 +0200,Image,339,Zita,Unknown,Fabijanić,,1,0
2021-08-01 01:07:00.000 +0200,Image,339,Zita,Unknown,Fabijanić,,1,0
2021-08-07 14:28:00.000 +0200,Image,339,Zita,Unknown,Fabijanić,,1,0
2021-10-28 18:52:00.000 +0200,Image,339,Zita,Unknown,Fabijanić,,1,0
2021-11-21 23:28:00.000 +0100,Image,339,Zita,Unknown,Fabijanić,,1,0
2021-07-02 01:36:00.000 +0200,Image,340,Dante,M,Fabijanić,,1,0
2021-07-12 01:25:00.000 +0200,Image,340,Dante,M,Fabijanić,,1,0
2021-07-21 18:33:00.000 +0200,Image,340,Dante,M,Fabijanić,,1,0
2021-07-01 23:50:00.000 +0200,Image,341,Lenon,Unknown,Fabijanić,,1,0
2021-11-10 19:20:00.000 +0100,Image,344,Grey,Unknown,Gomerčić,,1,0
2020-11-09 17:46:00.000 +0100,Image,345,Maza,Unknown,Selanec,,1,0
2021-10-10 06:34:00.000 +0200,Image,317,Koda,Unknown,Iskrić,,1,0
2021-10-22 03:01:00.000 +0200,Image,317,Koda,Unknown,Iskrić,,1,0
2022-04-23 09:14:00.000 +0200,Image,346,Amir,M,Iskrić,,1,0
2022-09-19 21:01:00.000 +0200,Image,262,Ibsen,Z,Krmpotić,,1,0
2022-09-20 21:37:00.000 +0200,Image,140,L13 Velebit,Z,Krmpotić,,1,0
2022-09-21 07:48:00.000 +0200,Image,262,Ibsen,Z,Krmpotić,,3,2
2022-09-21 07:48:00.000 +0200,Image,349,Ibsen mladunac2 2022,Unknown,Krmpotić,,3,2
2022-09-21 07:48:00.000 +0200,Image,348,Ibsen mladunac1 2022,M,Krmpotić,,3,2
2022-08-31 17:19:00.000 +0200,Image,204,Vitrenka,Z,Tomaić,,1,0
2022-07-15 10:11:00.000 +0200,Image,181,Pandora L31,M,Tomaić,,1,0
2022-07-19 00:36:00.000 +0200,Image,174,Irena,Z,Tomaić,,1,0
2021-09-17 02:25:00.000 +0200,Image,353,Trisnja mladunac1 2021,Unknown,Blašković,,3,2
2021-09-17 02:25:00.000 +0200,Image,354,Trisnja mladunac2 2021,Unknown,Blašković,,3,2
2022-08-29 07:30:00.000 +0200,Image,262,Ibsen,Z,Krmpotić,,1,0
2020-01-01 07:00:00.000 +0100,Image,174,Irena,Z,Tomaić,,1,0
2022-08-27 01:32:00.000 +0200,Image,323,Slavko L35,M,Toplicanec,,1,0
2022-10-03 23:19:00.000 +0200,Image,323,Slavko L35,M,Toplicanec,,1,0
2021-12-18 19:40:00.000 +0100,Image,323,Slavko L35,M,Toplicanec,,1,0
2022-10-01 17:00:00.000 +0200,Caught,356,Karlo,M,Slijepčević,,1,1
2022-03-12 20:17:00.000 +0100,Image,170,Orbis,Unknown,Gomerčić,,1,0
2021-10-17 18:53:00.000 +0200,Image,270,Matea,Z,Fabijanić,,4,3
2021-10-17 18:53:00.000 +0200,Image,328,Matea mladunac1 2021,Unknown,Fabijanić,,4,3
2021-10-17 18:53:00.000 +0200,Image,329,Matea mladunac2 2021,Unknown,Fabijanić,,4,3
2022-05-19 17:57:00.000 +0200,Image,323,Slavko L35,M,Toplicanec,,1,0
2022-05-24 18:19:00.000 +0200,Image,290,Ren,M,Toplicanec,,1,0
2022-06-13 22:16:00.000 +0200,Image,323,Slavko L35,M,Toplicanec,,1,0
2022-07-03 16:12:00.000 +0200,Image,323,Slavko L35,M,Toplicanec,,1,0
2022-07-18 04:25:00.000 +0200,Image,323,Slavko L35,M,Toplicanec,,1,0
2022-07-23 20:00:00.000 +0200,Image,323,Slavko L35,M,Toplicanec,,1,0
2022-08-11 08:02:00.000 +0200,Image,323,Slavko L35,M,Toplicanec,,1,0
2022-08-30 00:51:00.000 +0200,Image,323,Slavko L35,M,Toplicanec,,1,0
2022-09-02 19:03:00.000 +0200,Image,323,Slavko L35,M,Toplicanec,,1,0
2022-10-01 11:43:00.000 +0200,Image,323,Slavko L35,M,Toplicanec,,1,0
2022-10-04 18:22:00.000 +0200,Image,323,Slavko L35,M,Toplicanec,,1,0
2022-10-20 04:23:00.000 +0200,Image,323,Slavko L35,M,Toplicanec,,1,0
2022-07-17 05:38:00.000 +0200,Image,323,Slavko L35,M,Toplicanec,,1,0
2022-08-06 07:55:00.000 +0200,Image,323,Slavko L35,M,Toplicanec,,1,0
2022-09-24 00:28:00.000 +0200,Image,323,Slavko L35,M,Toplicanec,,1,0
2022-05-27 00:06:00.000 +0200,Image,220,Šiljo,M,Iskrić,,1,0
2022-10-11 01:08:00.000 +0200,Image,220,Šiljo,M,Iskrić,,1,0
2022-09-23 06:41:00.000 +0200,Image,180,Buna,Z,Tomaić,,1,0
2022-03-19 13:49:00.000 +0100,Image,174,Irena,Z,Tomaić,,1,0
2022-01-05 21:12:00.000 +0100,Image,198,Alojzije L24,M,Fabijanić,,1,0
2021-10-23 22:30:00.000 +0200,Image,198,Alojzije L24,M,Fabijanić,,1,0
2021-08-26 16:28:00.000 +0200,Image,338,Unico (LBiH01),M,Fabijanić,,1,0
2021-08-28 23:17:00.000 +0200,Image,339,Zita,Unknown,Fabijanić,,1,0
2021-10-12 15:27:00.000 +0200,Image,341,Lenon,Unknown,Fabijanić,,1,0
2021-10-25 05:28:00.000 +0200,Image,338,Unico (LBiH01),M,Fabijanić,,1,0
2021-10-28 13:50:00.000 +0200,Image,338,Unico (LBiH01),M,Fabijanić,,1,0
2021-11-18 02:45:00.000 +0100,Image,338,Unico (LBiH01),M,Fabijanić,,1,0
2021-11-24 15:36:00.000 +0100,Image,342,Dean,Unknown,Fabijanić,,1,0
2021-01-13 16:15:00.000 +0100,Image,339,Zita,Unknown,Fabijanić,,1,0
2021-01-27 13:27:00.000 +0100,Image,179,Larisa Ares,Unknown,Fabijanić,,1,0
2021-02-07 12:09:00.000 +0100,Image,339,Zita,Unknown,Fabijanić,,1,0
2021-06-02 19:03:00.000 +0200,Image,338,Unico (LBiH01),M,Fabijanić,,1,0
2020-12-17 22:18:00.000 +0100,Image,339,Zita,Unknown,Fabijanić,,1,0
2018-11-27 02:31:00.000 +0100,Image,70,Ilija,Unknown,Selanec,,1,0
2019-02-05 18:42:00.000 +0100,Image,66,CRO583,M,Selanec,,1,0
2019-02-10 19:42:00.000 +0100,Image,138,Draž,M,Selanec,,1,0
2019-04-21 11:49:00.000 +0200,Image,138,Draž,M,Selanec,,1,0
2019-08-10 21:44:00.000 +0200,Image,138,Draž,M,Selanec,,1,0
2019-05-29 00:24:00.000 +0200,Image,157,Draž 2,Unknown,Selanec,,1,0
2019-08-29 02:09:00.000 +0200,Image,138,Draž,M,Selanec,,1,0
2019-07-15 23:18:00.000 +0200,Image,138,Draž,M,Selanec,,1,0
2020-06-14 03:42:00.000 +0200,Image,70,Ilija,Unknown,Selanec,,1,0
2022-01-18 09:40:00.000 +0100,Image,198,Alojzije L24,M,Fabijanić,,1,0
2021-10-23 21:30:00.000 +0200,Image,198,Alojzije L24,M,Budinski,,1,0
2022-01-22 05:01:00.000 +0100,Image,198,Alojzije L24,M,Fabijanić,,1,0
2021-07-24 04:42:00.000 +0200,Image,343,Lira,Unknown,Fabijanić,,1,0
2021-05-30 20:57:00.000 +0200,Image,343,Lira,Unknown,Fabijanić,,1,0
2021-06-13 22:12:00.000 +0200,Image,343,Lira,Unknown,Fabijanić,,1,0
2021-06-28 18:18:00.000 +0200,Image,343,Lira,Unknown,Fabijanić,,1,0
2021-07-07 02:13:00.000 +0200,Image,343,Lira,Unknown,Fabijanić,,1,0
2022-03-25 04:20:00.000 +0100,Image,323,Slavko L35,M,Toplicanec,,1,0
2022-04-04 23:58:00.000 +0200,Image,257,Kira,Z,Toplicanec,,1,0
2022-04-05 00:07:00.000 +0200,Image,257,Kira,Z,Toplicanec,,1,0
2021-12-24 13:59:00.000 +0100,Image,351,Nepoznati 2,M,Toplicanec,,1,0
2022-02-12 11:29:00.000 +0100,Image,351,Nepoznati 2,M,Toplicanec,,1,0
2022-03-19 10:04:00.000 +0100,Image,351,Nepoznati 2,M,Toplicanec,,1,0
2022-04-30 11:45:00.000 +0200,Image,351,Nepoznati 2,M,Toplicanec,,1,0
2021-12-19 03:24:00.000 +0100,Image,350,Mladi 2022,M,Toplicanec,,1,0
2018-12-31 00:42:00.000 +0100,Image,247,Vedran,M,Gomerčić,,2,1
2018-12-31 00:42:00.000 +0100,Image,233,Nikolina,Z,Gomerčić,,2,1
2020-11-18 19:20:00.000 +0100,Image,137,Marta,Z,Slijepčević,,4,3
2020-11-18 19:20:00.000 +0100,Image,260,Lara L27,Z,Slijepčević,,4,3
2021-10-17 17:53:00.000 +0200,Image,357,Catrnja mladunac1 2021,Unknown,Blašković,,3,2
2022-12-07 14:17:00.000 +0100,Image,174,Irena,Z,Tomaić,,1,0
2021-12-29 03:45:00.000 +0100,Image,359,Sterna mladunac2 2021,Unknown,Tomaić,,3,2
2021-10-16 03:30:00.000 +0200,Image,180,Buna,Z,Rukavina,,3,2
2021-10-16 03:30:00.000 +0200,Image,360,Arabella,Unknown,Rukavina,,3,2
2022-08-11 19:43:00.000 +0200,Image,338,Unico (LBiH01),M,Rukavina,,1,0
2022-12-26 18:18:00.000 +0100,Image,204,Vitrenka,Z,Tomaić,,1,0
2023-01-05 22:37:00.000 +0100,Image,174,Irena,Z,Tomaić,,2,1
2023-01-18 14:50:00.000 +0100,Image,173,Josip L29,M,Tomaić,,1,0
2022-10-25 08:56:00.000 +0200,Image,389,Danielle,Z,Tomaić,,1,0
2022-08-02 10:25:00.000 +0200,Image,386,Benjamin,Unknown,Blašković,,1,0
2022-05-06 11:26:00.000 +0200,Image,391,Lineae,Unknown,Frketić,,1,0
2022-12-23 20:59:00.000 +0100,Image,256,Olivia,Z,Gomerčić,,2,1
2022-09-14 03:09:00.000 +0200,Image,338,Unico (LBiH01),M,Rukavina,,1,0
2022-06-30 22:37:00.000 +0200,Image,338,Unico (LBiH01),M,Rukavina,,1,0
2022-08-11 19:43:00.000 +0200,Image,338,Unico (LBiH01),M,Rukavina,,1,0
2022-06-22 00:24:00.000 +0200,Image,338,Unico (LBiH01),M,Rukavina,,1,0
2022-09-03 03:50:00.000 +0200,Image,185,Plješivica BiH,Unknown,Rukavina,,1,0
2023-01-12 17:54:00.000 +0100,Image,202,Vilim,M,Tomaić,,1,0
2023-01-18 16:24:00.000 +0100,Image,202,Vilim,M,Tomaić,,1,0
2022-01-23 21:16:00.000 +0100,Image,186,Golo trlo 6,Z,Blašković,,1,0
2022-03-13 18:43:00.000 +0100,Image,210,Bjorn,M,Blašković,,1,0
2021-12-27 22:37:00.000 +0100,Image,99,Godaca 2,Z,Blašković,,1,0
2022-04-02 17:34:00.000 +0200,Image,247,Vedran,M,Blašković,,1,0
2022-03-08 20:02:00.000 +0100,Image,247,Vedran,M,Blašković,,1,0
2021-04-05 22:45:00.000 +0200,Image,198,Alojzije L24,M,Toplicanec,,1,0
2021-05-09 07:36:00.000 +0200,Image,198,Alojzije L24,M,Toplicanec,,1,0
2021-08-31 10:00:00.000 +0200,Image,198,Alojzije L24,M,Toplicanec,,1,0
2022-09-16 18:36:00.000 +0200,Image,407,Unjka,Z,Rukavina,,1,0
2022-12-20 04:44:00.000 +0100,Image,384,Jurja,Z,Tomaić,,1,0
2021-12-18 20:12:00.000 +0100,Image,198,Alojzije L24,M,Fabijanić,,1,0
2023-03-01 15:00:00.000 +0100,Lynx kill,173,Josip L29,M,Tomaić,,1,0
2022-09-04 01:02:00.000 +0200,Image,338,Unico (LBiH01),M,Rukavina,,1,0
2022-10-08 01:45:00.000 +0200,Image,338,Unico (LBiH01),M,Rukavina,,1,0
2022-11-12 23:58:00.000 +0100,Image,338,Unico (LBiH01),M,Rukavina,,1,0
2022-09-14 00:55:00.000 +0200,Image,338,Unico (LBiH01),M,Rukavina,,1,0
2022-10-27 20:50:00.000 +0200,Image,338,Unico (LBiH01),M,Rukavina,,1,0
2022-09-22 00:46:00.000 +0200,Image,185,Plješivica BiH,Unknown,Rukavina,,1,0
2022-10-25 18:22:00.000 +0200,Image,185,Plješivica BiH,Unknown,Rukavina,,1,0
2021-07-21 22:06:00.000 +0200,Image,170,Orbis,Unknown,Kusak,,1,0
2021-06-18 21:31:00.000 +0200,Image,170,Orbis,Unknown,Kusak,,1,0
2020-12-02 00:52:00.000 +0100,Image,170,Orbis,Unknown,Kusak,,1,0
2022-06-24 09:56:00.000 +0200,Image,150,Rista L18,M,Iskrić,,1,0
2022-07-18 02:09:00.000 +0200,Image,419,Eva,Z,Iskrić,,3,2
2023-03-15 16:00:00.000 +0100,Lynx kill,173,Josip L29,M,Toplicanec,,1,0
2023-02-14 21:00:00.000 +0100,Lynx kill,173,Josip L29,M,Toplicanec,,1,0
2022-12-07 05:05:00.000 +0100,Image,224,Prpa,M,Salkić,,1,0
2022-12-31 23:38:00.000 +0100,Image,224,Prpa,M,Salkić,,1,0
2022-05-31 00:48:00.000 +0200,Image,407,Unjka,Z,Rukavina,,1,0
2022-06-02 21:29:00.000 +0200,Image,407,Unjka,Z,Rukavina,,1,0
2023-03-30 12:00:00.000 +0200,Lynx kill,173,Josip L29,M,Blašković,,1,0
2022-04-25 06:37:00.000 +0200,Image,99,Godaca 2,Z,Blašković,,1,0
2022-06-03 05:08:00.000 +0200,Image,99,Godaca 2,Z,Blašković,,1,0
2022-06-06 21:54:00.000 +0200,Image,99,Godaca 2,Z,Blašković,,1,0
2022-10-16 18:21:00.000 +0200,Image,99,Godaca 2,Z,Blašković,,1,0
2022-04-23 16:02:00.000 +0200,Image,99,Godaca 2,Z,Blašković,,1,0
2022-04-27 22:05:00.000 +0200,Image,99,Godaca 2,Z,Blašković,,1,0
2022-05-02 22:38:00.000 +0200,Image,99,Godaca 2,Z,Blašković,,1,0
2022-10-17 06:21:00.000 +0200,Image,99,Godaca 2,Z,Blašković,,1,0
2022-03-20 23:09:00.000 +0100,Image,210,Bjorn,M,Blašković,,1,0
2022-03-26 15:18:00.000 +0100,Image,210,Bjorn,M,Blašković,,1,0
2022-03-30 15:17:00.000 +0200,Image,210,Bjorn,M,Blašković,,1,0
2022-03-31 17:14:00.000 +0200,Image,210,Bjorn,M,Blašković,,1,0
2022-04-19 13:31:00.000 +0200,Image,210,Bjorn,M,Blašković,,1,0
2022-05-11 16:14:00.000 +0200,Image,210,Bjorn,M,Blašković,,1,0
2022-06-01 06:07:00.000 +0200,Image,210,Bjorn,M,Blašković,,1,0
2022-10-10 09:29:00.000 +0200,Image,210,Bjorn,M,Blašković,,1,0
2022-11-22 03:16:00.000 +0100,Image,210,Bjorn,M,Blašković,,1,0
2022-04-02 20:31:00.000 +0200,Image,210,Bjorn,M,Blašković,,1,0
2022-03-12 21:18:00.000 +0100,Image,170,Orbis,Unknown,Blašković,,1,0
2023-02-22 21:57:00.000 +0100,Image,247,Vedran,M,Blašković,,1,0
2022-12-21 17:56:00.000 +0100,Image,247,Vedran,M,Blašković,,1,0
2023-03-27 22:00:00.000 +0200,Lynx kill,420,Kras L34,M,Toplicanec,,1,0
2023-03-30 20:00:00.000 +0200,Lynx kill,420,Kras L34,M,Toplicanec,,1,0
2022-03-21 03:09:00.000 +0100,Image,99,Godaca 2,Z,Blašković,,2,0
2022-12-17 03:59:00.000 +0100,Image,372,Vrebac D,Unknown,Blašković,,1,0
2022-12-18 03:04:00.000 +0100,Image,374,Djuro,M,Blašković,,1,0
2023-01-06 18:51:00.000 +0100,Image,374,Djuro,M,Blašković,,1,0
2023-02-06 16:52:00.000 +0100,Image,374,Djuro,M,Blašković,,1,0
2023-03-08 22:34:00.000 +0100,Image,374,Djuro,M,Blašković,,1,0
2023-03-10 14:19:00.000 +0100,Image,374,Djuro,M,Blašković,,1,0
2023-02-23 21:22:00.000 +0100,Image,170,Orbis,Unknown,Blašković,,1,0
2023-04-05 19:35:00.000 +0200,Image,170,Orbis,Unknown,Blašković,,1,0
2023-02-23 06:15:00.000 +0100,Image,186,Golo trlo 6,Z,Blašković,,2,1
2023-02-23 06:15:00.000 +0100,Image,421,Golo trlo6 mladunac 2023,M,Blašković,,2,1
2023-01-24 04:43:00.000 +0100,Image,186,Golo trlo 6,Z,Blašković,,2,1
2023-01-24 04:43:00.000 +0100,Image,421,Golo trlo6 mladunac 2023,M,Blašković,,2,1
2023-01-24 05:27:00.000 +0100,Image,186,Golo trlo 6,Z,Blašković,,2,1
2023-01-24 05:27:00.000 +0100,Image,421,Golo trlo6 mladunac 2023,M,Blašković,,2,1
2023-03-06 19:41:00.000 +0100,Image,170,Orbis,Unknown,Blašković,,1,0
2021-05-29 09:21:00.000 +0200,Image,188,Lux,Z,Blašković,,1,0
2022-05-07 10:25:00.000 +0200,Image,188,Lux,Z,Selanec,,1,0
2023-01-16 02:51:00.000 +0100,Image,258,Franjka,Z,Selanec,,1,0
2022-10-31 03:53:00.000 +0100,Image,279,Tiberje,M,Selanec,,1,0
2022-04-10 20:12:00.000 +0200,Image,279,Tiberje,M,Selanec,,1,0
2022-04-03 19:02:00.000 +0200,Image,188,Lux,Z,Selanec,,1,0
2019-07-11 03:53:00.000 +0200,Image,188,Lux,Z,Rukavina,,1,0
2023-04-11 18:45:00.000 +0200,Image,202,Vilim,M,Tomaić,,1,0
2023-04-18 13:51:00.000 +0200,Image,202,Vilim,M,Tomaić,,1,0
2023-04-19 21:23:00.000 +0200,Image,202,Vilim,M,Tomaić,,1,0
2023-04-23 18:24:00.000 +0200,Image,202,Vilim,M,Tomaić,,1,0
2023-05-08 07:03:00.000 +0200,Image,202,Vilim,M,Tomaić,,2,0
2023-05-08 07:03:00.000 +0200,Image,389,Danielle,Z,Tomaić,,2,0
2023-03-26 17:30:00.000 +0200,Image,202,Vilim,M,Tomaić,,1,0
2023-05-18 18:34:00.000 +0200,Image,69,Jasmina,Z,Fabijanić,,1,0
2023-03-12 02:01:00.000 +0100,Image,387,Ed,Unknown,Krmpotić,,1,0
2023-02-21 21:24:00.000 +0100,Image,387,Ed,Unknown,Krmpotić,,1,0
2023-03-25 17:27:00.000 +0100,Image,390,Root,Unknown,Krmpotić,,1,0
2023-01-10 07:16:00.000 +0100,Image,386,Benjamin,Unknown,Fabijanić,,1,0
2023-02-14 07:43:00.000 +0100,Image,198,Alojzije L24,M,Fabijanić,,1,0
2023-07-21 11:30:00.000 +0200,Caught,323,Slavko L35,M,Toplicanec,,1,0
2023-07-16 11:50:00.000 +0200,Image,224,Prpa,M,Salkić,,1,0
2023-06-09 07:22:00.000 +0200,Image,224,Prpa,M,Salkić,,1,0
2023-03-24 02:33:00.000 +0100,Image,99,Godaca 2,Z,Blašković,,1,0
2023-04-06 00:22:00.000 +0200,Image,99,Godaca 2,Z,Blašković,,1,0
2023-04-19 06:58:00.000 +0200,Image,210,Bjorn,M,Blašković,,1,0
2023-04-20 16:54:00.000 +0200,Image,247,Vedran,M,Blašković,,1,0
2023-07-02 03:34:00.000 +0200,Image,247,Vedran,M,Blašković,,1,0
2015-03-29 03:57:00.000 +0200,Image,18,Iva L10,Z,Kusak,,1,0
2022-01-17 01:45:00.000 +0100,Image,223,Suzi,Z,Salkić,,3,0
2023-02-04 23:52:00.000 +0100,Image,223,Suzi,Z,Salkić,,4,3
2023-02-04 23:52:00.000 +0100,Image,397,Suzi mladunac1 2022,Unknown,Salkić,,4,3
2023-02-04 23:52:00.000 +0100,Image,398,Suzi mladunac2 2022,Unknown,Salkić,,4,3
2023-02-04 23:52:00.000 +0100,Image,399,Suzi mladunac3 2022,Unknown,Salkić,,4,3
2023-02-04 19:15:00.000 +0100,Image,223,Suzi,Z,Salkić,,4,3
2023-02-04 19:15:00.000 +0100,Image,397,Suzi mladunac1 2022,Unknown,Salkić,,4,3
2023-02-04 19:15:00.000 +0100,Image,398,Suzi mladunac2 2022,Unknown,Salkić,,4,3
2023-02-04 19:15:00.000 +0100,Image,399,Suzi mladunac3 2022,Unknown,Salkić,,4,3
2023-01-27 08:18:00.000 +0100,Image,223,Suzi,Z,Salkić,,1,0
2023-01-24 10:00:00.000 +0100,Image,279,Tiberje,M,Špalj,,1,0
2023-02-25 17:21:00.000 +0100,Image,279,Tiberje,M,Špalj,,1,0
2023-04-24 16:26:00.000 +0200,Image,279,Tiberje,M,Špalj,,1,0
2023-09-01 08:16:00.000 +0200,Image,258,Franjka,Z,Špalj,,2,1
2023-09-01 08:16:00.000 +0200,Image,435,Franjka mladunac 2023,Unknown,Špalj,,2,1
2021-07-09 03:55:00.000 +0200,Image,188,Lux,Z,Špalj,,1,0
2021-03-08 10:58:00.000 +0100,Image,258,Franjka,Z,Špalj,,1,0
2021-03-01 08:25:00.000 +0100,Image,258,Franjka,Z,Špalj,,1,0
2021-11-16 18:45:00.000 +0100,Image,258,Franjka,Z,Špalj,,1,0
2021-10-19 13:20:00.000 +0200,Image,279,Tiberje,M,Špalj,,1,0
2021-03-03 08:00:00.000 +0100,Image,258,Franjka,Z,Špalj,,1,0
2021-11-12 11:17:00.000 +0100,Image,279,Tiberje,M,Blašković,,1,0
2019-11-22 12:40:00.000 +0100,Image,244,Klimenta mladunac1 2019,Unknown,Špalj,,2,2
2019-11-22 12:40:00.000 +0100,Image,245,Klimenta mladunac2 2019,Unknown,Špalj,,2,2
2022-01-08 22:56:00.000 +0100,Image,279,Tiberje,M,Blašković,,1,0
2022-12-20 04:57:00.000 +0100,Lynx kill,279,Tiberje,M,Špalj,,1,0
2023-05-28 23:37:00.000 +0200,Image,173,Josip L29,M,Tomaić,,1,0
2023-06-11 11:33:00.000 +0200,Image,202,Vilim,M,Tomaić,,1,0
2023-04-11 04:59:00.000 +0200,Image,173,Josip L29,M,Tomaić,,1,0
2023-01-02 04:55:00.000 +0100,Image,203,Boris,M,Slijepčević,,1,0
2023-01-16 04:11:00.000 +0100,Image,203,Boris,M,Slijepčević,,1,0
2023-03-27 04:19:00.000 +0200,Image,203,Boris,M,Slijepčević,,1,0
2023-05-09 20:21:00.000 +0200,Image,203,Boris,M,Slijepčević,,1,0
2023-02-04 21:42:00.000 +0100,Image,220,Šiljo,M,Slijepčević,,1,0
2023-04-16 20:29:00.000 +0200,Image,14,Goran ZIP L09,M,Slijepčević,,1,0
2023-02-15 05:56:00.000 +0100,Image,220,Šiljo,M,Slijepčević,,1,0
2023-01-09 22:03:00.000 +0100,Image,220,Šiljo,M,Slijepčević,,1,0
2022-05-15 02:26:00.000 +0200,Image,220,Šiljo,M,Slijepčević,,1,0
2022-12-17 19:21:00.000 +0100,Image,220,Šiljo,M,Slijepčević,,1,0
2022-12-26 16:13:00.000 +0100,Image,220,Šiljo,M,Slijepčević,,1,0
2023-01-02 02:10:00.000 +0100,Image,220,Šiljo,M,Slijepčević,,1,0
2023-01-13 21:54:00.000 +0100,Image,220,Šiljo,M,Slijepčević,,1,0
2023-02-21 05:35:00.000 +0100,Image,220,Šiljo,M,Slijepčević,,1,0
2023-02-22 16:57:00.000 +0100,Image,220,Šiljo,M,Slijepčević,,1,0
2023-03-02 00:22:00.000 +0100,Image,220,Šiljo,M,Slijepčević,,1,0
2023-03-05 01:23:00.000 +0100,Image,4,Spot,Z,Slijepčević,,2,1
2023-03-05 01:23:00.000 +0100,Image,366,Spot mladunac 2022,Unknown,Slijepčević,,2,1
2023-03-05 05:17:00.000 +0100,Image,4,Spot,Z,Slijepčević,,2,1
2023-03-05 05:17:00.000 +0100,Image,366,Spot mladunac 2022,Unknown,Slijepčević,,2,1
2023-03-05 08:18:00.000 +0100,Image,4,Spot,Z,Slijepčević,,3,1
2023-03-05 08:18:00.000 +0100,Image,220,Šiljo,M,Slijepčević,,3,1
2023-03-05 08:18:00.000 +0100,Image,366,Spot mladunac 2022,Unknown,Slijepčević,,3,1
2023-03-05 15:10:00.000 +0100,Image,220,Šiljo,M,Slijepčević,,1,0
2023-03-08 00:51:00.000 +0100,Image,4,Spot,Z,Slijepčević,,1,0
2022-05-20 03:09:00.000 +0200,Image,14,Goran ZIP L09,M,Slijepčević,,1,0
2022-06-13 17:58:00.000 +0200,Image,14,Goran ZIP L09,M,Slijepčević,,1,0
2022-06-09 10:25:00.000 +0200,Image,220,Šiljo,M,Slijepčević,,1,0
2022-05-29 17:36:00.000 +0200,Image,14,Goran ZIP L09,M,Slijepčević,,1,0
2022-05-21 05:33:00.000 +0200,Image,220,Šiljo,M,Slijepčević,,1,0
2022-06-24 06:42:00.000 +0200,Image,220,Šiljo,M,Slijepčević,,1,0
2022-06-24 15:15:00.000 +0200,Image,14,Goran ZIP L09,M,Slijepčević,,1,0
2022-06-30 20:42:00.000 +0200,Image,14,Goran ZIP L09,M,Slijepčević,,1,0
2023-07-08 15:13:00.000 +0200,Image,14,Goran ZIP L09,M,Slijepčević,,1,0
2022-07-16 19:54:00.000 +0200,Image,14,Goran ZIP L09,M,Slijepčević,,1,0
2022-08-01 20:23:00.000 +0200,Image,14,Goran ZIP L09,M,Slijepčević,,1,0
2022-08-12 06:39:00.000 +0200,Image,220,Šiljo,M,Slijepčević,,1,0
2022-08-17 06:18:00.000 +0200,Image,220,Šiljo,M,Slijepčević,,1,0
2022-08-22 05:46:00.000 +0200,Image,14,Goran ZIP L09,M,Slijepčević,,1,0
2022-08-23 17:41:00.000 +0200,Image,220,Šiljo,M,Slijepčević,,1,0
2023-01-05 18:07:00.000 +0100,Image,437,Rudine 2D,Unknown,Slijepčević,,1,0
2023-02-22 16:07:00.000 +0100,Image,228,Mladen LCRO24,M,Slijepčević,,1,0
2023-03-13 14:37:00.000 +0100,Image,225,Frida,Z,Slijepčević,,1,0
2023-04-06 21:24:00.000 +0200,Image,311,Pepi,M,Slijepčević,,1,0
2023-04-29 23:47:00.000 +0200,Image,311,Pepi,M,Slijepčević,,1,0
2023-04-04 07:56:00.000 +0200,Image,439,Ženka Crni vrh,Z,Slijepčević,,1,0
2023-04-21 18:14:00.000 +0200,Image,439,Ženka Crni vrh,Z,Slijepčević,,1,0
2023-04-02 08:25:00.000 +0200,Image,440,Risovac 2D,Unknown,Blašković,,1,0
2021-03-16 11:50:00.000 +0100,Image,192,Crno jezero 2,Z,Gomerčić,,2,0
2022-09-17 02:29:00.000 +0200,Image,441,Trubaja,Z,Blašković,,1,0
2021-09-29 04:50:00.000 +0200,Image,198,Alojzije L24,M,Toplicanec,,1,0
2021-03-31 23:31:00.000 +0200,Image,296,Suja,Unknown,Selanec,,3,0
2021-03-31 23:31:00.000 +0200,Image,300,Malibu L,Unknown,Selanec,,3,0
2021-03-31 23:31:00.000 +0200,Image,303,Oli,Unknown,Selanec,,3,0
2022-11-01 17:51:00.000 +0100,Image,323,Slavko L35,M,Toplicanec,,1,0
2023-10-05 12:00:00.000 +0200,Lynx kill,323,Slavko L35,M,Toplicanec,,1,0
2022-11-07 17:48:00.000 +0100,Image,257,Kira,Z,Toplicanec,,1,0
2022-10-25 18:54:00.000 +0200,Image,323,Slavko L35,M,Toplicanec,,1,0
2022-11-25 00:15:00.000 +0100,Image,238,Novi Ričićko,Z,Toplicanec,,1,0
2022-11-25 22:39:00.000 +0100,Image,323,Slavko L35,M,Toplicanec,,1,0
2022-12-18 14:58:00.000 +0100,Image,257,Kira,Z,Toplicanec,,1,0
2022-12-25 17:30:00.000 +0100,Image,323,Slavko L35,M,Toplicanec,,1,0
2023-01-20 19:39:00.000 +0100,Image,323,Slavko L35,M,Toplicanec,,1,0
2023-02-07 19:34:00.000 +0100,Image,323,Slavko L35,M,Toplicanec,,1,0
2023-02-20 01:52:00.000 +0100,Image,323,Slavko L35,M,Toplicanec,,1,0
2023-04-05 02:10:00.000 +0200,Image,323,Slavko L35,M,Toplicanec,,1,0
2023-04-14 19:38:00.000 +0200,Image,323,Slavko L35,M,Toplicanec,,1,0
2023-05-23 04:33:00.000 +0200,Image,323,Slavko L35,M,Toplicanec,,1,0
2022-11-02 20:37:00.000 +0100,Image,323,Slavko L35,M,Toplicanec,,1,0
2022-11-14 07:06:00.000 +0100,Image,323,Slavko L35,M,Toplicanec,,1,0
2023-12-03 17:09:00.000 +0100,Image,257,Kira,Z,Toplicanec,,1,0
2022-12-03 18:09:00.000 +0100,Image,257,Kira,Z,Toplicanec,,1,0
2022-12-11 22:19:00.000 +0100,Image,323,Slavko L35,M,Toplicanec,,1,0
2023-01-17 06:01:00.000 +0100,Image,323,Slavko L35,M,Toplicanec,,1,0
2023-01-28 18:02:00.000 +0100,Image,323,Slavko L35,M,Toplicanec,,1,0
2023-01-31 20:58:00.000 +0100,Image,323,Slavko L35,M,Toplicanec,,1,0
2023-02-24 22:48:00.000 +0100,Image,323,Slavko L35,M,Toplicanec,,1,0
2023-02-24 22:15:00.000 +0100,Image,323,Slavko L35,M,Toplicanec,,1,0
2023-02-27 18:28:00.000 +0100,Image,323,Slavko L35,M,Toplicanec,,1,0
2023-02-27 23:39:00.000 +0100,Image,323,Slavko L35,M,Toplicanec,,1,0
2023-03-03 13:01:00.000 +0100,Image,323,Slavko L35,M,Toplicanec,,1,0
2023-04-14 01:41:00.000 +0200,Image,231,Malibu,Unknown,Fabijanić,,1,0
2023-03-10 20:22:00.000 +0100,Image,257,Kira,Z,Toplicanec,,1,0
2022-11-29 00:27:00.000 +0100,Image,300,Malibu L,Unknown,Fabijanić,,1,0
2022-03-28 14:40:00.000 +0200,Image,300,Malibu L,Unknown,Fabijanić,,1,0
2023-03-11 02:02:00.000 +0100,Image,443,Rozeta ricicko,Unknown,Toplicanec,,1,0
2023-03-11 13:22:00.000 +0100,Image,323,Slavko L35,M,Toplicanec,,1,0
2022-10-06 09:43:00.000 +0200,Image,444,Embal,Unknown,Frketić,,1,0
2022-05-09 02:58:00.000 +0200,Image,444,Embal,Unknown,Selanec,,1,0
2021-05-02 07:39:00.000 +0200,Image,258,Franjka,Z,Blašković,,1,0
2023-03-13 13:49:00.000 +0100,Image,323,Slavko L35,M,Toplicanec,,1,0
2023-03-13 18:28:00.000 +0100,Image,323,Slavko L35,M,Toplicanec,,1,0
2023-03-26 11:58:00.000 +0200,Image,323,Slavko L35,M,Toplicanec,,1,0
2023-04-04 08:58:00.000 +0200,Image,443,Rozeta ricicko,Unknown,Toplicanec,,1,0
2023-04-20 02:02:00.000 +0200,Image,323,Slavko L35,M,Toplicanec,,1,0
2023-05-11 14:40:00.000 +0200,Image,323,Slavko L35,M,Toplicanec,,1,0
2023-05-13 20:06:00.000 +0200,Image,323,Slavko L35,M,Toplicanec,,1,0
2023-04-08 00:15:00.000 +0200,Image,390,Root,Unknown,Krmpotić,,1,0
2023-10-14 12:00:00.000 +0200,Dead,228,Mladen LCRO24,M,Toplicanec,,1,0
2021-12-18 20:12:00.000 +0100,Image,198,Alojzije L24,M,Toplicanec,,1,0
2023-07-20 10:20:00.000 +0200,Dead,433,LCRO23,Unknown,Sindičić,,1,0
2023-03-13 12:57:00.000 +0100,Image,220,Šiljo,M,Toplicanec,,1,0
2023-09-09 03:17:00.000 +0200,Image,410,Kiko,Unknown,Hadzihajdarevic,,1,0
2023-06-04 02:36:00.000 +0200,Image,410,Kiko,Unknown,Hadzihajdarevic,,1,0
2023-10-17 12:00:00.000 +0200,Image,203,Boris,M,Slijepčević,,1,0
2022-03-19 01:51:00.000 +0100,Image,383,Fly,Unknown,Tomaić,,1,0
2022-02-26 18:57:00.000 +0100,Image,202,Vilim,M,Tomaić,,1,0
2022-03-01 15:22:00.000 +0100,Image,202,Vilim,M,Tomaić,,1,0
2022-04-05 07:31:00.000 +0200,Image,202,Vilim,M,Tomaić,,1,0
2020-07-19 09:00:00.000 +0200,Lynx kill,203,Boris,M,Slijepčević,,1,0
2018-01-03 07:00:00.000 +0100,Lynx kill,37,Ivica L15,M,Kusak,,1,0
2020-10-02 13:30:00.000 +0200,Lynx kill,218,Bojan,M,Slijepčević,,1,0
2023-03-28 17:56:00.000 +0200,Image,338,Unico (LBiH01),M,Slijepčević,,1,0
2020-10-02 10:30:00.000 +0200,Lynx kill,203,Boris,M,Slijepčević,,1,
2020-10-02 09:00:00.000 +0200,Lynx kill,203,Boris,M,Slijepčević,,1,0
2022-12-31 10:50:00.000 +0100,Lynx kill,338,Unico (LBiH01),M,Hadzihajdarevic,,1,0
2017-11-05 20:00:00.000 +0100,Lynx kill,35,Stella L13,Unknown,Kusak,,1,0
2017-12-28 05:00:00.000 +0100,Lynx kill,37,Ivica L15,M,Kusak,,1,0
2017-12-05 12:00:00.000 +0100,Lynx kill,37,Ivica L15,M,Kusak,,1,0
2018-02-06 16:29:00.000 +0100,Lynx kill,41,Martin L14,M,Gomerčić,,1,0
2023-05-11 12:00:00.000 +0200,Lynx kill,420,Kras L34,M,Blašković,,1,0
2017-12-12 23:00:00.000 +0100,Lynx kill,37,Ivica L15,M,Kusak,,1,0
2020-10-23 00:00:00.000 +0200,Lynx kill,203,Boris,M,Gomerčić,,1,0
2020-09-27 00:00:00.000 +0200,Lynx kill,198,Alojzije L24,M,Gomerčić,,1,0
2023-10-23 16:25:00.000 +0200,Caught,446,Lucija mladunce,Z,Blašković,,1,1
2022-04-29 23:21:00.000 +0200,Image,99,Godaca 2,Z,Blašković,,2,0
2023-03-23 05:28:00.000 +0100,Image,290,Ren,M,Blašković,,1,0
2023-09-01 08:16:00.000 +0200,Image,258,Franjka,Z,Špalj,,1,0
2023-03-06 14:01:00.000 +0100,Image,279,Tiberje,M,Špalj,,1,0
2022-03-28 18:08:00.000 +0200,Image,279,Tiberje,M,Blašković,,1,0
2023-10-23 13:00:00.000 +0200,Image,181,Pandora L31,M,Salkić,,1,0
2023-07-21 03:35:00.000 +0200,Image,386,Benjamin,Unknown,Frketić,,1,0
2023-03-29 21:55:00.000 +0200,Image,210,Bjorn,M,Blašković,,1,0
2023-04-25 23:33:00.000 +0200,Image,374,Djuro,M,Blašković,,1,0
2023-06-17 20:23:00.000 +0200,Image,374,Djuro,M,Blašković,,1,0
2023-06-17 22:47:00.000 +0200,Image,374,Djuro,M,Blašković,,1,0
2023-07-13 15:37:00.000 +0200,Image,374,Djuro,M,Blašković,,1,0
2023-07-17 22:48:00.000 +0200,Image,374,Djuro,M,Blašković,,1,0
2023-08-12 20:21:00.000 +0200,Image,374,Djuro,M,Blašković,,1,0
2023-09-14 05:09:00.000 +0200,Image,372,Vrebac D,Unknown,Blašković,,1,0
2023-06-23 19:10:00.000 +0200,Image,372,Vrebac D,Unknown,Blašković,,1,0
2023-09-25 22:07:00.000 +0200,Image,387,Ed,Unknown,Salkić,,1,0
2023-09-30 00:57:00.000 +0200,Image,387,Ed,Unknown,Salkić,,1,0
2023-07-14 20:56:00.000 +0200,Image,224,Prpa,M,Salkić,,1,0
2023-07-21 23:23:00.000 +0200,Image,224,Prpa,M,Salkić,,1,0
2023-11-22 07:37:00.000 +0100,Image,224,Prpa,M,Salkić,,1,0
2023-07-22 02:16:00.000 +0200,Image,224,Prpa,M,Salkić,,1,0
2022-04-08 08:00:00.000 +0200,Caught,338,Unico (LBiH01),M,Reljić,,1,0
2022-05-04 21:30:00.000 +0200,Lynx kill,338,Unico (LBiH01),M,Hadzihajdarevic,,1,0
2022-05-13 00:42:00.000 +0200,Image,386,Benjamin,Unknown,Selanec,,1,0
2023-04-13 12:00:00.000 +0200,Lynx kill,355,Lubomir,M,Blašković,,1,0
2022-09-02 12:00:00.000 +0200,Lynx kill,355,Lubomir,M,Blašković,,1,0
2023-05-17 12:00:00.000 +0200,Lynx kill,420,Kras L34,M,Blašković,,1,0
2023-01-26 14:00:00.000 +0100,Scat,264,Emil,M,Salkić,,1,0
2023-03-13 14:00:00.000 +0100,Scat,264,Emil,M,Salkić,,1,0
2023-03-20 01:00:00.000 +0100,Scat,264,Emil,M,Sindičić,,1,0
2023-03-14 01:00:00.000 +0100,Scat,202,Vilim,M,Tomaić,,1,0
2023-03-02 12:00:00.000 +0100,Scat,181,Pandora L31,M,Salkić,,1,0
2023-10-23 21:00:00.000 +0200,Hair,446,Lucija mladunce,Z,Blašković,,1,0
2023-01-19 14:00:00.000 +0100,Scat,181,Pandora L31,M,Tomaić,,1,0
2023-10-23 12:00:00.000 +0200,Unknown,446,Lucija mladunce,Z,Blašković,,1,1
2022-03-28 15:42:00.000 +0200,Image,300,Malibu L,Unknown,Frketić,,1,0
2017-01-31 05:00:00.000 +0100,Dead,42,LCRO17,Z,Slijepčević,,1,0
2023-10-21 15:30:00.000 +0200,Dead,445,LCRO25 mladunka,Z,Blašković,,1,1
2021-04-20 13:30:00.000 +0200,Dead,277,LCRO20,M,Toplicanec,,1,1
2013-05-23 02:00:00.000 +0200,Dead,16,Tomo L08,M,Kusak,,1,0
2017-12-08 14:00:00.000 +0100,Dead,40,LCRO16,Z,Sindičić,,1,1
2020-06-05 20:00:00.000 +0200,Dead,199,Pino L25,M,Tomaić,,1,0
2021-05-14 14:47:00.000 +0200,Caught,264,Emil,M,Gomerčić,,1,0
2023-03-24 12:14:00.000 +0100,Caught,420,Kras L34,M,Gomerčić,,1,0
2022-06-14 14:49:00.000 +0200,Caught,355,Lubomir,M,Gomerčić,,1,0
2020-03-13 15:00:00.000 +0100,Caught,198,Alojzije L24,M,Toplicanec,,1,0
2020-05-30 10:00:00.000 +0200,Caught,199,Pino L25,M,Toplicanec,,1,0
2019-05-04 11:30:00.000 +0200,Caught,101,Doru L19,M,Gomerčić,,1,0
2020-12-28 18:21:00.000 +0100,Image,407,Unjka,Z,Fabijanić,,1,0
2023-01-10 02:40:00.000 +0100,Image,386,Benjamin,Unknown,Frketić,,1,0
2023-05-18 19:01:00.000 +0200,Image,405,Mrva,Unknown,Rukavina,,1,0
2023-05-18 19:24:00.000 +0200,Image,338,Unico (LBiH01),M,Rukavina,,1,0
2023-09-18 12:40:00.000 +0200,Image,338,Unico (LBiH01),M,Rukavina,,1,0
2023-10-12 16:09:00.000 +0200,Image,338,Unico (LBiH01),M,Rukavina,,1,0
2023-11-15 19:06:00.000 +0100,Image,338,Unico (LBiH01),M,Rukavina,,1,0
2023-04-23 01:25:00.000 +0200,Image,405,Mrva,Unknown,Rukavina,,1,0
2023-11-10 19:37:00.000 +0100,Image,185,Plješivica BiH,Unknown,Rukavina,,1,0
2023-11-10 21:35:00.000 +0100,Image,185,Plješivica BiH,Unknown,Rukavina,,1,0
2023-08-01 23:36:00.000 +0200,Image,338,Unico (LBiH01),M,Rukavina,,1,0
2023-12-19 01:57:00.000 +0100,Image,410,Kiko,Unknown,Hadzihajdarevic,,1,0
2023-05-11 19:06:00.000 +0200,Image,410,Kiko,Unknown,Hadzihajdarevic,,1,0
2023-12-29 04:32:00.000 +0100,Image,410,Kiko,Unknown,Hadzihajdarevic,,1,0
2023-09-10 01:10:00.000 +0200,Image,338,Unico (LBiH01),M,Rukavina,,1,0
2023-06-20 09:14:00.000 +0200,Image,450,Osinjak,Unknown,Rukavina,,1,0
2023-04-03 18:16:00.000 +0200,Image,449,Maniti,Unknown,Rukavina,,1,0
2023-05-08 23:09:00.000 +0200,Image,451,Njiva,Unknown,Špalj,,1,0
2023-05-08 22:22:00.000 +0200,Image,451,Njiva,Unknown,Špalj,,1,0
2023-05-09 21:42:00.000 +0200,Image,451,Njiva,Unknown,Špalj,,1,0
2023-05-09 21:00:00.000 +0200,Image,451,Njiva,Unknown,Špalj,,1,0
2023-04-29 00:13:00.000 +0200,Image,85,CRO372_1,Z,Gomerčić,,1,0
2023-05-18 16:27:00.000 +0200,Image,85,CRO372_1,Z,Gomerčić,,1,0
2023-10-06 18:15:00.000 +0200,Image,85,CRO372_1,Z,Gomerčić,,2,1
2023-10-06 18:15:00.000 +0200,Image,454,CRO372_1 mladunac 2024,Unknown,Gomerčić,,2,1
2023-07-13 02:28:00.000 +0200,Image,225,Frida,Z,Gomerčić,,1,0
2023-09-29 05:08:00.000 +0200,Image,225,Frida,Z,Gomerčić,,1,0
2023-09-30 04:48:00.000 +0200,Image,225,Frida,Z,Gomerčić,,1,0
2023-07-31 08:56:00.000 +0200,Image,225,Frida,Z,Gomerčić,,1,0
2023-05-25 21:01:00.000 +0200,Image,225,Frida,Z,Gomerčić,,1,0
2023-10-25 20:24:00.000 +0200,Image,225,Frida,Z,Gomerčić,,1,0
2024-03-23 16:47:00.000 +0100,Image,410,Kiko,Unknown,Hadzihajdarevic,,1,0
2023-11-18 22:13:00.000 +0100,Image,410,Kiko,Unknown,Hadzihajdarevic,,1,0
2024-04-22 00:40:00.000 +0200,Image,198,Alojzije L24,M,Špalj,,1,0
2023-08-25 20:16:00.000 +0200,Image,99,Godaca 2,Z,Blašković,,1,0
2022-09-26 18:50:00.000 +0200,Image,457,Obljak L,Unknown,Tomaić,,1,0
2022-10-29 05:28:00.000 +0200,Image,456,Cerovac D,Unknown,Frketić,,1,0
2023-09-14 05:09:00.000 +0200,Image,372,Vrebac D,Unknown,Blašković,,1,0
2023-07-10 20:39:00.000 +0200,Image,372,Vrebac D,Unknown,Blašković,,1,0
2023-07-04 20:32:00.000 +0200,Image,371,Vrebac L,Unknown,Blašković,,1,0
2023-05-31 18:40:00.000 +0200,Image,290,Ren,M,Blašković,,1,0
2023-02-06 19:14:00.000 +0100,Image,414,Pangea,Z,Blašković,,2,1
2023-02-06 19:14:00.000 +0100,Image,458,Pangea mladunac 2023,Unknown,Blašković,,2,1
2023-02-21 00:50:00.000 +0100,Image,290,Ren,M,Blašković,,1,0
2023-02-08 21:22:00.000 +0100,Image,459,Dreznica L,Unknown,Blašković,,1,0
2023-05-07 13:54:00.000 +0200,Image,459,Dreznica L,Unknown,Blašković,,1,0
2023-06-02 22:23:00.000 +0200,Image,170,Orbis,Unknown,Blašković,,1,0
2024-02-14 10:09:00.000 +0100,Image,202,Vilim,M,Tomaić,,1,0
2024-02-19 18:03:00.000 +0100,Image,202,Vilim,M,Tomaić,,1,0
2024-02-19 18:40:00.000 +0100,Image,202,Vilim,M,Tomaić,,1,0
2024-02-26 16:12:00.000 +0100,Image,202,Vilim,M,Tomaić,,1,0
2024-02-29 17:34:00.000 +0100,Image,202,Vilim,M,Tomaić,,1,0
2024-02-29 18:14:00.000 +0100,Image,202,Vilim,M,Tomaić,,1,0
2024-03-04 18:35:00.000 +0100,Image,202,Vilim,M,Tomaić,,1,0
2024-03-09 17:50:00.000 +0100,Image,202,Vilim,M,Tomaić,,1,0
2024-03-01 14:54:00.000 +0100,Image,202,Vilim,M,Tomaić,,1,0
2024-05-14 19:06:00.000 +0200,Image,210,Bjorn,M,Toplicanec,,1,0
2024-03-14 05:01:00.000 +0100,Image,202,Vilim,M,Tomaić,,1,0
2024-03-28 10:09:00.000 +0100,Image,202,Vilim,M,Tomaić,,1,0
2024-04-30 16:57:00.000 +0200,Image,202,Vilim,M,Tomaić,,1,0
2024-05-05 02:34:00.000 +0200,Image,202,Vilim,M,Tomaić,,1,0
2024-02-14 10:01:00.000 +0100,Image,384,Jurja,Z,Tomaić,,1,0
2024-03-31 03:43:00.000 +0200,Image,384,Jurja,Z,Tomaić,,1,0
2024-02-16 07:57:00.000 +0100,Image,247,Vedran,M,Tomaić,,1,0
2020-10-10 16:23:00.000 +0200,Image,385,Gavin,Unknown,Tomaić,,1,0
2023-06-04 15:29:00.000 +0200,Image,297,Rosa,Z,Tomaić,,1,0
2023-07-24 12:45:00.000 +0200,Image,192,Crno jezero 2,Z,Blašković,,1,0
2023-11-30 05:38:00.000 +0100,Image,192,Crno jezero 2,Z,Blašković,,2,1
2023-11-30 05:38:00.000 +0100,Image,447,Crno jezero2 mladunac 2023,Unknown,Blašković,,2,1
2023-11-29 20:23:00.000 +0100,Image,247,Vedran,M,Blašković,,1,0
2023-12-04 20:07:00.000 +0100,Image,247,Vedran,M,Blašković,,1,0
2023-08-28 00:20:00.000 +0200,Image,247,Vedran,M,Blašković,,1,0
2024-05-20 23:00:00.000 +0200,Dead,461,LCRO27,M,Blašković,,1,0
2024-01-12 07:02:00.000 +0100,Image,410,Kiko,Unknown,Hadzihajdarevic,,1,0
2024-01-12 07:55:00.000 +0100,Image,410,Kiko,Unknown,Hadzihajdarevic,,1,0
2024-04-08 01:32:00.000 +0200,Image,462,Kata,Unknown,Hadzihajdarevic,,1,0
2024-01-08 01:26:00.000 +0100,Image,462,Kata,Unknown,Hadzihajdarevic,,1,0
2023-11-24 16:58:00.000 +0100,Image,450,Osinjak,Unknown,Hadzihajdarevic,,1,0
2024-05-19 19:33:00.000 +0200,Image,410,Kiko,Unknown,Hadzihajdarevic,,1,0
2023-10-12 06:08:00.000 +0200,Image,462,Kata,Unknown,Hadzihajdarevic,,1,0
2024-01-11 14:51:00.000 +0100,Image,192,Crno jezero 2,Z,Blašković,,1,0
2023-12-14 08:57:00.000 +0100,Image,247,Vedran,M,Blašković,,1,0
2024-01-10 09:07:00.000 +0100,Image,247,Vedran,M,Blašković,,1,0
2023-12-22 23:25:00.000 +0100,Image,210,Bjorn,M,Blašković,,1,0
2024-02-17 17:49:00.000 +0100,Image,210,Bjorn,M,Blašković,,1,0
2024-02-25 02:46:00.000 +0100,Image,210,Bjorn,M,Blašković,,1,0
2024-03-05 04:44:00.000 +0100,Image,210,Bjorn,M,Blašković,,1,0
2024-03-12 06:43:00.000 +0100,Image,210,Bjorn,M,Blašković,,1,0
2024-03-14 14:09:00.000 +0100,Image,210,Bjorn,M,Blašković,,1,0
2024-03-19 05:58:00.000 +0100,Image,210,Bjorn,M,Blašković,,1,0
2024-03-21 16:12:00.000 +0100,Image,210,Bjorn,M,Blašković,,1,0
2024-04-02 01:49:00.000 +0200,Image,210,Bjorn,M,Blašković,,1,0
2024-05-20 02:23:00.000 +0200,Image,210,Bjorn,M,Blašković,,1,0
2023-12-08 05:05:00.000 +0100,Image,99,Godaca 2,Z,Blašković,,1,0
2024-03-12 09:29:00.000 +0100,Image,170,Orbis,Unknown,Blašković,,1,0
2024-03-15 23:53:00.000 +0100,Image,170,Orbis,Unknown,Blašković,,1,0
2024-03-24 11:15:00.000 +0100,Image,170,Orbis,Unknown,Blašković,,1,0
2024-04-12 07:32:00.000 +0200,Image,398,Suzi mladunac2 2022,Unknown,Krmpotić,,1,0
2022-04-13 18:52:00.000 +0200,Image,463,Gavran,Unknown,Tomaić,,1,0
2024-02-17 17:54:00.000 +0100,Image,210,Bjorn,M,Blašković,,1,0
2024-02-25 02:51:00.000 +0100,Image,210,Bjorn,M,Blašković,,1,0
2024-02-29 10:59:00.000 +0100,Image,210,Bjorn,M,Blašković,,1,0
2024-03-02 12:55:00.000 +0100,Image,210,Bjorn,M,Blašković,,1,0
2024-03-05 04:50:00.000 +0100,Image,210,Bjorn,M,Blašković,,1,0
2024-03-12 07:49:00.000 +0100,Image,210,Bjorn,M,Blašković,,1,0
2024-03-14 15:17:00.000 +0100,Image,210,Bjorn,M,Blašković,,1,0
2024-03-19 07:04:00.000 +0100,Image,210,Bjorn,M,Blašković,,1,0
2024-03-21 17:19:00.000 +0100,Image,210,Bjorn,M,Blašković,,1,0
2024-04-02 02:56:00.000 +0200,Image,210,Bjorn,M,Blašković,,1,0
2024-04-02 03:35:00.000 +0200,Image,210,Bjorn,M,Blašković,,1,0
2024-05-05 08:35:00.000 +0200,Image,210,Bjorn,M,Blašković,,1,0
2023-12-08 06:06:00.000 +0100,Image,99,Godaca 2,Z,Blašković,,1,0
2024-03-12 10:35:00.000 +0100,Image,170,Orbis,Unknown,Blašković,,1,0
2024-03-24 12:22:00.000 +0100,Image,170,Orbis,Unknown,Blašković,,1,0
2023-12-28 19:55:00.000 +0100,Image,374,Djuro,M,Blašković,,1,0
2024-01-18 22:32:00.000 +0100,Image,374,Djuro,M,Blašković,,1,0
2024-02-05 08:19:00.000 +0100,Image,374,Djuro,M,Blašković,,1,0
2024-02-22 14:20:00.000 +0100,Image,374,Djuro,M,Blašković,,1,0
2024-03-02 18:13:00.000 +0100,Image,374,Djuro,M,Blašković,,1,0
2024-04-02 04:41:00.000 +0200,Image,374,Djuro,M,Blašković,,1,0
2024-05-05 22:59:00.000 +0200,Image,374,Djuro,M,Blašković,,1,0
2024-05-18 03:34:00.000 +0200,Image,375,Miley ,Z,Blašković,,1,0
2021-03-21 18:07:00.000 +0100,Image,,,,Toplicanec,,1,0
2021-05-25 21:48:00.000 +0200,Image,,,,Tomaić,,1,0
2015-10-27 18:32:00.000 +0100,Image,,,,Kusak,,1,0
1995-01-16 00:00:00.000 +0100,Dead,,,,Frković,,1,
2020-03-30 20:10:00.000 +0200,Image,,,,Sindičić,,1,0
1981-10-17 00:00:00.000 +0100,Dead,,,,Frković,,1,
1998-02-25 00:00:00.000 +0100,Dead,,,,Frković,,1,
1983-01-24 00:00:00.000 +0100,Dead,,,,Frković,,1,
2019-12-23 21:15:00.000 +0100,Image,,,,Sindičić,,1,0
2018-05-29 10:02:00.000 +0200,Image,,,,Rukavina,,1,0
1996-12-28 00:00:00.000 +0100,Dead,,,,Frković,,1,
2022-03-30 03:21:00.000 +0200,Image,,,,Toplicanec,,1,0
2017-04-12 02:22:00.000 +0200,Image,,,,Gužvica,,1,0
2016-07-29 22:51:00.000 +0200,Image,,,,Kusak,,1,
2023-01-19 15:30:00.000 +0100,Footprint,,,,Toplicanec,,1,0
2016-01-06 22:59:00.000 +0100,Image,,,,Kusak,,1,
2022-12-05 05:23:00.000 +0100,Image,,,,Frketić,,1,0
2021-12-18 06:34:00.000 +0100,Image,,,,Toplicanec,,3,2
2019-03-03 19:07:00.000 +0100,Image,,,,Fležar,,1,0
2021-06-12 01:28:00.000 +0200,Image,,,,Blašković,,1,0
2019-02-25 00:07:00.000 +0100,Image,,,,Fležar,,1,1
2015-10-28 03:20:00.000 +0100,Image,,,,Kusak,,1,0
2021-01-03 17:54:00.000 +0100,Image,,,,Toplicanec,,1,0
2019-01-26 02:44:00.000 +0100,Image,,,,Toplicanec,,1,0
2023-08-25 23:14:00.000 +0200,Image,,,,Frketić,,1,0
2023-04-07 09:58:00.000 +0200,Image,,,,Špalj,,1,0
2021-03-16 06:23:00.000 +0100,Image,,,,Blašković,,1,0
2020-10-31 05:44:00.000 +0100,Image,,,,Tomaić,,1,0
2018-01-01 01:45:00.000 +0100,Image,,,,Kusak,,1,0
2016-01-02 20:46:00.000 +0100,Image,,,,Kusak,,1,
2022-03-27 12:00:00.000 +0200,Scat,,,,Blašković,,1,0
2018-05-22 04:41:00.000 +0200,Image,,,,Tomaić,,1,0
2015-01-14 00:00:00.000 +0100,Footprint,,,,Tomaić,,1,0
2023-08-25 05:27:00.000 +0200,Image,,,,Frketić,,1,0
2021-03-22 02:20:00.000 +0100,Image,,,,Toplicanec,,1,0
2018-04-04 08:12:00.000 +0200,Image,,,,Kusak,,1,0
2016-12-22 14:52:00.000 +0100,Image,,,,Kusak,,1,
2017-12-20 04:58:00.000 +0100,Image,,,,Kusak,,1,
2018-11-02 18:00:00.000 +0100,Urine,,,,Slijepčević,,1,0
1990-12-10 00:00:00.000 +0100,Dead,,,,Frković,,1,
1997-11-10 00:00:00.000 +0100,Dead,,,,Frković,,1,
2023-08-24 04:57:00.000 +0200,Image,,,,Gomerčić,,1,0
2023-11-03 01:45:00.000 +0100,Image,,,,Salkić,,1,0
2016-08-14 13:59:00.000 +0200,Image,,,,Kusak,,1,
2016-06-19 20:01:00.000 +0200,Image,,,,Kusak,,1,
2020-09-27 12:00:00.000 +0200,Hair,,,,Toplicanec,,1,0
2013-11-21 17:03:13.000 +0100,Image,,,,Slijepčević,,1,0
2019-03-06 19:58:00.000 +0100,Image,,,,Kusak,,1,0
2017-12-19 20:40:00.000 +0100,Image,,,,Tomaić,,1,0
2016-07-29 22:47:00.000 +0200,Image,,,,Kusak,,1,
2020-06-20 22:45:00.000 +0200,Image,,,,Rukavina,,1,0
2017-07-08 03:34:00.000 +0200,Image,,,,Gužvica,,1,0
2016-04-28 00:00:00.000 +0200,Footprint,,,,Tomaić,,1,0
2023-02-02 13:00:00.000 +0100,Footprint,,,,Dundovic,,1,0
2023-02-01 12:00:00.000 +0100,Footprint,,,,Salkić,,1,0
2021-04-17 00:33:00.000 +0200,Image,,,,Toplicanec,,1,0
2021-02-04 17:58:00.000 +0100,Image,,,,Kusak,,1,0
2021-02-25 00:34:00.000 +0100,Image,,,,Tomaić,,1,0
2020-12-03 12:00:00.000 +0100,Hair,,,,Toplicanec,,1,0
1986-02-28 00:00:00.000 +0100,Dead,,,,Frković,,1,
2024-03-20 16:15:00.000 +0100,Image,,,,Budinski,,2,0
2020-02-28 16:48:00.000 +0100,Image,,,,Sindičić,,1,0
1995-10-30 00:00:00.000 +0100,Dead,,,,Frković,,1,
2015-12-05 20:53:00.000 +0100,Image,,,,Kusak,,1,0
2017-07-27 04:15:00.000 +0200,Image,,,,Kusak,,1,
1983-01-23 00:00:00.000 +0100,Dead,,,,Frković,,1,
2020-12-04 00:30:00.000 +0100,Image,,,,Gomerčić,,1,0
2022-02-25 10:00:00.000 +0100,Image,,,,Toplicanec,,1,0
1997-07-27 00:00:00.000 +0200,Dead,,,,Frković,,1,
2018-10-21 01:16:00.000 +0200,Image,,,,Fležar,,1,0
2021-10-15 21:14:00.000 +0200,Image,,,,Tomaić,,1,0
2013-06-03 22:37:40.000 +0200,Image,,,,Slijepčević,,1,0
2014-08-25 00:00:00.000 +0200,Image,,,,Tomaić,,2,1
2022-08-14 02:20:00.000 +0200,Image,,,,Frketić,,1,0
2017-10-21 20:11:00.000 +0200,Image,,,,Kusak,,1,
2017-11-12 17:23:00.000 +0100,Image,,,,Kusak,,1,
2020-08-28 03:00:00.000 +0200,Sighting,,,,Sindičić,,1,0
2018-07-15 02:34:00.000 +0200,Image,,,,Tomaić,,1,0
2023-01-14 22:52:00.000 +0100,Image,,,,Slijepčević,,1,0
2016-02-18 16:57:00.000 +0100,Image,,,,Kusak,,1,
2019-09-18 20:00:00.000 +0200,Lynx kill,,,,Toplicanec,,1,0
2016-04-30 20:18:00.000 +0200,Image,,,,Kusak,,1,
1997-04-15 00:00:00.000 +0200,Dead,,,,Frković,,1,
2018-01-10 23:46:00.000 +0100,Image,,,,Kusak,,1,0
2023-08-01 18:15:00.000 +0200,Image,,,,Gomerčić,,1,0
2013-07-26 00:00:00.000 +0200,Lynx kill,,,,Tomaić,,1,0
2020-11-30 14:42:00.000 +0100,Sighting,,,,Gomerčić,,2,3
1991-12-27 00:00:00.000 +0100,Dead,,,,Frković,,1,
2017-10-28 04:48:00.000 +0200,Image,,,,Kusak,,1,
2022-05-16 00:13:00.000 +0200,Image,,,,Krmpotić,,1,0
2021-03-21 18:37:00.000 +0100,Image,,,,Špalj,,2,0
2013-11-13 00:49:41.000 +0100,Image,,,,Slijepčević,,1,0
2019-03-20 23:52:00.000 +0100,Image,,,,Selanec,,1,0
2023-10-02 01:30:00.000 +0200,Image,,,,Gomerčić,,1,0
2020-06-01 10:00:00.000 +0200,Image,,,,Slijepčević,,1,0
2019-11-25 22:58:00.000 +0100,Image,,,,Selanec,,1,0
2019-02-15 17:52:00.000 +0100,Image,,,,Fležar,,1,0
1981-07-17 00:00:00.000 +0100,Dead,,,,Frković,,1,
2021-02-26 10:00:00.000 +0100,Hair,,,,Slijepčević,,1,0
2011-09-05 20:28:56.000 +0200,Image,,,,Slijepčević,,1,0
2015-04-29 00:00:00.000 +0200,Scat,,,,Kusak,,1,0
2019-06-04 01:58:00.000 +0200,Image,,,,Kusak,,1,
2023-10-08 19:09:00.000 +0200,Image,,,,Gomerčić,,1,0
2015-01-14 00:00:00.000 +0100,Footprint,,,,Tomaić,,1,0
2020-12-12 23:07:00.000 +0100,Image,,,,Kusak,,1,0
2018-11-09 03:43:00.000 +0100,Image,,,,Fležar,,1,0
2008-02-06 00:00:01.000 +0100,Sighting,,,,Slijepčević,,2,
2024-04-15 16:48:00.000 +0200,Image,,,,Hadzihajdarevic,,1,0
2022-09-19 01:49:00.000 +0200,Image,,,,Blašković,,1,0
2019-07-21 12:00:00.000 +0200,Image,,,,Toplicanec,,1,0
2019-07-09 18:43:00.000 +0200,Image,,,,Toplicanec,,1,0
2018-05-03 04:12:00.000 +0200,Image,,,,Kusak,,1,0
2023-03-08 13:00:00.000 +0100,Scat,,,,Tomaić,,1,0
2022-11-26 18:38:00.000 +0100,Image,,,,Tomaić,,1,0
2022-04-07 18:09:00.000 +0200,Image,,,,Toplicanec,,1,0
2021-10-20 23:15:00.000 +0200,Image,,,,Rukavina,,1,0
2021-01-28 15:00:00.000 +0100,Hair,,,,Tomaić,,1,0
2019-02-14 17:04:00.000 +0100,Image,,,,Fležar,,1,0
2015-10-24 03:41:00.000 +0200,Image,,,,Kusak,,1,0
2020-02-19 19:14:00.000 +0100,Image,,,,Kusak,,1,0
1991-12-20 00:00:00.000 +0100,Dead,,,,Frković,,1,
2020-04-02 10:00:00.000 +0200,Scat,,,,Tomaić,,1,0
2018-12-19 02:59:00.000 +0100,Image,,,,Fležar,,1,0
1985-02-16 00:00:00.000 +0100,Dead,,,,Frković,,1,
2017-10-23 22:28:00.000 +0200,Image,,,,Kusak,,1,
2013-08-29 08:59:00.000 +0200,Image,3,Solo,Unknown,Slijepčević,,1,
2022-05-16 13:30:00.000 +0200,Hair,,,,Toplicanec,,1,0
2023-06-24 03:37:00.000 +0200,Image,,,,Gomerčić,,1,0
2018-08-28 09:25:00.000 +0200,Image,,,,Rukavina,,1,0
2016-05-16 17:21:00.000 +0200,Image,,,,Tomaić,,1,0
2015-11-20 06:34:00.000 +0100,Image,,,,Kusak,,1,0
1997-01-19 00:00:00.000 +0100,Dead,,,,Frković,,1,
2018-12-09 01:22:00.000 +0100,Image,,,,Pagon,,1,0
2023-04-10 03:43:00.000 +0200,Image,,,,Fabijanić,,1,0
2020-04-27 18:53:00.000 +0200,Image,,,,Slijepčević,,1,0
2021-06-29 00:33:00.000 +0200,Image,,,,Kusak,,1,0
2018-10-04 22:26:00.000 +0200,Image,,,,Kusak,,1,0
1999-01-16 00:00:00.000 +0100,Dead,,,,Frković,,1,
2021-03-11 21:06:00.000 +0100,Image,,,,Toplicanec,,1,0
2021-05-09 21:03:00.000 +0200,Image,,,,Rukavina,,1,0
2022-03-27 03:21:00.000 +0200,Image,,,,Toplicanec,,1,0
2020-02-07 22:18:00.000 +0100,Image,,,,Ivanov,,1,0
1987-08-10 00:00:00.000 +0200,Dead,,,,Frković,,1,
2022-09-24 05:39:00.000 +0200,Image,,,,Tomaić,,1,0
1985-01-20 00:00:00.000 +0100,Dead,,,,Frković,,1,
2021-03-13 18:06:00.000 +0100,Image,,,,Kusak,,1,0
2021-03-16 22:22:00.000 +0100,Image,,,,Gomerčić,,1,0
2021-02-14 09:14:00.000 +0100,Image,,,,Blašković,,1,0
2021-03-08 01:35:00.000 +0100,Image,,,,Blašković,,1,0
2023-04-13 11:03:00.000 +0200,Image,,,,Slijepčević,,1,0
2022-12-05 05:23:00.000 +0100,Image,,,,Frketić,,1,0
1993-01-01 00:00:00.000 +0100,Dead,,,,Frković,,1,
1990-02-17 00:00:00.000 +0100,Dead,,,,Frković,,1,
2022-12-13 12:00:00.000 +0100,Urine,,,,Toplicanec,,1,0
2022-12-24 08:09:00.000 +0100,Image,,,,Toplicanec,,1,0
2017-10-17 19:47:00.000 +0200,Image,,,,Kusak,,1,
2018-12-20 07:55:00.000 +0100,Image,,,,Selanec,,1,0
2022-05-16 12:30:00.000 +0200,Hair,,,,Toplicanec,,1,0
2022-02-09 13:00:00.000 +0100,Scat,,,,Toplicanec,,1,0
2021-01-13 16:00:00.000 +0100,Urine,,,,Tomaić,,1,0
1994-02-02 00:00:00.000 +0100,Dead,,,,Frković,,1,
2012-09-05 16:48:02.000 +0200,Image,,,,Slijepčević,,1,0
2022-01-01 13:21:00.000 +0100,Image,,,,Gomerčić,,2,0
2014-07-14 02:48:38.000 +0200,Image,,,,Slijepčević,,1,0
2021-01-28 15:00:00.000 +0100,Urine,,,,Tomaić,,1,0
2019-11-24 22:59:00.000 +0100,Image,,,,Kusak,,1,0
2023-12-01 12:00:00.000 +0100,Scat,,,,Čmelar,,1,0
2018-04-30 04:21:00.000 +0200,Image,,,,Kusak,,1,0
2020-02-24 13:30:00.000 +0100,Scat,,,,Toplicanec,,1,0
1993-10-17 00:00:00.000 +0100,Dead,,,,Frković,,1,
2018-08-14 10:00:00.000 +0200,Sighting,,,,Slijepčević,,1,0
2018-10-06 01:57:00.000 +0200,Image,,,,Kusak,,1,0
2022-07-22 07:00:00.000 +0200,Sighting,,,,Tomaić,,1,0
2017-04-10 16:27:00.000 +0200,Image,,,,Kusak,,1,
2020-11-21 11:33:00.000 +0100,Image,,,,Tomaić,,1,0
2019-03-20 19:58:00.000 +0100,Image,,,,Fležar,,1,0
2018-11-07 05:04:00.000 +0100,Image,,,,Kusak,,1,0
2019-01-06 23:14:00.000 +0100,Image,,,,Slijepčević,,2,0
2018-10-10 07:32:00.000 +0200,Image,,,,Kusak,,1,0
2018-03-19 02:00:00.000 +0100,Scat,,,,Tomaić,,1,0
2021-07-31 21:59:00.000 +0200,Image,,,,Rukavina,,1,0
2021-02-27 12:00:00.000 +0100,Image,,,,Blašković,,1,0
2020-04-02 10:35:00.000 +0200,Footprint,,,,Tomaić,,1,0
2019-11-09 23:00:00.000 +0100,Image,,,,Tomaić,,1,0
1986-02-15 00:00:00.000 +0100,Dead,,,,Frković,,1,
2016-03-10 13:45:00.000 +0100,Image,,,,Tomaić,,1,0
1979-09-29 00:00:00.000 +0100,Dead,,,,Frković,,1,
2021-09-29 01:18:00.000 +0200,Image,,,,Rukavina,,1,0
2021-02-17 05:58:00.000 +0100,Image,,,,Blašković,,1,0
2020-02-24 14:30:00.000 +0100,Scat,,,,Toplicanec,,1,0
2022-11-01 19:35:00.000 +0100,Sighting,,,,Blašković,,1,0
2022-03-04 14:00:00.000 +0100,Lynx kill,,,,Toplicanec,,1,0
2016-01-01 00:00:00.000 +0100,Sighting,,,,Sindičić,,1,0
2012-06-07 19:35:40.000 +0200,Image,,,,Slijepčević,,1,0
2022-12-21 17:23:00.000 +0100,Footprint,,,,Iskrić,,1,0
2020-09-22 13:30:00.000 +0200,Scat,,,,Toplicanec,,1,0
2013-08-02 01:23:27.000 +0200,Image,,,,Slijepčević,,1,0
2024-01-16 18:39:00.000 +0100,Image,,,,Frketić,,1,0
2023-03-03 12:00:00.000 +0100,Footprint,,,,Salkić,,1,0
2019-01-15 12:17:00.000 +0100,Image,,,,Selanec,,3,2
2016-05-12 04:37:00.000 +0200,Image,,,,Kusak,,1,
2020-07-25 10:00:00.000 +0200,Hair,,,,Slijepčević,,1,0
2017-05-09 22:41:00.000 +0200,Image,,,,Gužvica,,1,0
2016-05-08 17:01:00.000 +0200,Image,,,,Kusak,,1,
2022-12-07 11:30:00.000 +0100,Scat,,,,Slijepčević,,1,0
2023-11-30 23:50:00.000 +0100,Image,,,,Frketić,,1,0
2019-10-08 04:36:00.000 +0200,Image,,,,Ivanov,,1,0
2021-06-03 01:18:00.000 +0200,Image,,,,Blašković,,1,0
1989-12-15 00:00:00.000 +0100,Dead,,,,Frković,,1,
2022-10-31 03:16:00.000 +0100,Image,,,,Selanec,,1,0
2022-02-08 15:00:00.000 +0100,Footprint,,,,Salkić,,1,0
2022-03-23 09:56:00.000 +0100,Image,,,,Tomaić,,1,0
2021-04-25 18:50:00.000 +0200,Image,,,,Kusak,,1,0
2017-07-27 18:33:00.000 +0200,Image,,,,Kusak,,1,
1999-02-16 00:00:00.000 +0100,Dead,,,,Frković,,1,
2019-07-29 09:36:00.000 +0200,Image,,,,Toplicanec,,1,1
2021-02-26 13:00:00.000 +0100,Scat,,,,Slijepčević,,1,0
2020-02-24 14:30:00.000 +0100,Hair,,,,Toplicanec,,1,0
2018-01-10 15:43:00.000 +0100,Image,,,,Kusak,,1,0
1993-10-09 00:00:00.000 +0100,Dead,,,,Frković,,1,
1984-12-08 00:00:00.000 +0100,Dead,,,,Frković,,1,
2016-02-21 22:49:00.000 +0100,Image,,,,Kusak,,1,
1995-02-07 00:00:00.000 +0100,Dead,,,,Frković,,1,
2021-11-18 11:42:00.000 +0100,Image,,,,Toplicanec,,1,0
2016-10-18 04:04:00.000 +0200,Image,,,,Reljić,,2,0
2022-04-08 05:15:00.000 +0200,Image,,,,Blašković,,1,0
2015-12-06 20:21:00.000 +0100,Image,,,,Kusak,,1,0
2016-03-29 01:39:00.000 +0200,Image,,,,Kusak,,1,
2022-05-16 13:30:00.000 +0200,Hair,,,,Toplicanec,,1,0
2013-05-31 23:05:25.000 +0200,Image,,,,Slijepčević,,1,0
2018-09-08 08:30:00.000 +0200,Footprint,,,,Slijepčević,,1,0
2024-01-12 17:51:00.000 +0100,Image,,,,Toplicanec,,1,1
2023-03-02 12:00:00.000 +0100,Footprint,,,,Blazevic,,1,0
2020-11-24 23:51:00.000 +0100,Image,,,,Iskrić,,1,0
2022-10-05 21:01:00.000 +0200,Image,,,,Frketić,,1,0
2016-02-29 19:00:00.000 +0100,Image,,,,Kusak,,1,
2016-01-31 19:32:00.000 +0100,Image,,,,Kusak,,1,
2016-03-25 13:00:00.000 +0100,Scat,,,,Modrić,,1,0
2019-10-16 22:26:00.000 +0200,Image,,,,Ivanov,,1,0
2016-05-18 01:39:00.000 +0200,Image,,,,Kusak,,1,
1984-10-15 00:00:00.000 +0100,Dead,,,,Frković,,1,
2022-05-16 12:30:00.000 +0200,Hair,,,,Toplicanec,,1,0
2022-09-11 12:00:00.000 +0200,Sighting,,,,Blašković,,1,0
2019-06-02 21:07:00.000 +0200,Image,,,,Selanec,,1,0
2017-10-03 01:41:00.000 +0200,Image,,,,Kusak,,1,0
2021-12-22 06:24:00.000 +0100,Image,,,,Iskrić,,1,0
1988-02-14 00:00:00.000 +0100,Dead,,,,Frković,,1,
2022-11-01 17:51:00.000 +0100,Image,,,,Toplicanec,,1,0
2018-03-20 15:42:00.000 +0100,Image,,,,Fležar,,1,0
2013-06-21 20:10:13.000 +0200,Image,,,,Slijepčević,,1,0
1995-12-12 00:00:00.000 +0100,Dead,,,,Frković,,1,
2012-10-09 15:13:05.000 +0200,Image,,,,Slijepčević,,1,0
1994-03-14 00:00:00.000 +0100,Dead,,,,Frković,,1,
2020-01-11 06:30:00.000 +0100,Image,,,,Ivanov,,1,0
2021-10-16 12:00:00.000 +0200,Footprint,,,,Tomaić,,1,0
2020-11-13 08:57:00.000 +0100,Image,,,,Tomaić,,1,0
2019-04-04 13:15:00.000 +0200,Sighting,,,,Slijepčević,,1,0
2021-02-01 02:00:00.000 +0100,Lynx kill,,,,Blašković,,2,1
2019-09-15 23:04:00.000 +0200,Image,,,,Ivanov,,1,0
2021-12-27 09:31:00.000 +0100,Image,,,,Iskrić,,1,0
2016-05-25 00:07:00.000 +0200,Image,,,,Kusak,,1,
1985-11-17 00:00:00.000 +0100,Dead,,,,Frković,,1,
2023-02-02 12:00:00.000 +0100,Footprint,,,,Salkić,,1,0
2023-10-25 23:26:00.000 +0200,Image,,,,Rukavina,,1,0
2021-03-16 00:36:00.000 +0100,Image,,,,Toplicanec,,1,0
2023-03-25 04:19:00.000 +0100,Image,,,,Špalj,,1,0
2021-04-05 11:32:00.000 +0200,Image,,,,Toplicanec,,1,0
1986-12-15 00:00:00.000 +0100,Dead,,,,Frković,,1,
2022-09-19 02:01:00.000 +0200,Image,,,,Selanec,,1,0
2020-10-06 19:02:00.000 +0200,Image,,,,Kusak,,1,0
2016-01-22 19:44:00.000 +0100,Image,,,,Kusak,,1,
1998-02-13 00:00:00.000 +0100,Dead,,,,Frković,,1,
2023-11-10 15:00:00.000 +0100,Sighting,,,,Blašković,,2,2
2019-06-01 17:25:00.000 +0200,Image,,,,Sindičić,,1,0
2023-05-31 22:17:00.000 +0200,Image,,,,Selanec,,1,0
2016-02-08 01:47:00.000 +0100,Image,,,,Kusak,,1,
2020-11-22 15:30:00.000 +0100,Sighting,,,,Sindičić,,1,0
2019-01-25 21:00:00.000 +0100,Lynx kill,,,,Gomerčić,,2,1
2018-04-05 21:31:00.000 +0200,Image,,,,Kusak,,1,0
2017-01-05 18:28:00.000 +0100,Image,,,,Kusak,,1,
2018-09-24 19:10:00.000 +0200,Image,,,,Kusak,,1,0
2023-03-05 12:00:00.000 +0100,Lynx kill,,,,Blašković,,1,0
2014-10-19 22:35:00.000 +0200,Image,,,,Kusak,,1,
2021-12-16 17:08:00.000 +0100,Image,,,,Iskrić,,1,0
2018-04-29 23:59:00.000 +0200,Image,,,,Kusak,,1,0
2018-01-12 02:41:00.000 +0100,Image,,,,Kusak,,1,0
1982-02-12 00:00:00.000 +0100,Dead,,,,Frković,,1,
2004-09-06 00:00:00.000 +0200,Scat,,,,Kusak,,1,
2021-12-03 13:00:00.000 +0100,Hair,,,,Toplicanec,,1,0
1994-02-03 00:00:00.000 +0100,Dead,,,,Frković,,1,
1998-06-15 00:00:00.000 +0200,Dead,,,,Frković,,1,
2017-12-19 12:00:00.000 +0100,Scat,,,,Tomaić,,1,0
2016-03-18 22:23:00.000 +0100,Image,,,,Tomaić,,2,2
2021-03-03 01:18:00.000 +0100,Image,,,,Blašković,,1,0
2023-02-14 12:00:00.000 +0100,Footprint,,,,Salkić,,1,0
2022-10-07 20:53:00.000 +0200,Image,,,,Krmpotić,,1,0
2023-12-03 12:44:00.000 +0100,Footprint,,,,Hadzihajdarevic,,1,0
2017-02-28 21:32:00.000 +0100,Image,,,,Kusak,,1,
2019-03-25 14:23:00.000 +0100,Image,,,,Kusak,,1,0
2016-01-24 01:54:00.000 +0100,Image,,,,Kusak,,1,
2016-10-28 06:38:00.000 +0200,Image,,,,Reljić,,1,0
2023-06-25 09:14:00.000 +0200,Image,,,,Gomerčić,,1,0
2021-11-30 15:00:00.000 +0100,Scat,,,,Tomaić,,1,0
2023-08-12 20:12:00.000 +0200,Image,,,,Hadzihajdarevic,,1,0
2017-11-12 21:26:00.000 +0100,Image,,,,Slijepčević,,1,0
2024-02-25 00:14:00.000 +0100,Image,,,,Blašković,,1,0
1999-11-10 00:00:00.000 +0100,Dead,,,,Frković,,1,
2020-02-18 23:44:00.000 +0100,Image,,,,Tomaić,,1,0
2017-06-16 20:44:00.000 +0200,Image,,,,Kusak,,1,
1998-01-09 00:00:00.000 +0100,Dead,,,,Frković,,1,
2020-03-31 04:35:00.000 +0200,Image,,,,Ivanov,,1,0
2018-10-04 18:11:00.000 +0200,Image,,,,Kusak,,1,0
2013-09-15 00:00:00.000 +0200,Dead,,,,Frković,,3,0
2017-06-16 01:02:00.000 +0200,Image,,,,Kusak,,1,
2019-09-02 15:07:00.000 +0200,Image,,,,Fležar,,1,0
2023-01-19 13:45:00.000 +0100,Hair,,,,Toplicanec,,1,0
2021-02-25 23:34:00.000 +0100,Image,,,,Kusak,,1,0
2021-01-26 18:05:00.000 +0100,Image,,,,Blašković,,1,0
2023-09-14 00:07:00.000 +0200,Image,,,,Blašković,,1,0
2016-08-31 22:59:00.000 +0200,Image,,,,Kusak,,1,
1986-01-10 00:00:00.000 +0100,Dead,,,,Frković,,1,
1985-02-24 00:00:00.000 +0100,Dead,,,,Frković,,1,
2016-10-24 07:50:00.000 +0200,Image,,,,Tomaić,,3,2
2020-01-20 05:48:00.000 +0100,Image,,,,Ivanov,,1,0
2018-10-06 22:19:00.000 +0200,Image,,,,Rukavina,,1,0
1985-11-24 00:00:00.000 +0100,Dead,,,,Frković,,1,
2016-07-25 00:00:00.000 +0200,Image,,,,Kusak,,1,
2014-05-04 00:00:00.000 +0200,Image,,,,Tomaić,,1,0
1980-12-19 00:00:00.000 +0100,Dead,,,,Frković,,1,
2017-02-16 04:35:00.000 +0100,Image,,,,Reljić,,1,0
1990-01-02 00:00:00.000 +0100,Dead,,,,Frković,,1,
2020-04-01 12:00:00.000 +0200,Scat,,,,Tomaić,,1,0
2019-03-07 05:47:00.000 +0100,Image,,,,Gomerčić,,1,0
2017-03-24 13:25:00.000 +0100,Image,,,,Kusak,,1,
2014-02-17 01:00:00.000 +0100,Lynx kill,,,,Tomaić,,2,2
2023-03-13 12:00:00.000 +0100,Footprint,,,,Salkić,,1,0
2020-05-17 09:29:00.000 +0200,Image,,,,Rukavina,,1,0
2020-03-03 07:43:00.000 +0100,Image,,,,Sindičić,,1,0
2023-02-01 12:00:00.000 +0100,Footprint,,,,Salkić,,1,0
2020-12-12 17:38:00.000 +0100,Image,,,,Kusak,,1,0
1994-06-23 00:00:00.000 +0200,Dead,,,,Frković,,1,
2023-03-03 14:00:00.000 +0100,Scat,,,,Salkić,,1,0
2020-04-10 10:00:00.000 +0200,Footprint,,,,Slijepčević,,1,0
2022-09-13 17:06:00.000 +0200,Image,,,,Selanec,,1,0
2023-01-27 13:00:00.000 +0100,Footprint,,,,Fabijanić,,1,0
2017-05-12 20:14:00.000 +0200,Image,,,,Kusak,,1,
2022-08-21 07:12:00.000 +0200,Image,,,,Tomaić,,1,0
2015-11-10 21:52:00.000 +0100,Image,,,,Kusak,,1,0
1987-07-06 00:00:00.000 +0200,Dead,,,,Frković,,1,
2019-03-02 12:58:00.000 +0100,Image,,,,Fležar,,1,0
1995-01-12 00:00:00.000 +0100,Dead,,,,Frković,,1,
2022-05-28 00:58:00.000 +0200,Image,,,,Toplicanec,,1,0
2022-01-03 07:21:00.000 +0100,Image,,,,Blašković,,1,0
2020-09-04 09:51:00.000 +0200,Image,,,,Tomaić,,1,0
2023-01-24 20:22:00.000 +0100,Image,,,,Blašković,,1,0
2023-04-27 12:00:00.000 +0200,Hair,,,,Toplicanec,,1,0
2017-04-27 03:46:00.000 +0200,Image,,,,Kusak,,1,
2021-02-06 04:50:00.000 +0100,Image,,,,Blašković,,1,0
2019-02-03 15:00:00.000 +0100,Footprint,,,,Slijepčević,,1,0
2022-04-21 22:01:00.000 +0200,Image,,,,Toplicanec,,1,0
2020-12-14 16:41:00.000 +0100,Image,,,,Kusak,,1,0
2020-12-14 04:16:00.000 +0100,Image,,,,Blašković,,1,0
2018-09-13 15:16:00.000 +0200,Image,,,,Kusak,,1,0
1986-01-07 00:00:00.000 +0100,Dead,,,,Frković,,1,
2023-02-01 16:00:00.000 +0100,Scat,,,,Salkić,,1,0
2018-10-20 19:30:00.000 +0200,Image,,,,Slijepčević,,1,0
2022-09-29 08:23:00.000 +0200,Image,,,,Tomaić,,1,0
2022-11-30 23:50:00.000 +0100,Image,,,,Frketić,,1,0
2021-10-23 08:20:00.000 +0200,Image,,,,Blašković,,1,0
2020-04-01 13:30:00.000 +0200,Footprint,,,,Tomaić,,1,0
1990-02-28 00:00:00.000 +0100,Dead,,,,Frković,,1,
2016-12-08 02:07:00.000 +0100,Image,,,,Kusak,,1,
1981-09-20 00:00:00.000 +0100,Dead,,,,Frković,,1,
2021-02-19 16:00:00.000 +0100,Hair,,,,Blašković,,1,0
2018-04-22 15:30:00.000 +0200,Image,,,,Kusak,,1,0
2014-03-04 00:00:00.000 +0100,Footprint,,,,Tomaić,,2,0
1987-02-20 00:00:00.000 +0100,Dead,,,,Frković,,1,
2014-04-08 04:30:58.000 +0200,Image,,,,Slijepčević,,1,0
1981-08-21 00:00:00.000 +0100,Dead,,,,Frković,,1,
2012-05-08 13:17:05.000 +0200,Image,,,,Slijepčević,,1,0
2014-02-21 00:00:00.000 +0100,Footprint,,,,Tomaić,,2,0
2017-09-10 02:13:00.000 +0200,Image,,,,Kusak,,1,
2018-07-26 12:50:00.000 +0200,Image,,,,Tomaić,,1,0
2016-03-15 21:35:00.000 +0100,Image,,,,Kusak,,1,
2008-06-15 00:00:00.000 +0200,Dead,,,,Kusak,,1,
2016-07-10 21:28:00.000 +0200,Image,,,,Kusak,,1,
2015-03-20 02:40:00.000 +0100,Image,,,,Kusak,,1,0
2017-03-06 14:29:00.000 +0100,Image,,,,Gužvica,,1,0
2014-10-01 17:55:58.000 +0200,Image,,,,Slijepčević,,1,
2020-04-01 12:00:00.000 +0200,Scat,,,,Tomaić,,1,0
2014-12-20 02:32:00.000 +0100,Image,,,,Kusak,,1,
2018-04-16 04:31:00.000 +0200,Image,,,,Tomaić,,1,0
2015-06-11 00:00:00.000 +0200,Scat,,,,Kusak,,1,0
2008-03-15 02:00:00.000 +0100,Dead,,,,Tomaić,,1,
2022-05-14 19:24:00.000 +0200,Image,,,,Frketić,,1,0
2020-10-30 22:00:00.000 +0100,Sighting,,,,Sindičić,,1,0
2016-11-27 21:10:00.000 +0100,Image,,,,Kusak,,1,
2023-02-14 07:55:00.000 +0100,Image,,,,Blašković,,1,0
2020-02-27 22:00:00.000 +0100,Sighting,,,,Gomerčić,,3,2
1993-12-12 00:00:00.000 +0100,Dead,,,,Frković,,1,
1989-02-12 00:00:00.000 +0100,Dead,,,,Frković,,1,
1988-02-10 00:00:00.000 +0100,Dead,,,,Frković,,1,
2016-12-02 06:36:00.000 +0100,Image,,,,Kusak,,1,
2022-12-25 12:01:00.000 +0100,Image,,,,Fabijanić,,1,0
2020-12-19 05:41:00.000 +0100,Image,,,,Kusak,,1,0
2020-04-02 10:30:00.000 +0200,Footprint,,,,Tomaić,,1,0
2019-11-22 02:52:00.000 +0100,Image,,,,Toplicanec,,1,0
2019-03-09 16:05:00.000 +0100,Scat,,,,Slijepčević,,1,0
2019-02-25 15:00:00.000 +0100,Scat,,,,Slijepčević,,1,0
2022-04-19 02:58:00.000 +0200,Image,,,,Blašković,,1,0
2020-04-24 23:52:00.000 +0200,Image,,,,Selanec,,1,0
2018-12-30 22:43:00.000 +0100,Image,,,,Kusak,,1,
2019-12-08 18:53:00.000 +0100,Image,,,,Ivanov,,1,0
2017-08-11 03:48:00.000 +0200,Image,,,,Kusak,,1,
2002-12-31 00:00:00.000 +0100,Dead,,,,Gomerčić,,1,0
2023-03-23 13:20:00.000 +0100,Image,,,,Fabijanić,,1,0
2021-10-19 19:44:00.000 +0200,Image,,,,Toplicanec,,4,3
2015-04-21 00:00:00.000 +0200,Scat,,,,Kusak,,1,0
2023-05-06 00:56:00.000 +0200,Image,,,,Frketić,,1,0
2016-02-21 19:08:00.000 +0100,Image,,,,Tomaić,,3,2
1998-01-05 00:00:00.000 +0100,Dead,,,,Frković,,1,
2022-10-21 23:42:00.000 +0200,Image,,,,Fabijanić,,1,0
2018-04-04 15:00:00.000 +0200,Scat,,,,Tomaić,,1,0
2022-07-12 11:18:00.000 +0200,Image,,,,Tomaić,,1,0
2019-01-02 18:22:00.000 +0100,Image,,,,Kusak,,1,
2017-07-14 00:48:00.000 +0200,Image,,,,Kusak,,1,
2000-03-15 00:00:00.000 +0100,Dead,,,,Frković,,1,
2023-06-30 12:00:00.000 +0200,Hair,,,,Toplicanec,,1,0
2021-03-21 07:45:00.000 +0100,Image,,,,Blašković,,1,0
2021-04-12 10:22:00.000 +0200,Image,,,,Kusak,,1,0
2018-05-19 00:00:00.000 +0200,Image,,,,Sindičić,,1,0
2014-02-21 00:00:00.000 +0100,Footprint,,,,Tomaić,,1,0
2024-02-22 22:03:00.000 +0100,Image,,,,Blašković,,1,0
2023-06-07 21:35:00.000 +0200,Image,,,,Gomerčić,,1,0
2015-11-17 17:09:00.000 +0100,Image,,,,Kusak,,1,0
2016-12-03 22:06:00.000 +0100,Image,,,,Kusak,,1,
2021-02-19 17:00:00.000 +0100,Hair,,,,Blašković,,1,0
2021-01-17 22:00:00.000 +0100,Image,,,,Toplicanec,,1,0
2018-01-08 13:31:00.000 +0100,Image,,,,Kusak,,1,
2019-01-06 06:13:00.000 +0100,Image,,,,Fležar,,1,0
2017-06-21 19:40:00.000 +0200,Image,,,,Kusak,,1,
2013-11-07 00:00:00.000 +0100,Image,,,,Tomaić,,1,0
1997-10-15 00:00:00.000 +0200,Dead,,,,Frković,,1,
2022-08-01 23:37:00.000 +0200,Image,,,,Tomaić,,1,0
2021-03-29 22:57:00.000 +0200,Image,,,,Rukavina,,1,0
2017-02-07 03:35:00.000 +0100,Image,,,,Kusak,,1,
2022-02-01 23:28:00.000 +0100,Image,,,,Selanec,,2,1
2023-03-13 14:00:00.000 +0100,Hair,,,,Salkić,,1,0
2021-10-02 08:14:00.000 +0200,Image,,,,Iskrić,,1,0
2019-06-24 03:22:00.000 +0200,Image,,,,Kusak,,1,
2013-12-16 01:00:00.000 +0100,Image,,,,Sindičić,,1,0
2013-09-27 09:45:09.000 +0200,Image,,,,Slijepčević,,1,0
2016-07-29 22:01:00.000 +0200,Image,,,,Kusak,,1,
2023-02-03 12:00:00.000 +0100,Footprint,,,,Dundovic,,1,0
2014-02-23 00:00:00.000 +0100,Footprint,,,,Tomaić,,1,0
2004-07-09 00:00:01.000 +0200,Footprint,,,,Kusak,,1,
2020-02-06 03:58:00.000 +0100,Image,,,,Tomaić,,1,0
2019-11-23 12:47:00.000 +0100,Image,,,,Gomerčić,,1,0
2022-05-07 06:21:00.000 +0200,Image,,,,Blašković,,1,0
2022-03-22 00:03:00.000 +0100,Image,,,,Blašković,,2,0
2023-02-01 12:00:00.000 +0100,Footprint,,,,Salkić,,1,0
2020-07-26 00:04:00.000 +0200,Image,,,,Gomerčić,,1,0
2024-06-01 13:36:00.000 +0200,Sighting,,,,Toplicanec,,1,0
2016-03-26 17:25:00.000 +0100,Image,,,,Tomaić,,1,0
2021-02-01 15:25:00.000 +0100,Image,,,,Iskrić,,1,0
2020-12-07 14:00:00.000 +0100,Scat,,,,Tomaić,,1,0
1991-08-13 00:00:00.000 +0200,Dead,,,,Frković,,1,
2020-02-04 11:00:00.000 +0100,Image,,,,Toplicanec,,1,0
2005-10-25 00:00:00.000 +0200,Caught,,,,Kusak,,1,
2008-02-06 00:00:01.000 +0100,Sighting,,,,Slijepčević,,2,
2022-11-06 00:45:00.000 +0100,Image,,,,Gomerčić,,1,0
2021-04-05 22:29:00.000 +0200,Image,,,,Iskrić,,1,0
2023-08-02 01:39:00.000 +0200,Image,,,,Gomerčić,,1,0
2019-02-19 18:28:00.000 +0100,Sighting,,,,Slijepčević,,1,0
1984-01-31 00:00:00.000 +0100,Dead,,,,Frković,,1,
2007-11-16 00:00:01.000 +0100,Sighting,,,,Slijepčević,,1,
1985-04-25 00:00:00.000 +0200,Dead,,,,Frković,,1,
2017-06-17 02:55:00.000 +0200,Image,,,,Kusak,,1,
2017-06-17 19:40:00.000 +0200,Sighting,,,,Gomerčić,,1,0
2022-10-19 05:38:00.000 +0200,Image,,,,Blašković,,1,0
2020-01-08 02:00:00.000 +0100,Hair,,,,Tomaić,,1,0
2019-03-15 18:25:00.000 +0100,Image,,,,Slijepčević,,1,0
1986-04-28 00:00:00.000 +0200,Dead,,,,Frković,,1,
2021-02-20 10:44:00.000 +0100,Image,,,,Kusak,,1,0
2020-11-21 17:09:00.000 +0100,Image,,,,Blašković,,1,0
2017-06-18 04:38:00.000 +0200,Image,,,,Gužvica,,1,0
2009-09-15 00:00:00.000 +0200,Dead,,,,Kusak,,1,
2020-09-19 19:50:00.000 +0200,Image,,,,Blašković,,1,0
2019-02-04 13:00:00.000 +0100,Footprint,,,,Slijepčević,,1,0
1988-12-21 00:00:00.000 +0100,Dead,,,,Frković,,1,
2004-09-06 00:00:00.000 +0200,Scat,,,,Kusak,,1,
2016-10-18 02:56:00.000 +0200,Image,,,,Reljić,,2,0
2022-07-03 12:40:00.000 +0200,Sighting,,,,Blašković,,1,0
2021-06-26 16:22:00.000 +0200,Image,,,,Kusak,,1,0
2021-01-07 23:30:00.000 +0100,Footprint,,,,Blašković,,1,0
2016-07-14 04:48:00.000 +0200,Image,,,,Kusak,,1,
2019-10-21 17:26:00.000 +0200,Image,,,,Sindičić,,1,0
2016-06-21 03:44:00.000 +0200,Image,,,,Kusak,,1,
2021-02-19 14:00:00.000 +0100,Scat,,,,Blašković,,1,0
2020-09-30 20:14:00.000 +0200,Image,,,,Slijepčević,,1,0
2016-02-28 17:38:00.000 +0100,Image,,,,Tomaić,,1,0
1997-12-15 00:00:00.000 +0100,Dead,,,,Frković,,1,
2020-11-30 10:00:00.000 +0100,Hair,,,,Toplicanec,,1,0
2020-04-08 07:10:00.000 +0200,Image,,,,Kusak,,1,0
1996-11-03 00:00:00.000 +0100,Dead,,,,Frković,,1,
1983-06-10 00:00:00.000 +0200,Dead,,,,Frković,,1,
2022-11-12 07:17:00.000 +0100,Image,,,,Slijepčević,,1,0
2013-08-03 18:43:11.000 +0200,Image,,,,Slijepčević,,1,0
2014-01-17 03:11:40.000 +0100,Image,,,,Slijepčević,,1,0
2015-10-18 02:39:00.000 +0200,Image,,,,Kusak,,1,0
2015-08-01 00:00:00.000 +0200,Dead,,,,Sindičić,,1,0
2022-06-17 03:56:00.000 +0200,Image,,,,Frketić,,1,0
2021-04-24 14:53:00.000 +0200,Image,,,,Kusak,,1,0
2015-08-05 03:21:00.000 +0200,Image,,,,Kusak,,1,0
2015-11-30 03:07:00.000 +0100,Image,,,,Kusak,,1,0
2020-02-08 19:31:00.000 +0100,Image,,,,Rukavina,,1,0
2015-10-24 06:40:00.000 +0200,Image,,,,Kusak,,1,0
2015-02-23 01:00:00.000 +0100,Sighting,,,,Tomaić,,1,0
2016-03-01 18:52:00.000 +0100,Image,,,,Tomaić,,1,0
2015-03-13 11:33:00.000 +0100,Footprint,,,,Sindičić,,1,0
2017-04-12 03:37:00.000 +0200,Image,,,,Tomaić,,1,0
2022-05-28 08:00:00.000 +0200,Sighting,,,,Selanec,,1,0
2021-01-14 04:46:00.000 +0100,Image,,,,Toplicanec,,1,0
2020-02-03 18:06:00.000 +0100,Image,,,,Fležar,,1,0
2020-03-01 02:00:00.000 +0100,Dead,,,,Sindičić,,2,0
2018-10-28 05:10:00.000 +0100,Image,,,,Kusak,,1,
2018-12-24 18:03:00.000 +0100,Image,,,,Pagon,,2,1
2014-08-25 15:15:43.000 +0200,Image,,,,Slijepčević,,1,0
2020-07-17 20:56:00.000 +0200,Image,,,,Slijepčević,,1,0
2018-11-01 05:58:00.000 +0100,Image,,,,Tomaić,,1,0
1989-11-11 00:00:00.000 +0100,Dead,,,,Frković,,1,
2020-04-09 00:00:00.000 +0200,Image,,,,Sindičić,,1,0
2016-07-23 19:21:00.000 +0200,Image,,,,Kusak,,1,
2016-06-08 20:57:00.000 +0200,Image,,,,Kusak,,1,
2023-03-15 05:38:00.000 +0100,Image,,,,Toplicanec,,1,0
2019-01-11 00:26:00.000 +0100,Image,,,,Fležar,,1,0
2013-12-05 00:00:00.000 +0100,Image,,,,Tomaić,,1,0
2022-10-01 00:00:00.000 +0200,Sighting,,,,Fabijanić,,1,0
2021-06-08 12:00:00.000 +0200,Hair,,,,Tomaić,,1,0
2016-01-28 17:56:00.000 +0100,Image,,,,Kusak,,1,
2020-05-01 22:24:00.000 +0200,Image,,,,Tomaić,,1,0
2016-07-29 22:08:00.000 +0200,Image,,,,Kusak,,1,
2023-08-31 12:00:00.000 +0200,Scat,,,,Slijepčević,,1,0
2016-04-23 21:17:00.000 +0200,Image,,,,Kusak,,1,
1993-11-14 00:00:00.000 +0100,Dead,,,,Frković,,1,
2022-05-16 12:00:00.000 +0200,Hair,,,,Toplicanec,,1,0
2015-12-20 06:06:00.000 +0100,Image,,,,Kusak,,1,0
2018-10-06 00:00:00.000 +0200,Image,,,,Kusak,,1,0
2020-02-24 13:00:00.000 +0100,Scat,,,,Toplicanec,,1,0
2014-06-28 21:28:24.000 +0200,Image,,,,Slijepčević,,1,0
2016-06-19 20:01:00.000 +0200,Image,,,,Kusak,,1,
2023-08-28 03:52:00.000 +0200,Image,,,,Toplicanec,,1,0
2017-12-07 07:00:00.000 +0100,Scat,,,,Kusak,,1,0
2021-05-04 16:22:00.000 +0200,Image,,,,Kusak,,1,0
2016-09-24 12:00:00.000 +0200,Sighting,,,,Reljić,,3,2
1993-08-13 00:00:00.000 +0200,Dead,,,,Frković,,1,
2021-03-09 07:32:00.000 +0100,Image,,,,Toplicanec,,1,0
2016-01-12 18:45:00.000 +0100,Image,,,,Kusak,,1,
2023-01-11 13:00:00.000 +0100,Scat,,,,Tomaić,,1,0
2021-06-08 12:00:00.000 +0200,Scat,,,,Tomaić,,1,0
2022-04-03 05:52:00.000 +0200,Image,,,,Blašković,,1,0
2021-07-15 00:00:00.000 +0200,Dead,,,,Sindičić,,1,0
2019-01-07 11:00:00.000 +0100,Footprint,,,,Slijepčević,,2,1
2018-06-03 04:00:00.000 +0200,Image,,,,Tomaić,,1,0
2016-01-28 22:52:00.000 +0100,Image,,,,Tomaić,,1,0
2020-02-08 05:00:00.000 +0100,Image,,,,Tomaić,,1,0
2016-02-15 09:10:00.000 +0100,Image,,,,Kusak,,1,
2020-11-25 00:11:00.000 +0100,Image,,,,Iskrić,,1,0
1979-06-05 00:00:00.000 +0100,Dead,,,,Frković,,1,
2020-12-29 17:23:00.000 +0100,Image,,,,Kusak,,1,0
2017-07-11 03:02:00.000 +0200,Image,,,,Kusak,,1,
2017-02-24 17:11:00.000 +0100,Image,,,,Kusak,,1,
2021-06-06 12:46:00.000 +0200,Image,,,,Fabijanić,,1,0
2021-08-21 04:13:00.000 +0200,Image,,,,Kusak,,1,0
2020-03-28 23:33:00.000 +0100,Image,,,,Tomaić,,1,0
2021-11-24 12:00:00.000 +0100,Image,,,,Toplicanec,,4,3
2016-03-17 02:31:00.000 +0100,Image,,,,Tomaić,,1,0
2020-04-15 20:00:00.000 +0200,Footprint,,,,Tomaić,,1,0
2017-10-26 20:03:00.000 +0200,Image,,,,Kusak,,1,
2017-09-01 00:00:00.000 +0200,Dead,,,,Gomerčić,,1,0
2020-03-13 09:00:00.000 +0100,Hair,,,,Toplicanec,,1,0
2019-12-06 03:37:00.000 +0100,Image,,,,Gomerčić,,1,0
2014-07-01 00:00:00.000 +0200,Image,,,,Tomaić,,1,0
2022-11-27 18:37:00.000 +0100,Image,,,,Rukavina,,1,0
2015-08-01 00:00:00.000 +0200,Sighting,,,,Sindičić,,1,0
2017-09-22 08:41:00.000 +0200,Image,,,,Kusak,,1,
1999-02-10 00:00:00.000 +0100,Dead,,,,Frković,,1,
2019-04-25 02:44:00.000 +0200,Image,,,,Selanec,,1,0
2016-04-20 23:42:00.000 +0200,Image,,,,Kusak,,1,
2020-11-11 12:59:00.000 +0100,Image,,,,Blašković,,1,0
2022-10-05 22:33:00.000 +0200,Image,,,,Frketić,,1,0
2019-01-16 09:00:00.000 +0100,Image,,,,Selanec,,1,0
2016-08-25 15:43:00.000 +0200,Image,,,,Kusak,,1,
2023-01-25 16:00:00.000 +0100,Hair,,,,Salkić,,1,0
2020-04-01 11:10:00.000 +0200,Footprint,,,,Tomaić,,1,0
2016-03-14 17:10:00.000 +0100,Image,,,,Kusak,,1,
1998-06-05 00:00:00.000 +0200,Dead,,,,Frković,,1,
1987-04-04 00:00:00.000 +0200,Dead,,,,Frković,,1,
2019-02-25 04:15:00.000 +0100,Image,,,,Kusak,,1,
2012-05-27 21:04:15.000 +0200,Image,,,,Slijepčević,,1,0
2020-12-31 17:18:00.000 +0100,Image,,,,Kusak,,1,0
2016-08-19 23:53:00.000 +0200,Image,,,,Tomaić,,1,0
2020-07-10 03:19:00.000 +0200,Image,,,,Slijepčević,,1,0
2022-05-16 13:00:00.000 +0200,Hair,,,,Toplicanec,,1,0
2024-04-21 20:00:00.000 +0200,Sighting,,,,Sindičić,,1,0
2018-04-26 08:16:00.000 +0200,Image,,,,Kusak,,1,0
2023-06-05 17:50:00.000 +0200,Image,,,,Budinski,,1,0
2019-05-22 20:07:00.000 +0200,Image,,,,Kusak,,1,
2024-02-09 16:30:00.000 +0100,Image,,,,Modrić,,1,0
2016-01-28 03:53:00.000 +0100,Image,,,,Kusak,,1,0
1986-04-23 00:00:00.000 +0200,Dead,,,,Frković,,1,
2021-12-26 15:34:00.000 +0100,Image,,,,Toplicanec,,1,0
2022-06-17 02:53:00.000 +0200,Image,,,,Fabijanić,,1,0
2021-02-26 12:00:00.000 +0100,Footprint,,,,Tomaić,,1,0
2023-04-21 01:44:00.000 +0200,Image,,,,Rukavina,,1,0
2022-10-28 17:47:00.000 +0200,Image,,,,Fabijanić,,1,0
2020-12-06 05:09:00.000 +0100,Image,,,,Toplicanec,,1,0
2020-10-31 16:30:00.000 +0100,Sighting,,,,Sindičić,,1,0
2016-03-23 02:49:00.000 +0100,Image,,,,Kusak,,1,
2024-05-11 08:00:00.000 +0200,Lynx kill,,,,Sindičić,,1,0
2023-02-21 13:00:00.000 +0100,Footprint,,,,Dundovic,,1,0
2019-11-26 00:47:00.000 +0100,Image,,,,Toplicanec,,1,0
2018-12-13 10:00:00.000 +0100,Footprint,,,,Tomaić,,1,0
2016-06-09 01:21:00.000 +0200,Image,,,,Kusak,,1,
2023-01-26 15:00:00.000 +0100,Hair,,,,Salkić,,1,0
1998-01-08 00:00:00.000 +0100,Dead,,,,Frković,,1,
2016-12-31 00:00:00.000 +0100,Sighting,,,,Sindičić,,1,0
2015-02-23 00:00:00.000 +0100,Sighting,,,,Tomaić,,1,0
2023-07-01 06:03:00.000 +0200,Image,,,,Rukavina,,1,0
2018-08-11 09:48:00.000 +0200,Image,,,,Kusak,,1,0
2018-04-03 00:00:00.000 +0200,Sighting,,,,Sindičić,,1,0
2016-01-12 00:16:00.000 +0100,Image,,,,Kusak,,1,
1988-10-26 00:00:00.000 +0100,Dead,,,,Frković,,1,
2024-03-11 21:25:00.000 +0100,Image,,,,Tomaić,,1,0
2022-03-29 16:37:00.000 +0200,Image,,,,Blašković,,1,0
2021-09-29 03:51:00.000 +0200,Image,,,,Blašković,,1,0
2015-04-29 00:00:00.000 +0200,Scat,,,,Kusak,,1,0
2022-03-03 18:25:00.000 +0100,Image,,,,Blašković,,1,0
2016-07-24 20:53:00.000 +0200,Image,,,,Kusak,,1,
2013-06-01 04:38:25.000 +0200,Image,,,,Slijepčević,,1,0
2020-01-02 05:58:00.000 +0100,Image,,,,Toplicanec,,1,0
2021-12-08 20:14:00.000 +0100,Image,,,,Toplicanec,,1,0
2019-01-13 18:04:00.000 +0100,Image,,,,Slijepčević,,1,0
2016-01-11 02:59:00.000 +0100,Image,,,,Kusak,,1,
2021-01-16 14:00:00.000 +0100,Hair,,,,Selanec,,1,0
2017-03-30 21:10:00.000 +0200,Image,,,,Kusak,,1,
2019-07-12 01:10:00.000 +0200,Image,,,,Kusak,,1,
2023-04-03 08:48:00.000 +0200,Image,,,,Toplicanec,,1,0
2018-03-26 14:49:00.000 +0200,Image,,,,Fležar,,1,0
2021-06-06 10:56:00.000 +0200,Image,,,,Toplicanec,,1,0
2022-08-02 03:34:00.000 +0200,Image,,,,Iskrić,,1,0
2022-01-16 04:10:00.000 +0100,Image,,,,Tomaić,,1,0
2021-02-02 11:15:00.000 +0100,Hair,,,,Blašković,,1,0
2019-01-04 02:42:00.000 +0100,Image,,,,Fležar,,1,0
2015-06-02 02:36:00.000 +0200,Image,,,,Kusak,,1,0
2023-11-17 19:31:00.000 +0100,Image,,,,Blašković,,1,0
2023-01-25 13:00:00.000 +0100,Footprint,,,,Dundovic,,1,0
2021-10-20 19:53:00.000 +0200,Image,,,,Fabijanić,,4,3
2021-03-04 20:02:00.000 +0100,Image,,,,Blašković,,1,0
2023-04-23 05:31:00.000 +0200,Image,,,,Krmpotić,,1,0
2015-11-04 05:12:00.000 +0100,Image,,,,Kusak,,1,0
2018-05-21 03:37:00.000 +0200,Image,,,,Kusak,,1,0
2018-12-20 16:39:00.000 +0100,Image,,,,Selanec,,1,0
2016-08-20 14:43:00.000 +0200,Image,,,,Kusak,,1,
2000-04-09 00:00:00.000 +0200,Dead,,,,Frković,,1,
2018-11-12 22:00:00.000 +0100,Image,,,,Sindičić,,1,0
2023-11-01 04:37:00.000 +0100,Image,,,,Salkić,,1,0
2020-02-24 13:00:00.000 +0100,Hair,,,,Toplicanec,,1,0
2019-01-29 02:28:00.000 +0100,Image,,,,Fležar,,1,0
2022-11-25 21:01:00.000 +0100,Image,,,,Tomaić,,1,0
2021-01-15 14:00:00.000 +0100,Hair,,,,Selanec,,1,0
2022-12-24 21:01:00.000 +0100,Image,,,,Gomerčić,,2,1
2013-08-01 22:15:28.000 +0200,Image,,,,Slijepčević,,1,0
2021-04-21 17:11:00.000 +0200,Image,,,,Toplicanec,,1,0
2021-06-16 03:17:00.000 +0200,Image,,,,Blašković,,1,0
2017-06-24 19:57:00.000 +0200,Image,,,,Kusak,,1,
2017-05-11 02:28:00.000 +0200,Image,,,,Kusak,,1,
2023-09-20 23:45:00.000 +0200,Image,,,,Frketić,,1,0
2022-12-21 01:05:00.000 +0100,Image,,,,Fabijanić,,1,0
2017-03-25 01:21:00.000 +0100,Image,,,,Kusak,,1,
2016-11-29 19:18:00.000 +0100,Image,,,,Kusak,,1,
1995-11-08 00:00:00.000 +0100,Dead,,,,Frković,,1,
1982-07-15 00:00:00.000 +0100,Dead,,,,Frković,,1,
2021-01-13 16:33:00.000 +0100,Scat,,,,Tomaić,,1,0
2022-11-01 17:53:00.000 +0100,Image,,,,Frketić,,1,0
2022-08-14 04:41:00.000 +0200,Image,,,,Fabijanić,,1,0
2019-01-17 21:06:00.000 +0100,Image,,,,Selanec,,1,0
2022-11-02 03:55:00.000 +0100,Image,,,,Tomaić,,1,0
2018-10-18 17:45:00.000 +0200,Image,,,,Rukavina,,1,0
1980-09-25 00:00:00.000 +0100,Dead,,,,Frković,,1,
2021-05-20 16:59:00.000 +0200,Image,,,,Toplicanec,,1,0
2021-07-13 00:49:00.000 +0200,Image,,,,Blašković,,1,0
2017-07-09 23:57:00.000 +0200,Image,,,,Kusak,,1,
2019-04-25 12:31:00.000 +0200,Image,,,,Fležar,,1,0
2016-06-22 03:04:00.000 +0200,Image,,,,Kusak,,1,
2018-05-02 13:00:00.000 +0200,Sighting,,,,Selanec,,1,0
2022-01-13 03:54:00.000 +0100,Image,,,,Toplicanec,,1,0
2023-04-27 12:00:00.000 +0200,Hair,,,,Toplicanec,,1,0
2018-10-10 09:00:00.000 +0200,Image,,,,Kusak,,1,0
2017-05-31 01:24:00.000 +0200,Image,,,,Kusak,,1,
1981-11-13 00:00:00.000 +0100,Dead,,,,Frković,,1,
2016-10-31 12:00:00.000 +0100,Footprint,,,,Modrić,,1,0
2020-02-18 23:44:00.000 +0100,Image,,,,Tomaić,,1,0
2020-07-04 11:21:00.000 +0200,Image,,,,Rukavina,,1,0
2019-08-24 06:32:00.000 +0200,Image,,,,Rukavina,,1,0
2016-07-29 22:50:00.000 +0200,Image,,,,Kusak,,1,
2021-07-11 03:33:00.000 +0200,Image,,,,Rukavina,,1,0
2012-06-18 21:19:09.000 +0200,Image,,,,Slijepčević,,1,0
2020-01-01 01:00:00.000 +0100,Dead,,,,Sindičić,,1,0
2019-07-27 20:15:00.000 +0200,Image,,,,Gomerčić,,1,0
2022-09-11 19:39:00.000 +0200,Image,,,,Frketić,,1,0
2012-11-06 13:21:23.000 +0100,Image,,,,Slijepčević,,1,0
2017-12-19 17:00:00.000 +0100,Footprint,,,,Sindičić,,1,0
1993-02-06 00:00:00.000 +0100,Dead,,,,Frković,,1,
2021-09-29 19:57:00.000 +0200,Image,,,,Fabijanić,,1,0
2021-03-05 09:00:00.000 +0100,Lynx kill,,,,Toplicanec,,1,0
2022-01-19 12:27:00.000 +0100,Scat,,,,Fabijanić,,1,0
2021-02-01 20:40:00.000 +0100,Sighting,,,,Gomerčić,,1,0
2017-03-23 18:20:00.000 +0100,Image,,,,Kusak,,1,
2017-12-08 02:10:00.000 +0100,Image,,,,Kusak,,1,
2016-06-16 13:30:00.000 +0200,Image,,,,Kusak,,1,
2022-05-04 23:44:00.000 +0200,Image,,,,Tomaić,,1,0
2015-11-01 20:43:00.000 +0100,Image,,,,Kusak,,1,0
2022-12-30 18:54:00.000 +0100,Image,,,,Slijepčević,,1,0
2023-03-02 12:00:00.000 +0100,Footprint,,,,Salkić,,1,0
2022-12-20 11:47:00.000 +0100,Footprint,,,,Iskrić,,1,0
2016-11-16 00:00:00.000 +0100,Footprint,,,,Tomaić,,1,0
2023-01-06 13:59:00.000 +0100,Image,,,,Fabijanić,,1,0
2017-12-20 06:00:00.000 +0100,Footprint,,,,Tomaić,,2,0
1996-10-15 00:00:00.000 +0200,Dead,,,,Frković,,1,
2022-02-11 06:42:00.000 +0100,Image,,,,Toplicanec,,1,0
2016-07-12 02:33:00.000 +0200,Image,,,,Kusak,,1,
2013-10-18 00:00:00.000 +0200,Image,,,,Tomaić,,1,0
1982-01-15 00:00:00.000 +0100,Dead,,,,Frković,,1,
2017-02-27 15:48:00.000 +0100,Image,,,,Kusak,,1,
2020-02-24 15:30:00.000 +0100,Hair,,,,Toplicanec,,1,0
2015-10-27 18:25:00.000 +0100,Image,,,,Kusak,,1,0
2024-01-30 20:22:00.000 +0100,Image,,,,Blazevic,,1,0
2021-05-30 19:46:00.000 +0200,Image,,,,Toplicanec,,1,0
1992-03-28 00:00:00.000 +0100,Dead,,,,Frković,,1,
2020-02-29 00:56:00.000 +0100,Image,,,,Gomerčić,,1,0
2019-04-04 09:38:00.000 +0200,Image,,,,Selanec,,1,0
2021-03-06 12:00:00.000 +0100,Hair,,,,Fabijanić,,1,0
2007-04-05 00:00:01.000 +0200,Dead,,,,Kusak,,1,
2021-09-06 04:29:00.000 +0200,Image,,,,Toplicanec,,1,0
2020-10-01 10:00:00.000 +0200,Hair,,,,Toplicanec,,1,0
2019-07-19 12:00:00.000 +0200,Hair,,,,Toplicanec,,1,0
2017-02-03 03:22:00.000 +0100,Image,,,,Kusak,,1,
2014-03-04 00:00:00.000 +0100,Footprint,,,,Tomaić,,2,0
2023-08-16 21:30:00.000 +0200,Image,,,,Iskrić,,1,0
2020-03-31 04:23:00.000 +0200,Image,,,,Sindičić,,1,0
2023-02-01 12:00:00.000 +0100,Footprint,,,,Dundovic,,1,0
2015-11-16 07:04:00.000 +0100,Image,,,,Kusak,,1,0
2021-03-06 05:20:00.000 +0100,Image,,,,Kusak,,1,0
2021-03-05 13:50:00.000 +0100,Scat,,,,Fabijanić,,1,0
2017-09-18 16:35:00.000 +0200,Image,,,,Kusak,,1,
2016-02-05 21:52:00.000 +0100,Image,,,,Reljić,,1,0
2023-12-08 14:00:00.000 +0100,Image,,,,Blašković,,2,2
2017-10-03 01:41:00.000 +0200,Image,,,,Kusak,,1,
2009-10-24 00:00:01.000 +0200,Sighting,,,,Kusak,,1,
2020-05-14 18:46:00.000 +0200,Image,,,,Tomaić,,1,0
2013-06-05 18:55:51.000 +0200,Image,,,,Slijepčević,,1,0
2017-12-19 19:44:00.000 +0100,Image,,,,Kusak,,1,
2012-07-30 17:56:31.000 +0200,Image,,,,Slijepčević,,1,0
2018-12-02 12:30:00.000 +0100,Scat,,,,Selanec,,1,0
2018-03-27 06:00:00.000 +0200,Scat,,,,Tomaić,,1,0
2019-11-27 03:21:00.000 +0100,Image,,,,Toplicanec,,1,0
2015-11-12 22:43:00.000 +0100,Image,,,,Kusak,,1,0
2016-04-23 19:04:00.000 +0200,Image,,,,Kusak,,1,
2021-05-15 19:26:00.000 +0200,Image,,,,Toplicanec,,1,0
2017-12-07 02:56:00.000 +0100,Image,,,,Kusak,,1,
2017-07-29 09:26:00.000 +0200,Image,,,,Kusak,,1,
1987-02-28 00:00:00.000 +0100,Dead,,,,Frković,,1,
2020-12-23 21:12:00.000 +0100,Image,,,,Kusak,,1,0
2016-03-16 17:48:00.000 +0100,Image,,,,Tomaić,,1,0
2015-01-01 00:00:00.000 +0100,Sighting,,,,Sindičić,,1,0
2017-08-09 00:56:00.000 +0200,Image,,,,Kusak,,1,
2022-10-21 12:20:00.000 +0200,Hair,,,,Toplicanec,,1,0
2015-10-27 05:55:00.000 +0100,Image,,,,Kusak,,1,0
2007-11-19 01:00:00.000 +0100,Scat,,,,Slijepčević,,1,
1997-12-28 00:00:00.000 +0100,Dead,,,,Frković,,1,
2020-11-01 03:14:00.000 +0100,Image,,,,Tomaić,,1,0
2021-06-17 02:41:00.000 +0200,Image,,,,Kusak,,1,0
2016-08-08 22:27:00.000 +0200,Image,,,,Kusak,,1,
2020-11-03 02:03:00.000 +0100,Image,,,,Tomaić,,1,0
1998-08-09 00:00:00.000 +0200,Dead,,,,Frković,,1,
1984-11-15 00:00:00.000 +0100,Dead,,,,Frković,,1,
1997-09-09 00:00:01.000 +0200,Dead,,,,Frković,,1,
2020-05-04 22:26:00.000 +0200,Image,,,,Tomaić,,1,0
2021-03-15 18:38:00.000 +0100,Image,,,,Tomaić,,1,0
2018-10-24 19:45:00.000 +0200,Image,,,,Kusak,,1,0
1981-06-05 00:00:00.000 +0100,Dead,,,,Frković,,1,
2023-05-26 17:03:00.000 +0200,Image,,,,Toplicanec,,1,0
2017-05-05 00:47:00.000 +0200,Image,,,,Gužvica,,1,0
2016-10-25 00:00:00.000 +0200,Sighting,,,,Tomaić,,1,0
2016-04-13 00:00:00.000 +0200,Footprint,,,,Tomaić,,1,0
2017-02-09 15:20:00.000 +0100,Image,,,,Kusak,,1,
2016-12-11 09:26:00.000 +0100,Image,,,,Modrić,,1,0
2022-07-19 04:48:00.000 +0200,Image,,,,Fabijanić,,1,0
2017-07-07 20:36:00.000 +0200,Image,,,,Kusak,,1,
1993-10-29 00:00:00.000 +0100,Dead,,,,Frković,,1,
2024-03-11 04:31:00.000 +0100,Image,,,,Budinski,,1,0
2021-02-16 22:52:00.000 +0100,Image,,,,Toplicanec,,1,0
2014-05-29 00:00:00.000 +0200,Image,,,,Tomaić,,1,0
2021-12-30 17:46:00.000 +0100,Image,,,,Tomaić,,1,0
2018-12-30 08:51:00.000 +0100,Image,,,,Fležar,,1,0
2017-04-17 17:52:00.000 +0200,Image,,,,Gužvica,,1,0
2016-03-19 01:13:00.000 +0100,Image,,,,Tomaić,,1,0
1986-06-15 00:00:00.000 +0200,Dead,,,,Frković,,1,
1987-11-02 00:00:00.000 +0100,Dead,,,,Frković,,1,
1982-09-15 00:00:00.000 +0100,Dead,,,,Frković,,1,
2021-01-20 19:00:00.000 +0100,Image,,,,Toplicanec,,1,0
2023-01-05 13:00:00.000 +0100,Footprint,,,,Blašković,,1,0
2019-07-11 23:45:00.000 +0200,Image,,,,Kusak,,1,
2018-08-13 13:44:00.000 +0200,Image,,,,Kusak,,1,0
2019-11-27 02:00:00.000 +0100,Hair,,,,Slijepčević,,2,1
1989-01-20 00:00:00.000 +0100,Dead,,,,Frković,,1,
2013-11-25 00:00:00.000 +0100,Image,,,,Tomaić,,1,0
1987-10-20 00:00:00.000 +0100,Dead,,,,Frković,,1,
2023-10-11 18:45:00.000 +0200,Image,,,,Hadzihajdarevic,,1,0
2020-12-02 01:11:00.000 +0100,Image,,,,Blašković,,2,0
2017-07-07 18:05:00.000 +0200,Scat,,,,Reljić,,1,0
2020-01-11 05:09:00.000 +0100,Image,,,,Rukavina,,3,2
2020-02-09 23:40:00.000 +0100,Image,,,,Gomerčić,,1,0
2019-01-01 01:29:00.000 +0100,Image,,,,Reljić,,1,0
2015-10-29 06:07:00.000 +0100,Image,,,,Kusak,,1,0
2004-08-07 00:00:00.000 +0200,Scat,,,,Kusak,,1,
2022-06-02 12:00:00.000 +0200,Sighting,,,,Blašković,,1,0
2021-04-09 17:37:00.000 +0200,Image,,,,Blašković,,1,0
2019-04-06 10:38:00.000 +0200,Image,,,,Fležar,,1,0
2016-08-12 19:20:00.000 +0200,Sighting,,,,Gomerčić,,1,0
2011-08-27 00:00:01.000 +0200,Sighting,,,,Kusak,,6,
2019-02-26 13:00:00.000 +0100,Hair,,,,Slijepčević,,1,0
2017-03-10 20:35:00.000 +0100,Image,,,,Kusak,,1,
2016-03-23 00:36:00.000 +0100,Image,,,,Kusak,,1,
2022-05-15 00:54:00.000 +0200,Image,,,,Tomaić,,1,0
2021-04-10 14:55:00.000 +0200,Image,,,,Kusak,,1,0
1994-11-01 00:00:00.000 +0100,Dead,,,,Frković,,1,
2020-04-25 10:30:00.000 +0200,Sighting,,,,Sindičić,,1,0
2016-02-22 17:25:00.000 +0100,Image,,,,Tomaić,,1,0
1984-06-26 00:00:00.000 +0200,Dead,,,,Frković,,1,
2016-02-06 06:10:00.000 +0100,Image,,,,Reljić,,1,0
2022-11-27 05:04:00.000 +0100,Image,,,,Špalj,,1,0
2021-06-21 21:24:00.000 +0200,Image,,,,Toplicanec,,1,0
2016-10-13 17:13:00.000 +0200,Image,,,,Reljić,,1,0
2022-11-02 01:25:00.000 +0100,Image,,,,Tomaić,,1,0
2022-05-16 12:00:00.000 +0200,Hair,,,,Toplicanec,,1,0
2012-10-17 06:39:49.000 +0200,Image,,,,Slijepčević,,1,0
2019-09-05 13:30:00.000 +0200,Scat,,,,Toplicanec,,1,0
2006-01-01 00:00:00.000 +0100,Dead,,,,Sindičić,,1,0
2020-04-24 18:01:00.000 +0200,Image,,,,Ivanov,,1,0
2016-01-24 18:48:00.000 +0100,Image,,,,Tomaić,,3,2
2024-01-12 16:20:00.000 +0100,Image,,,,Hadzihajdarevic,,1,0
1996-02-28 00:00:00.000 +0100,Dead,,,,Frković,,1,
2020-08-21 04:29:00.000 +0200,Image,,,,Tomaić,,1,0
2022-08-29 05:17:00.000 +0200,Image,,,,Frketić,,1,0
1992-08-23 00:00:00.000 +0200,Dead,,,,Frković,,1,
2018-01-12 22:29:00.000 +0100,Image,,,,Kusak,,1,0
2021-02-02 20:20:00.000 +0100,Sighting,,,,Blašković,,1,0
2017-03-02 23:22:00.000 +0100,Image,,,,Kusak,,1,
1990-09-02 00:00:00.000 +0200,Dead,,,,Frković,,1,
2018-07-28 10:00:00.000 +0200,Image,,,,Selanec,,1,1
2012-04-18 21:32:54.000 +0200,Image,,,,Slijepčević,,1,0
1997-02-15 00:00:00.000 +0100,Dead,,,,Frković,,1,
2021-04-22 05:14:00.000 +0200,Image,,,,Toplicanec,,1,0
2018-12-13 11:50:00.000 +0100,Footprint,,,,Tomaić,,2,1
2016-02-10 16:38:00.000 +0100,Image,,,,Tomaić,,1,0
1990-01-27 00:00:00.000 +0100,Dead,,,,Frković,,1,
1984-07-06 00:00:00.000 +0200,Dead,,,,Frković,,1,
2019-12-29 01:31:00.000 +0100,Image,,,,Rukavina,,1,0
2018-10-17 22:55:00.000 +0200,Image,,,,Kusak,,1,0
2016-05-09 21:19:00.000 +0200,Image,,,,Tomaić,,1,0
2017-11-05 21:08:00.000 +0100,Image,,,,Tomaić,,4,0
2018-12-09 03:03:00.000 +0100,Image,,,,Pagon,,1,0
2023-02-14 12:00:00.000 +0100,Footprint,,,,Salkić,,1,0
2021-02-19 11:32:00.000 +0100,Image,,,,Fabijanić,,1,0
2017-11-22 22:34:00.000 +0100,Image,,,,Kusak,,1,
2021-11-30 10:00:00.000 +0100,Hair,,,,Toplicanec,,1,0
2015-12-01 02:00:00.000 +0100,Sighting,,,,Sindičić,,1,0
2022-11-07 18:48:00.000 +0100,Image,,,,Toplicanec,,1,0
2008-02-04 01:00:00.000 +0100,Scat,,,,Slijepčević,,3,
2018-08-06 22:15:00.000 +0200,Image,,,,Rukavina,,1,0
2017-06-15 19:44:00.000 +0200,Image,,,,Kusak,,1,
2014-02-17 00:00:00.000 +0100,Footprint,,,,Tomaić,,3,0
2023-04-09 04:47:00.000 +0200,Image,,,,Tomaić,,1,0
1988-03-29 00:00:00.000 +0200,Dead,,,,Frković,,1,
2020-04-16 08:15:00.000 +0200,Footprint,,,,Tomaić,,1,0
2018-04-25 21:14:00.000 +0200,Image,,,,Tomaić,,1,0
2023-07-08 19:52:00.000 +0200,Image,,,,Frketić,,1,0
2016-04-18 02:32:00.000 +0200,Image,,,,Kusak,,1,
2018-12-28 06:45:00.000 +0100,Image,,,,Fležar,,1,0
2017-06-16 19:59:00.000 +0200,Image,,,,Kusak,,1,
2016-06-09 01:22:00.000 +0200,Image,,,,Kusak,,1,
2022-03-07 05:08:00.000 +0100,Image,,,,Blašković,,1,0
2021-03-14 05:05:00.000 +0100,Image,,,,Gomerčić,,1,0
2020-12-29 12:00:00.000 +0100,Footprint,,,,Tomaić,,1,0
2019-02-09 04:38:00.000 +0100,Image,,,,Kusak,,1,
2018-09-09 05:01:00.000 +0200,Image,,,,Rukavina,,1,0
2019-02-05 00:01:00.000 +0100,Image,,,,Selanec,,1,0
2020-05-09 04:19:00.000 +0200,Image,,,,Kusak,,1,0
2012-11-27 07:02:20.000 +0100,Image,,,,Slijepčević,,1,0
2019-11-09 12:00:00.000 +0100,Image,,,,Toplicanec,,1,0
2018-11-05 20:40:00.000 +0100,Image,,,,Toplicanec,,1,0
2019-10-12 07:45:00.000 +0200,Image,,,,Ivanov,,1,0
2017-07-08 03:27:00.000 +0200,Image,,,,Kusak,,1,
1982-02-26 00:00:00.000 +0100,Dead,,,,Frković,,1,
1988-01-13 00:00:00.000 +0100,Dead,,,,Frković,,1,
2019-10-22 10:00:00.000 +0200,Hair,,,,Slijepčević,,1,0
2016-11-26 16:43:00.000 +0100,Image,,,,Kusak,,1,
2024-03-21 15:05:00.000 +0100,Image,,,,Špalj,,1,0
2021-02-28 03:51:00.000 +0100,Image,,,,Blašković,,1,0
2020-04-28 08:44:00.000 +0200,Lynx kill,,,,Tomaić,,1,0
2018-12-30 22:14:00.000 +0100,Image,,,,Fležar,,1,0
2021-03-26 10:13:00.000 +0100,Image,,,,Kusak,,1,0
2019-01-06 04:48:00.000 +0100,Image,,,,Fležar,,1,0
1981-02-24 00:00:00.000 +0100,Dead,,,,Frković,,1,
1999-10-15 00:00:01.000 +0200,Dead,,,,Kusak,,1,
2022-10-22 01:15:00.000 +0200,Image,,,,Gomerčić,,3,2
2015-10-28 03:15:00.000 +0100,Image,,,,Kusak,,1,0
2016-03-10 03:28:00.000 +0100,Image,,,,Tomaić,,1,0
2020-11-17 17:00:00.000 +0100,Hair,,,,Slijepčević,,1,0
2019-11-27 00:00:00.000 +0100,Scat,,,,Tomaić,,1,0
2017-07-24 08:17:00.000 +0200,Image,,,,Kusak,,1,
1996-11-10 00:00:00.000 +0100,Dead,,,,Frković,,1,
1980-03-04 00:00:00.000 +0100,Dead,,,,Frković,,1,
2015-11-16 03:52:00.000 +0100,Image,,,,Kusak,,1,0
1990-10-26 00:00:00.000 +0100,Dead,,,,Frković,,1,
2021-02-19 14:00:00.000 +0100,Hair,,,,Toplicanec,,1,0
2022-11-19 06:25:00.000 +0100,Image,,,,Tomaić,,2,1
2018-08-28 23:13:00.000 +0200,Image,,,,Fležar,,1,0
1987-02-12 00:00:00.000 +0100,Dead,,,,Frković,,1,
2022-09-29 18:28:00.000 +0200,Image,,,,Blašković,,1,0
2022-07-03 12:00:00.000 +0200,Sighting,,,,Fabijanić,,1,0
2021-10-22 17:24:00.000 +0200,Image,,,,Tomaić,,1,0
2024-04-12 14:00:00.000 +0200,Image,,,,Blazevic,,1,0
2022-11-01 17:17:00.000 +0100,Image,,,,Hadzihajdarevic,,1,0
2000-04-28 00:00:00.000 +0200,Dead,,,,Frković,,1,
2020-09-14 12:06:00.000 +0200,Image,,,,Fabijanić,,1,0
2020-01-18 22:19:00.000 +0100,Image,,,,Gomerčić,,1,0
2018-12-01 18:08:00.000 +0100,Image,,,,Fležar,,1,0
2016-07-03 09:53:00.000 +0200,Image,,,,Kusak,,1,
1980-03-16 00:00:00.000 +0100,Dead,,,,Frković,,1,
2023-05-02 23:15:00.000 +0200,Image,,,,Frketić,,1,0
1983-02-19 00:00:00.000 +0100,Dead,,,,Frković,,1,
2023-02-15 15:00:00.000 +0100,Footprint,,,,Salkić,,1,0
2020-10-31 05:44:00.000 +0100,Image,,,,Tomaić,,1,0
2021-03-14 06:54:00.000 +0100,Image,,,,Toplicanec,,1,0
2021-05-01 16:35:00.000 +0200,Image,,,,Kusak,,1,0
1996-07-30 20:00:00.000 +0200,Dead,,,,Selanec,,1,0
2016-02-10 19:41:00.000 +0100,Image,,,,Kusak,,1,
2007-03-18 00:00:01.000 +0100,Sighting,,,,Slijepčević,,1,
2024-04-29 02:13:00.000 +0200,Image,,,,Blašković,,1,0
2020-09-02 18:00:00.000 +0200,Image,,,,Blašković,,1,0
2016-12-19 00:00:00.000 +0100,Sighting,,,,Tomaić,,1,0
2016-11-27 20:26:00.000 +0100,Image,,,,Kusak,,1,
2015-01-14 00:00:00.000 +0100,Footprint,,,,Tomaić,,1,0
2024-01-29 13:00:00.000 +0100,Footprint,,,,Slijepčević,,1,0
2022-06-13 09:00:00.000 +0200,Hair,,,,Slijepčević,,1,0
2020-01-10 17:36:00.000 +0100,Image,,,,Kusak,,1,0
2016-09-22 19:11:00.000 +0200,Image,,,,Tomaić,,1,0
2023-03-09 23:00:00.000 +0100,Sighting,,,,Blašković,,1,0
2020-11-26 20:08:00.000 +0100,Image,,,,Tomaić,,1,0
2019-06-30 00:57:00.000 +0200,Image,,,,Kusak,,1,0
2022-12-13 20:09:00.000 +0100,Image,,,,Budinski,,1,0
2015-01-14 00:00:00.000 +0100,Footprint,,,,Tomaić,,1,0
1988-10-25 00:00:00.000 +0100,Dead,,,,Frković,,1,
2023-04-12 12:00:00.000 +0200,Hair,,,,Blašković,,1,0
2023-03-02 12:00:00.000 +0100,Footprint,,,,Blazevic,,1,0
2020-04-06 12:00:00.000 +0200,Footprint,,,,Tomaić,,1,0
2021-03-13 10:00:00.000 +0100,Image,,,,Toplicanec,,1,0
1984-02-07 00:00:00.000 +0100,Dead,,,,Frković,,1,
2023-07-17 09:00:00.000 +0200,Sighting,,,,Selanec,,2,1
2018-12-08 01:27:00.000 +0100,Image,,,,Kusak,,1,
2023-03-29 12:00:00.000 +0200,Hair,,,,Krmpotić,,1,0
2024-05-16 12:00:00.000 +0200,Hair,,,,Krmpotić,,1,0
2016-12-07 10:28:00.000 +0100,Image,,,,Kusak,,1,
2014-04-20 19:14:11.000 +0200,Image,,,,Slijepčević,,1,0
2023-12-18 20:20:00.000 +0100,Image,,,,Hadzihajdarevic,,1,0
2019-07-01 00:00:00.000 +0200,Sighting,,,,Sindičić,,1,0
2021-02-19 14:00:00.000 +0100,Scat,,,,Toplicanec,,1,0
2023-01-26 13:00:00.000 +0100,Footprint,,,,Salkić,,1,0
2024-03-17 13:00:00.000 +0100,Footprint,,,,Blazevic,,1,0
2024-02-17 02:46:00.000 +0100,Image,,,,Blašković,,1,0
2021-04-27 09:40:00.000 +0200,Image,,,,Kusak,,1,0
2022-11-29 14:00:00.000 +0100,Footprint,,,,Krmpotić,,1,0
2019-07-05 00:18:00.000 +0200,Image,,,,Ivanov,,1,0
2023-10-17 13:57:00.000 +0200,Image,,,,Budinski,,3,2
2018-12-01 13:00:00.000 +0100,Sighting,,,,Gomerčić,,1,0
2015-10-27 18:06:00.000 +0100,Image,,,,Kusak,,1,0
2024-01-13 02:24:00.000 +0100,Image,,,,Budinski,,1,0
2020-12-30 16:00:00.000 +0100,Footprint,,,,Blašković,,1,0
2022-06-28 05:24:00.000 +0200,Image,,,,Tomaić,,1,0
2016-05-20 20:31:00.000 +0200,Image,,,,Kusak,,1,
2020-05-07 01:33:00.000 +0200,Image,,,,Rukavina,,1,0
2018-08-06 19:52:00.000 +0200,Image,,,,Kusak,,1,0
1982-11-18 00:00:00.000 +0100,Dead,,,,Frković,,1,
2023-12-11 19:12:00.000 +0100,Image,,,,Blašković,,1,0
2023-10-09 04:13:00.000 +0200,Image,,,,Frketić,,1,0
2017-05-14 02:05:00.000 +0200,Image,,,,Kusak,,1,
2020-12-21 19:57:00.000 +0100,Image,,,,Iskrić,,1,0
2019-07-07 20:50:00.000 +0200,Image,,,,Slijepčević,,1,0
1989-01-25 00:00:00.000 +0100,Dead,,,,Frković,,1,
2019-04-17 03:21:00.000 +0200,Image,,,,Fležar,,1,0
2019-01-12 22:44:00.000 +0100,Image,,,,Selanec,,1,0
2016-02-28 20:33:00.000 +0100,Image,,,,Kusak,,1,0
2023-03-11 02:00:00.000 +0100,Image,,,,Tomaić,,1,0
2017-04-13 19:32:00.000 +0200,Image,,,,Kusak,,1,
2022-02-09 13:00:00.000 +0100,Hair,,,,Toplicanec,,1,0
2017-07-15 00:50:00.000 +0200,Image,,,,Kusak,,1,
2021-08-03 07:33:00.000 +0200,Image,,,,Rukavina,,1,0
2018-11-06 02:43:00.000 +0100,Image,,,,Kusak,,1,0
2020-07-17 20:00:00.000 +0200,Sighting,,,,Sindičić,,1,0
2018-02-12 15:49:00.000 +0100,Image,,,,Tomaić,,1,0
2013-02-04 01:00:00.000 +0100,Lynx kill,,,,Tomaić,,1,0
2022-10-03 19:38:00.000 +0200,Image,,,,Rukavina,,1,0
2019-01-26 14:30:00.000 +0100,Urine,,,,Toplicanec,,1,2
2017-11-17 19:44:00.000 +0100,Image,,,,Gužvica,,1,0
2009-02-01 01:00:00.000 +0100,Dead,,,,Sindičić,,1,0
2022-01-06 03:23:00.000 +0100,Image,,,,Toplicanec,,1,0
2015-05-28 00:00:00.000 +0200,Scat,,,,Kusak,,1,0
2023-01-24 04:45:00.000 +0100,Image,,,,Blašković,,1,0
2022-06-03 02:26:00.000 +0200,Image,,,,Toplicanec,,1,0
2021-10-23 20:12:00.000 +0200,Image,,,,Rukavina,,1,0
2024-05-16 12:00:00.000 +0200,Hair,,,,Krmpotić,,1,0
2019-09-02 01:07:00.000 +0200,Image,,,,Kusak,,1,0
2023-11-12 02:54:00.000 +0100,Image,,,,Frketić,,2,1
2020-11-03 12:00:00.000 +0100,Sighting,,,,Gomerčić,,2,2
2017-11-22 22:11:00.000 +0100,Image,,,,Tomaić,,4,0
1998-03-02 00:00:00.000 +0100,Dead,,,,Frković,,1,
2018-10-30 12:20:00.000 +0100,Sighting,,,,Tomaić,,3,2
2018-10-11 07:06:00.000 +0200,Image,,,,Sindičić,,1,0
2017-05-15 00:04:00.000 +0200,Image,,,,Kusak,,1,
2022-05-19 19:37:00.000 +0200,Image,,,,Selanec,,1,0
2022-11-05 06:26:00.000 +0100,Image,,,,Tomaić,,1,0
2015-08-31 10:29:00.000 +0200,Image,,,,Kusak,,1,0
1986-05-14 00:00:00.000 +0200,Dead,,,,Frković,,1,
2024-03-14 18:20:00.000 +0100,Image,,,,Tomaić,,1,0
2014-03-11 00:00:00.000 +0100,Image,,,,Tomaić,,1,0
2022-05-15 18:41:00.000 +0200,Image,,,,Toplicanec,,1,0
2018-11-06 20:16:00.000 +0100,Image,,,,Kusak,,1,0
2014-06-02 04:30:00.000 +0200,Image,,,,Sindičić,,1,0
2022-02-20 01:43:00.000 +0100,Image,,,,Toplicanec,,1,0
2017-06-18 12:43:00.000 +0200,Image,,,,Kusak,,1,
2016-08-13 09:14:00.000 +0200,Image,,,,Kusak,,1,
2023-10-04 04:15:00.000 +0200,Image,,,,Blašković,,1,0
2022-09-12 02:34:00.000 +0200,Image,,,,Tomaić,,1,0
2018-11-15 07:59:00.000 +0100,Image,,,,Fležar,,1,0
2019-02-02 23:39:00.000 +0100,Image,,,,Selanec,,1,0
2020-03-22 22:56:00.000 +0100,Image,,,,Ivanov,,1,0
2019-12-18 07:02:00.000 +0100,Image,,,,Tomaić,,1,0
2016-08-10 03:26:00.000 +0200,Image,,,,Kusak,,1,
2021-06-14 14:58:00.000 +0200,Image,,,,Fabijanić,,1,0
2019-03-09 14:00:00.000 +0100,Hair,,,,Slijepčević,,1,0
2017-04-03 18:20:00.000 +0200,Image,,,,Tomaić,,1,0
2020-04-01 08:00:00.000 +0200,Footprint,,,,Tomaić,,1,0
2022-05-16 12:30:00.000 +0200,Hair,,,,Toplicanec,,1,0
2021-10-13 19:35:00.000 +0200,Image,,,,Fabijanić,,1,0
2015-08-15 16:15:00.000 +0200,Image,,,,Kusak,,1,0
2021-12-29 03:53:00.000 +0100,Image,,,,Tomaić,,1,0
2017-11-19 16:00:00.000 +0100,Footprint,,,,Slijepčević,,1,0
2021-05-22 12:00:00.000 +0200,Hair,,,,Toplicanec,,1,0
1980-12-14 00:00:00.000 +0100,Dead,,,,Frković,,1,
2021-05-09 12:00:00.000 +0200,Hair,,,,Tomaić,,1,0
2017-02-24 01:21:00.000 +0100,Image,,,,Kusak,,1,
2021-01-24 06:22:00.000 +0100,Image,,,,Iskrić,,1,0
2020-03-27 21:51:00.000 +0100,Image,,,,Sindičić,,1,0
2017-07-30 19:38:00.000 +0200,Image,,,,Kusak,,1,
2013-11-12 17:53:03.000 +0100,Image,,,,Slijepčević,,1,0
1990-10-26 00:00:00.000 +0100,Dead,,,,Frković,,1,
2021-10-10 12:00:00.000 +0200,Lynx kill,,,,Blašković,,1,0
2018-01-29 18:41:00.000 +0100,Image,,,,Kusak,,1,0
1990-02-21 00:00:00.000 +0100,Dead,,,,Frković,,1,
2018-09-15 19:33:00.000 +0200,Image,,,,Kusak,,1,0
2017-02-14 04:08:00.000 +0100,Image,,,,Kusak,,1,
2016-09-09 05:59:00.000 +0200,Image,,,,Tomaić,,1,0
1989-06-05 00:00:00.000 +0200,Dead,,,,Frković,,1,
1982-10-11 00:00:00.000 +0100,Dead,,,,Frković,,1,
2020-09-26 00:00:00.000 +0200,Image,,,,Slijepčević,,1,0
2019-12-12 17:57:00.000 +0100,Image,,,,Gomerčić,,1,0
2024-01-22 12:00:00.000 +0100,Footprint,,,,Modrić,,1,0
2023-02-23 04:22:00.000 +0100,Image,,,,Blašković,,1,0
2022-11-30 21:33:00.000 +0100,Image,,,,Fabijanić,,1,0
2022-02-09 13:00:00.000 +0100,Hair,,,,Toplicanec,,1,0
2021-01-14 16:56:00.000 +0100,Image,,,,Iskrić,,1,0
2024-01-29 12:00:00.000 +0100,Scat,,,,Toplicanec,,1,0
2023-04-08 21:33:00.000 +0200,Image,,,,Fabijanić,,1,0
2023-03-12 14:00:00.000 +0100,Footprint,,,,Rukavina,,1,0
2021-02-17 01:00:00.000 +0100,Hair,,,,Sindičić,,1,0
2021-02-02 12:30:00.000 +0100,Hair,,,,Toplicanec,,1,0
2021-03-01 06:25:00.000 +0100,Image,,,,Blašković,,1,0
1986-05-16 00:00:00.000 +0200,Dead,,,,Frković,,1,
2023-03-03 13:00:00.000 +0100,Footprint,,,,Blazevic,,1,0
2020-12-17 17:46:00.000 +0100,Image,,,,Kusak,,1,0
2021-04-22 01:53:00.000 +0200,Image,,,,Toplicanec,,1,0
2021-03-22 23:05:00.000 +0100,Image,,,,Paulić,,1,0
2018-08-09 00:00:00.000 +0200,Dead,,,,Kusak,,1,0
2015-01-03 02:00:00.000 +0100,Sighting,,,,Sindičić,,1,0
1997-04-30 00:00:00.000 +0200,Dead,,,,Frković,,1,
1995-01-12 00:00:00.000 +0100,Dead,,,,Frković,,1,
2012-09-20 18:18:21.000 +0200,Image,,,,Slijepčević,,1,0
2016-03-22 21:01:00.000 +0100,Image,,,,Kusak,,1,
2016-02-07 04:35:00.000 +0100,Image,,,,Kusak,,1,
1990-01-22 00:00:00.000 +0100,Dead,,,,Frković,,1,
1984-02-04 00:00:00.000 +0100,Dead,,,,Frković,,1,
2020-10-13 10:00:00.000 +0200,Hair,,,,Toplicanec,,1,0
2022-01-02 23:48:00.000 +0100,Image,,,,Blašković,,2,1
2022-07-23 06:00:00.000 +0200,Unknown,,,,Sindičić,,1,0
2015-10-08 17:13:00.000 +0200,Image,,,,Kusak,,1,0
2016-01-28 17:10:00.000 +0100,Image,,,,Kusak,,1,
2020-01-09 14:40:00.000 +0100,Scat,,,,Tomaić,,1,0
2021-04-18 22:21:00.000 +0200,Image,,,,Gomerčić,,1,0
2018-04-30 04:00:00.000 +0200,Image,,,,Kusak,,1,0
2020-07-15 12:00:00.000 +0200,Image,,,,Gomerčić,,1,0
2014-02-23 00:00:00.000 +0100,Footprint,,,,Tomaić,,1,0
2019-04-19 02:12:00.000 +0200,Image,,,,Fležar,,1,0
2017-06-21 19:24:00.000 +0200,Image,,,,Kusak,,1,
2016-02-21 05:15:00.000 +0100,Image,,,,Kusak,,1,
2015-04-13 00:00:00.000 +0200,Scat,,,,Kusak,,1,0
1984-10-15 00:00:00.000 +0100,Dead,,,,Frković,,1,
2022-10-25 04:23:00.000 +0200,Image,,,,Tomaić,,1,0
2021-02-18 07:45:00.000 +0100,Image,,,,Toplicanec,,1,0
2020-09-27 12:00:00.000 +0200,Hair,,,,Toplicanec,,1,0
2017-03-14 11:43:00.000 +0100,Image,,,,Slijepčević,,1,0
2020-03-14 17:00:00.000 +0100,Sighting,,,,Selanec,,2,0
2018-12-22 20:20:00.000 +0100,Image,,,,Toplicanec,,1,0
2016-01-20 04:59:00.000 +0100,Image,,,,Tomaić,,3,2
2016-04-13 17:55:00.000 +0200,Image,,,,Tomaić,,1,0
2016-01-31 04:28:00.000 +0100,Image,,,,Tomaić,,1,0
2021-02-17 22:25:00.000 +0100,Image,,,,Toplicanec,,1,0
2018-03-30 15:25:00.000 +0200,Footprint,,,,Gomerčić,,1,0
2015-11-02 22:50:00.000 +0100,Image,,,,Kusak,,1,0
2023-05-26 23:53:00.000 +0200,Image,,,,Gomerčić,,1,0
2017-09-22 18:27:00.000 +0200,Image,,,,Kusak,,1,
2015-02-03 00:00:00.000 +0100,Sighting,,,,Tomaić,,1,0
2008-05-18 00:00:01.000 +0200,Sighting,,,,Kusak,,1,
2024-02-29 12:43:00.000 +0100,Scat,,,,Krmpotić,,1,0
2023-04-09 04:12:00.000 +0200,Image,,,,Fabijanić,,2,0
2015-11-07 04:27:00.000 +0100,Image,,,,Kusak,,1,0
2017-10-27 13:00:00.000 +0200,Scat,,,,Slijepčević,,1,0
2023-04-07 07:17:00.000 +0200,Image,,,,Fabijanić,,2,0
2024-03-27 10:27:00.000 +0100,Image,,,,Mladjen,,1,0
2023-03-31 12:00:00.000 +0200,Hair,,,,Slijepčević,,1,0
2021-06-21 21:24:00.000 +0200,Image,,,,Blašković,,1,0
2021-05-15 12:00:00.000 +0200,Image,,,,Gomerčić,,1,0
2019-02-06 18:09:00.000 +0100,Image,,,,Fležar,,1,0
2005-01-01 00:00:00.000 +0100,Dead,,,,Sindičić,,1,0
2020-08-15 20:53:00.000 +0200,Image,,,,Slijepčević,,1,0
2018-12-21 05:31:00.000 +0100,Image,,,,Slijepčević,,1,0
2023-02-09 03:52:00.000 +0100,Lynx kill,,,,Blašković,,1,0
2020-06-07 12:00:00.000 +0200,Image,,,,Slijepčević,,1,0
2024-05-17 02:30:00.000 +0200,Image,,,,Hadzihajdarevic,,1,0
2018-08-15 00:00:00.000 +0200,Sighting,,,,Sindičić,,1,0
2016-11-23 00:00:00.000 +0100,Footprint,,,,Tomaić,,1,0
2017-08-03 23:28:00.000 +0200,Image,,,,Kusak,,1,
2019-12-06 12:00:00.000 +0100,Scat,,,,Slijepčević,,1,0
2018-08-24 03:08:00.000 +0200,Image,,,,Fležar,,1,0
2018-01-24 20:37:00.000 +0100,Image,,,,Kusak,,1,0
2016-06-02 01:47:00.000 +0200,Image,,,,Kusak,,1,
2022-12-31 17:29:00.000 +0100,Image,,,,Tomaić,,1,0
2021-11-26 01:41:00.000 +0100,Image,,,,Iskrić,,1,0
1993-02-26 00:00:00.000 +0100,Dead,,,,Frković,,1,
2016-03-14 21:27:00.000 +0100,Image,,,,Tomaić,,1,0
2022-12-20 12:16:00.000 +0100,Footprint,,,,Iskrić,,1,0
2018-05-28 01:25:00.000 +0200,Image,,,,Tomaić,,1,0
2022-07-03 13:56:00.000 +0200,Image,,,,Fabijanić,,1,0
2018-11-14 00:23:00.000 +0100,Image,,,,Fležar,,1,0
2019-08-24 03:08:00.000 +0200,Image,,,,Fležar,,1,0
2018-03-29 12:00:00.000 +0200,Image,,,,Slijepčević,,1,0
2019-11-14 23:34:00.000 +0100,Image,,,,Toplicanec,,1,0
2015-11-27 06:08:00.000 +0100,Image,,,,Kusak,,1,0
2023-02-01 12:00:00.000 +0100,Footprint,,,,Salkić,,1,0
2022-06-08 00:39:00.000 +0200,Image,,,,Fabijanić,,1,0
2022-04-26 18:44:00.000 +0200,Image,,,,Toplicanec,,1,0
2015-11-05 18:28:00.000 +0100,Image,,,,Kusak,,1,0
2016-07-05 04:32:00.000 +0200,Image,,,,Kusak,,1,
2016-02-08 02:57:00.000 +0100,Image,,,,Kusak,,1,
2014-01-17 01:39:30.000 +0100,Image,,,,Slijepčević,,1,0
2018-10-10 05:56:00.000 +0200,Image,,,,Fležar,,1,0
2022-10-21 12:00:00.000 +0200,Hair,,,,Toplicanec,,1,0
2023-04-08 15:48:00.000 +0200,Image,,,,Fabijanić,,1,0
2020-12-07 14:00:00.000 +0100,Scat,,,,Tomaić,,1,0
2019-02-17 22:26:00.000 +0100,Image,,,,Toplicanec,,3,2
2021-12-30 07:31:00.000 +0100,Image,,,,Blašković,,1,0
2021-02-02 07:50:00.000 +0100,Footprint,,,,Gomerčić,,2,1
2004-08-06 00:00:00.000 +0200,Scat,,,,Tomaić,,1,
2019-05-27 05:00:00.000 +0200,Sighting,,,,Slijepčević,,1,0
2021-01-15 14:06:00.000 +0100,Image,,,,Iskrić,,1,0
2018-11-07 06:21:00.000 +0100,Image,,,,Gomerčić,,3,2
2023-03-13 12:00:00.000 +0100,Footprint,,,,Salkić,,1,0
2019-06-30 03:57:00.000 +0200,Image,,,,Toplicanec,,1,0
2010-12-14 02:00:00.000 +0100,Dead,,,,Kusak,,1,
2009-09-19 00:00:01.000 +0200,Sighting,,,,Kusak,,3,
2016-01-20 16:30:00.000 +0100,Sighting,,,,Sindičić,,1,0
2023-09-02 19:53:00.000 +0200,Image,,,,Hadzihajdarevic,,1,0
2021-01-13 16:00:00.000 +0100,Urine,,,,Tomaić,,1,0
2021-03-08 22:31:00.000 +0100,Image,,,,Blašković,,1,0
2016-03-07 01:36:00.000 +0100,Image,,,,Kusak,,1,
1990-09-13 00:00:00.000 +0200,Dead,,,,Frković,,1,
2023-02-23 03:42:00.000 +0100,Image,,,,Blašković,,1,0
2020-11-05 18:51:00.000 +0100,Sighting,,,,Slijepčević,,1,0
2021-01-13 05:37:00.000 +0100,Image,,,,Tomaić,,1,0
2016-07-14 18:17:00.000 +0200,Image,,,,Kusak,,1,
2016-05-06 18:55:00.000 +0200,Image,,,,Kusak,,1,
2013-08-20 00:00:00.000 +0200,Image,,,,Tomaić,,1,0
2022-11-29 15:22:00.000 +0100,Image,,,,Tomaić,,1,0
2020-09-30 20:14:00.000 +0200,Image,,,,Gomerčić,,1,0
2020-03-23 17:47:00.000 +0100,Image,,,,Slijepčević,,1,0
1993-01-03 00:00:00.000 +0100,Dead,,,,Frković,,1,
2008-02-04 00:00:01.000 +0100,Sighting,,,,Slijepčević,,1,
2021-04-02 22:39:00.000 +0200,Image,,,,Kusak,,1,0
2016-05-14 06:42:00.000 +0200,Image,,,,Kusak,,1,
2020-02-09 03:38:00.000 +0100,Image,,,,Ivanov,,1,0
1997-10-13 00:00:00.000 +0200,Dead,,,,Frković,,1,
2021-02-24 19:06:00.000 +0100,Image,,,,Kusak,,1,0
2020-12-10 01:40:00.000 +0100,Image,,,,Iskrić,,1,0
2019-07-03 17:25:00.000 +0200,Image,,,,Gomerčić,,1,0
2018-07-17 00:30:00.000 +0200,Image,,,,Gomerčić,,1,0
2022-09-20 01:19:00.000 +0200,Image,,,,Rukavina,,1,0
2022-03-29 12:00:00.000 +0200,Sighting,,,,Blašković,,1,0
2008-01-31 01:00:00.000 +0100,Scat,,,,Slijepčević,,1,
2024-04-03 04:51:00.000 +0200,Image,,,,Tomaić,,1,0
2016-01-21 19:20:00.000 +0100,Image,,,,Kusak,,1,
2019-06-05 00:43:00.000 +0200,Image,,,,Selanec,,1,0
2017-09-13 23:47:00.000 +0200,Image,,,,Kusak,,1,
2021-04-18 15:00:00.000 +0200,Hair,,,,Toplicanec,,1,0
2012-11-22 09:24:07.000 +0100,Image,,,,Slijepčević,,1,0
1978-09-27 00:00:00.000 +0100,Dead,,,,Frković,,1,
2023-02-20 12:00:00.000 +0100,Footprint,,,,Blazevic,,1,0
1984-11-30 00:00:00.000 +0100,Dead,,,,Frković,,1,
2005-09-02 00:00:00.000 +0200,Scat,,,,Tomaić,,1,
2019-02-28 01:00:00.000 +0100,Image,,,,Gomerčić,,1,0
1989-12-25 00:00:00.000 +0100,Dead,,,,Frković,,1,
2022-06-05 12:00:00.000 +0200,Sighting,,,,Blašković,,1,0
2015-04-21 00:00:00.000 +0200,Footprint,,,,Kusak,,1,0
2014-01-12 22:38:51.000 +0100,Image,,,,Slijepčević,,1,0
2023-03-02 14:00:00.000 +0100,Scat,,,,Salkić,,1,0
2022-02-27 22:17:00.000 +0100,Image,,,,Blašković,,1,0
2016-11-22 23:21:00.000 +0100,Image,,,,Kusak,,1,
2020-07-18 22:22:00.000 +0200,Image,,,,Selanec,,1,0
1997-09-09 00:00:00.000 +0200,Dead,,,,Frković,,1,
2021-05-22 16:42:00.000 +0200,Image,,,,Kusak,,1,0
2023-05-01 03:40:00.000 +0200,Image,,,,Frketić,,1,0
2020-12-18 18:29:00.000 +0100,Image,,,,Tomaić,,1,0
2016-03-13 22:35:00.000 +0100,Image,,,,Tomaić,,1,0
2019-01-20 05:35:00.000 +0100,Image,,,,Fležar,,1,0
2022-09-12 18:54:00.000 +0200,Image,,,,Blašković,,1,0
2023-04-20 11:43:00.000 +0200,Image,,,,Fabijanić,,1,0
2017-01-28 04:58:00.000 +0100,Image,,,,Gužvica,,3,0
2007-05-15 00:00:00.000 +0200,Dead,,,,Sindičić,,1,0
1982-10-17 00:00:00.000 +0100,Dead,,,,Frković,,1,
2021-03-07 17:21:00.000 +0100,Image,,,,Blašković,,1,0
2022-12-11 05:18:00.000 +0100,Image,,,,Frketić,,1,0
2017-12-12 17:21:00.000 +0100,Image,,,,Kusak,,1,
2015-09-05 04:06:00.000 +0200,Image,,,,Sindičić,,1,0
2023-03-02 12:00:00.000 +0100,Footprint,,,,Blazevic,,1,0
2023-04-05 21:44:00.000 +0200,Image,,,,Frketić,,1,0
2021-01-07 17:49:00.000 +0100,Image,,,,Kusak,,1,0
2016-08-17 18:49:00.000 +0200,Image,,,,Kusak,,1,
1994-01-04 00:00:00.000 +0100,Dead,,,,Frković,,1,
2020-01-08 01:39:00.000 +0100,Image,,,,Toplicanec,,2,1
1995-01-12 00:00:00.000 +0100,Dead,,,,Frković,,1,
2021-04-23 18:08:00.000 +0200,Image,,,,Toplicanec,,1,0
2022-02-09 14:00:00.000 +0100,Hair,,,,Toplicanec,,1,0
2008-03-11 00:00:01.000 +0100,Footprint,,,,Slijepčević,,1,
2023-07-06 16:18:00.000 +0200,Image,,,,Gomerčić,,1,0
2020-06-27 04:58:00.000 +0200,Image,,,,Selanec,,1,0
2019-02-09 15:07:00.000 +0100,Image,,,,Fležar,,1,0
2020-12-28 07:35:00.000 +0100,Image,,,,Gomerčić,,1,0
2019-12-06 12:00:00.000 +0100,Hair,,,,Slijepčević,,1,0
1990-11-05 00:00:00.000 +0100,Dead,,,,Frković,,1,
2021-08-08 07:09:00.000 +0200,Image,,,,Rukavina,,1,0
2021-03-10 14:25:00.000 +0100,Image,,,,Gomerčić,,1,0
2019-12-29 03:31:00.000 +0100,Image,,,,Rukavina,,1,0
2022-03-23 21:47:00.000 +0100,Image,,,,Tomaić,,1,0
2019-06-18 21:11:00.000 +0200,Image,,,,Spaić,,1,0
2010-03-13 00:00:01.000 +0100,Sighting,,,,Kusak,,1,
2023-02-14 12:00:00.000 +0100,Footprint,,,,Salkić,,1,0
2019-02-25 19:21:00.000 +0100,Image,,,,Kusak,,1,
2019-02-19 13:07:00.000 +0100,Urine,,,,Slijepčević,,1,0
2022-06-07 23:09:00.000 +0200,Image,,,,Fabijanić,,1,0
2023-05-22 06:42:00.000 +0200,Image,,,,Frketić,,1,0
2019-02-16 16:38:00.000 +0100,Image,,,,Fležar,,1,0
2015-04-02 00:00:00.000 +0200,Image,,,,Tomaić,,1,0
1994-12-03 00:00:00.000 +0100,Dead,,,,Frković,,1,
2021-03-17 16:08:00.000 +0100,Image,,,,Špalj,,1,0
2021-10-27 12:19:00.000 +0200,Image,,,,Tomaić,,1,0
2018-12-20 11:00:00.000 +0100,Footprint,,,,Tomaić,,2,1
2018-09-10 05:48:00.000 +0200,Image,,,,Tomaić,,1,0
1986-11-16 00:00:00.000 +0100,Dead,,,,Frković,,1,
2010-05-17 00:00:00.000 +0200,Dead,,,,Sindičić,,2,0
1997-02-20 00:00:00.000 +0100,Dead,,,,Frković,,1,
2021-03-05 14:53:00.000 +0100,Hair,,,,Fabijanić,,1,0
2018-11-06 20:43:00.000 +0100,Image,,,,Kusak,,1,0
2017-03-25 15:01:00.000 +0100,Image,,,,Kusak,,1,
2016-02-17 05:28:00.000 +0100,Image,,,,Kusak,,1,
2019-01-08 16:47:00.000 +0100,Image,,,,Fležar,,1,0
2021-11-12 06:51:00.000 +0100,Image,,,,Blašković,,1,1
2019-12-13 10:00:00.000 +0100,Urine,,,,Tomaić,,1,0
2016-06-21 03:44:00.000 +0200,Image,,,,Kusak,,1,
1985-10-09 00:00:00.000 +0100,Dead,,,,Frković,,1,
2015-04-21 20:31:00.000 +0200,Image,,,,Kusak,,1,0
2018-05-10 23:00:00.000 +0200,Image,,,,Kusak,,1,0
2017-11-19 16:30:00.000 +0100,Image,,,,Slijepčević,,1,0
2016-01-04 23:51:00.000 +0100,Image,,,,Tomaić,,1,0
2022-03-31 07:03:00.000 +0200,Image,,,,Blašković,,1,0
2016-05-26 03:01:00.000 +0200,Image,,,,Kusak,,1,
2024-05-05 05:06:00.000 +0200,Image,,,,Blašković,,1,0
2016-04-06 01:58:00.000 +0200,Image,,,,Kusak,,1,
2020-05-31 20:24:00.000 +0200,Image,,,,Toplicanec,,1,0
2018-10-27 18:20:00.000 +0200,Sighting,,,,Selanec,,1,0
1987-11-02 00:00:00.000 +0100,Dead,,,,Frković,,1,
2021-01-14 16:30:00.000 +0100,Footprint,,,,Tomaić,,1,0
1993-08-15 00:00:00.000 +0200,Dead,,,,Frković,,1,
2017-03-25 03:37:00.000 +0100,Image,,,,Reljić,,1,0
1994-12-17 00:00:00.000 +0100,Dead,,,,Frković,,1,
2023-05-11 14:57:00.000 +0200,Image,,,,Gomerčić,,1,0
2019-05-25 22:16:00.000 +0200,Image,,,,Toplicanec,,1,0
2018-04-13 20:59:00.000 +0200,Image,,,,Kusak,,1,0
2005-09-20 00:00:00.000 +0200,Dead,,,,Gomerčić,,1,0
2013-12-13 00:00:00.000 +0100,Footprint,,,,Tomaić,,1,0
2022-10-28 17:45:00.000 +0200,Image,,,,Frketić,,1,0
2016-02-17 19:00:00.000 +0100,Image,,,,Kusak,,1,
2014-02-21 00:00:00.000 +0100,Footprint,,,,Tomaić,,1,0
2023-01-26 13:00:00.000 +0100,Footprint,,,,Salkić,,1,0
1994-03-23 00:00:00.000 +0100,Dead,,,,Frković,,1,
1985-02-19 00:00:00.000 +0100,Dead,,,,Frković,,1,
2021-01-14 16:15:00.000 +0100,Footprint,,,,Tomaić,,1,0
2019-02-24 23:07:00.000 +0100,Image,,,,Fležar,,1,0
2018-04-07 22:46:00.000 +0200,Image,,,,Gomerčić,,1,0
2021-12-05 16:11:00.000 +0100,Image,,,,Toplicanec,,1,0
1989-11-17 00:00:00.000 +0100,Dead,,,,Frković,,1,
2017-06-01 08:25:00.000 +0200,Image,,,,Kusak,,1,
2020-12-05 16:00:00.000 +0100,Footprint,,,,Slijepčević,,1,0
2004-08-07 00:00:00.000 +0200,Scat,,,,Kusak,,1,
2015-05-04 00:00:00.000 +0200,Footprint,,,,Kusak,,1,0
2015-10-26 03:15:00.000 +0100,Image,,,,Kusak,,1,0
2023-12-12 06:44:00.000 +0100,Image,,,,Hadzihajdarevic,,1,0
2022-10-05 21:01:00.000 +0200,Image,,,,Frketić,,1,0
2021-04-10 19:51:00.000 +0200,Image,,,,Fabijanić,,1,0
2018-12-11 09:20:00.000 +0100,Footprint,,,,Tomaić,,1,2
2017-04-03 01:28:00.000 +0200,Image,,,,Kusak,,1,
1981-09-18 00:00:00.000 +0100,Dead,,,,Frković,,1,
2019-02-04 23:59:00.000 +0100,Image,,,,Kusak,,1,
1982-10-11 00:00:00.000 +0100,Dead,,,,Frković,,1,
2021-04-27 16:19:00.000 +0200,Image,,,,Paulić,,1,0
2020-03-08 22:02:00.000 +0100,Image,,,,Ivanov,,2,0
2019-02-14 04:58:00.000 +0100,Image,,,,Selanec,,1,0
1994-01-22 00:00:00.000 +0100,Dead,,,,Frković,,1,
1986-01-22 00:00:00.000 +0100,Dead,,,,Frković,,1,
1990-11-10 00:00:00.000 +0100,Dead,,,,Frković,,1,
2023-01-08 12:00:00.000 +0100,Lynx kill,,,,Slijepčević,,1,0
2021-04-23 01:10:00.000 +0200,Image,,,,Toplicanec,,1,0
2014-01-11 13:30:00.000 +0100,Scat,,,,Kusak,,1,0
2017-05-30 00:38:00.000 +0200,Image,,,,Kusak,,1,
2019-11-12 01:17:00.000 +0100,Image,,,,Sindičić,,1,0
2017-11-17 19:17:00.000 +0100,Image,,,,Tomaić,,1,0
2023-03-08 18:52:00.000 +0100,Image,,,,Špalj,,1,0
2022-04-14 19:31:00.000 +0200,Image,,,,Rukavina,,1,0
2021-03-21 19:57:00.000 +0100,Image,,,,Toplicanec,,1,0
2020-10-05 10:00:00.000 +0200,Hair,,,,Toplicanec,,1,0
2022-05-02 08:08:00.000 +0200,Image,,,,Selanec,,1,0
2017-10-30 17:22:00.000 +0100,Image,,,,Fležar,,1,0
2018-12-12 17:37:00.000 +0100,Image,,,,Fležar,,1,0
2018-03-15 20:21:00.000 +0100,Image,,,,Spaić,,1,0
1999-02-13 00:00:00.000 +0100,Dead,,,,Frković,,1,
2016-10-22 20:18:00.000 +0200,Image,,,,Reljić,,2,0
2023-11-01 14:33:00.000 +0100,Image,,,,Salkić,,1,0
1988-01-09 00:00:00.000 +0100,Dead,,,,Frković,,1,
2022-09-26 20:18:00.000 +0200,Image,,,,Fabijanić,,1,0
2021-03-31 02:38:00.000 +0200,Image,,,,Paulić,,1,0
2020-02-24 13:30:00.000 +0100,Hair,,,,Toplicanec,,1,0
2022-11-07 01:13:00.000 +0100,Image,,,,Fabijanić,,1,0
2023-03-02 12:00:00.000 +0100,Footprint,,,,Salkić,,1,0
2020-12-01 09:15:00.000 +0100,Footprint,,,,Tomaić,,1,0
1996-04-06 00:00:00.000 +0200,Dead,,,,Frković,,1,
1990-03-31 00:00:00.000 +0200,Dead,,,,Frković,,1,
2017-10-23 18:56:00.000 +0200,Image,,,,Kusak,,1,
2022-04-27 16:19:00.000 +0200,Image,,,,Rukavina,,1,0
2020-11-29 18:00:00.000 +0100,Sighting,,,,Blašković,,1,0
2021-05-12 18:35:00.000 +0200,Image,,,,Toplicanec,,1,0
2022-09-06 17:35:00.000 +0200,Image,,,,Rukavina,,1,0
2021-09-02 12:00:00.000 +0200,Hair,,,,Toplicanec,,1,0
2019-07-25 01:28:00.000 +0200,Image,,,,Tomaić,,1,0
1993-02-20 00:00:00.000 +0100,Dead,,,,Frković,,1,
1997-10-15 00:00:00.000 +0200,Dead,,,,Frković,,1,
2023-12-23 23:25:00.000 +0100,Image,,,,Frketić,,1,0
2018-01-26 07:13:00.000 +0100,Image,,,,Selanec,,1,0
2016-08-31 03:28:00.000 +0200,Image,,,,Kusak,,1,
1979-08-17 00:00:00.000 +0100,Dead,,,,Frković,,1,
2020-09-22 12:00:00.000 +0200,Hair,,,,Slijepčević,,1,0
2016-06-24 02:22:00.000 +0200,Image,,,,Kusak,,1,
2023-02-01 12:00:00.000 +0100,Footprint,,,,Salkić,,1,0
2018-06-12 19:26:00.000 +0200,Image,,,,Kusak,,1,0
2016-12-19 20:30:00.000 +0100,Sighting,,,,Tomaić,,1,1
2017-07-19 08:17:00.000 +0200,Image,,,,Slijepčević,,1,0
2019-06-09 01:30:00.000 +0200,Image,,,,Slijepčević,,1,0
2016-02-16 17:05:00.000 +0100,Image,,,,Tomaić,,1,0
2016-06-06 20:20:00.000 +0200,Image,,,,Kusak,,1,
2019-06-02 02:02:00.000 +0200,Image,,,,Kusak,,1,
2018-05-12 22:11:00.000 +0200,Image,,,,Tomaić,,1,0
2022-06-08 00:00:00.000 +0200,Sighting,,,,Fabijanić,,1,0
2018-04-22 00:09:00.000 +0200,Image,,,,Kusak,,1,0
2023-03-13 20:18:00.000 +0100,Image,,,,Toplicanec,,1,0
2021-01-13 17:00:00.000 +0100,Footprint,,,,Tomaić,,1,0
2016-08-31 05:08:00.000 +0200,Image,,,,Tomaić,,1,0
2016-04-22 05:04:00.000 +0200,Image,,,,Kusak,,1,
2017-04-11 18:21:00.000 +0200,Image,,,,Gužvica,,1,0
2017-05-17 21:19:00.000 +0200,Image,,,,Kusak,,1,
2005-03-21 02:00:00.000 +0100,Scat,,,,Tomaić,,1,
2020-12-16 18:18:00.000 +0100,Image,,,,Toplicanec,,1,0
2021-12-01 07:08:00.000 +0100,Image,,,,Tomaić,,1,0
2017-04-09 03:15:00.000 +0200,Image,,,,Kusak,,1,
2024-02-21 11:10:00.000 +0100,Scat,,,,Krmpotić,,1,0
2021-06-01 20:20:00.000 +0200,Image,,,,Tomaić,,1,0
1998-11-20 00:00:00.000 +0100,Dead,,,,Frković,,1,
2021-03-17 13:00:00.000 +0100,Footprint,,,,Tomaić,,1,0
2021-05-21 04:26:00.000 +0200,Image,,,,Toplicanec,,1,0
2021-03-09 13:16:00.000 +0100,Image,,,,Toplicanec,,1,0
2020-12-01 09:10:00.000 +0100,Footprint,,,,Tomaić,,1,0
2017-08-08 04:21:00.000 +0200,Image,,,,Gužvica,,1,0
2019-03-03 19:08:00.000 +0100,Image,,,,Fležar,,1,1
2018-04-22 14:47:00.000 +0200,Image,,,,Kusak,,1,0
2016-11-22 20:32:00.000 +0100,Image,,,,Kusak,,1,
2019-03-13 12:00:00.000 +0100,Footprint,,,,Slijepčević,,1,0
2023-02-21 12:00:00.000 +0100,Footprint,,,,Salkić,,1,0
2022-05-16 13:00:00.000 +0200,Hair,,,,Toplicanec,,1,0
2017-06-14 22:50:00.000 +0200,Image,,,,Kusak,,1,
2020-12-25 17:55:00.000 +0100,Image,,,,Gomerčić,,1,0
2016-05-24 03:19:00.000 +0200,Image,,,,Kusak,,1,
1990-11-03 00:00:00.000 +0100,Dead,,,,Frković,,1,
1982-03-14 00:00:00.000 +0100,Dead,,,,Frković,,1,
2016-08-20 11:08:00.000 +0200,Image,,,,Kusak,,1,
2013-11-17 16:23:04.000 +0100,Image,,,,Slijepčević,,1,0
1994-01-29 00:00:00.000 +0100,Dead,,,,Frković,,1,
2016-10-01 00:00:00.000 +0200,Sighting,,,,Gomerčić,,1,0
2018-09-27 22:32:00.000 +0200,Image,,,,Fležar,,1,0
2022-05-16 13:00:00.000 +0200,Hair,,,,Toplicanec,,1,0
2006-09-20 00:00:00.000 +0200,Scat,,,,Tomaić,,1,
2021-03-13 21:27:00.000 +0100,Sighting,,,,Blašković,,1,0
2012-09-16 09:46:44.000 +0200,Image,,,,Slijepčević,,1,0
2019-04-22 17:12:00.000 +0200,Image,,,,Toplicanec,,1,0
2016-06-09 03:21:00.000 +0200,Image,,,,Kusak,,1,
2004-05-19 00:00:01.000 +0200,Dead,,,,Kusak,,1,
2023-09-07 18:32:00.000 +0200,Image,,,,Gomerčić,,1,0
2022-03-29 01:09:00.000 +0200,Image,,,,Blašković,,1,0
2021-06-24 03:44:00.000 +0200,Image,,,,Toplicanec,,1,0
2020-04-10 06:45:00.000 +0200,Sighting,,,,Sindičić,,1,0
2018-05-15 20:41:00.000 +0200,Image,,,,Kusak,,1,0
2019-12-18 10:00:00.000 +0100,Hair,,,,Tomaić,,1,0
2019-11-29 02:04:00.000 +0100,Image,,,,Ivanov,,1,0
2022-07-06 21:49:00.000 +0200,Image,,,,Rukavina,,1,0
2019-11-18 04:19:00.000 +0100,Image,,,,Gomerčić,,1,0
2015-11-08 21:05:00.000 +0100,Image,,,,Kusak,,1,0
2020-02-05 14:30:00.000 +0100,Footprint,,,,Tomaić,,1,0
2023-07-12 13:23:00.000 +0200,Lynx kill,,,,Iskrić,,1,0
2016-04-16 04:15:00.000 +0200,Image,,,,Tomaić,,1,0
2023-01-25 15:00:00.000 +0100,Footprint,,,,Salkić,,1,0
2016-11-17 00:00:00.000 +0100,Footprint,,,,Tomaić,,1,0
1993-06-23 00:00:00.000 +0200,Dead,,,,Frković,,1,
1990-03-18 00:00:00.000 +0100,Dead,,,,Frković,,1,
2024-05-05 04:48:00.000 +0200,Image,,,,Blašković,,1,0
2021-06-21 02:11:00.000 +0200,Image,,,,Blašković,,1,0
2021-07-14 12:00:00.000 +0200,Image,,,,Blašković,,1,0
2019-11-30 05:11:00.000 +0100,Image,,,,Ivanov,,1,0
2015-10-29 03:24:00.000 +0100,Image,,,,Kusak,,1,0
2022-03-20 16:54:00.000 +0100,Image,,,,Toplicanec,,1,0
2017-09-13 23:47:00.000 +0200,Image,,,,Kusak,,1,
2022-10-31 02:17:00.000 +0100,Image,,,,Selanec,,1,0
2022-02-09 14:00:00.000 +0100,Scat,,,,Toplicanec,,1,0
2016-08-25 15:52:00.000 +0200,Image,,,,Kusak,,1,
2024-02-22 21:59:00.000 +0100,Image,,,,Blašković,,1,0
2022-01-28 09:17:00.000 +0100,Image,,,,Fabijanić,,2,0
2022-06-04 23:28:00.000 +0200,Image,,,,Toplicanec,,1,0
2005-09-03 00:00:00.000 +0200,Scat,,,,Tomaić,,1,
2023-03-13 12:00:00.000 +0100,Footprint,,,,Salkić,,1,0
2017-04-23 00:52:00.000 +0200,Image,,,,Kusak,,1,
2022-03-06 13:45:00.000 +0100,Image,,,,Blašković,,1,0
2019-12-04 04:29:00.000 +0100,Image,,,,Toplicanec,,1,0
2019-09-06 11:00:00.000 +0200,Scat,,,,Toplicanec,,1,0
2017-10-20 04:00:00.000 +0200,Image,,,,Kusak,,1,0
2016-11-12 00:41:00.000 +0100,Image,,,,Kusak,,1,
2020-05-10 18:07:00.000 +0200,Image,,,,Selanec,,1,0
2015-11-06 16:35:00.000 +0100,Image,,,,Kusak,,2,0
2022-12-23 22:42:00.000 +0100,Image,,,,Toplicanec,,1,0
2019-04-10 00:00:00.000 +0200,Image,,,,Sindičić,,1,0
1981-09-23 00:00:00.000 +0100,Dead,,,,Frković,,1,
2022-12-08 19:00:00.000 +0100,Scat,,,,Iskrić,,1,0
2021-04-24 04:05:00.000 +0200,Image,,,,Iskrić,,1,0
2017-04-10 16:42:00.000 +0200,Image,,,,Kusak,,1,
2021-02-02 10:15:00.000 +0100,Footprint,,,,Gomerčić,,2,0
2022-12-31 19:38:00.000 +0100,Image,,,,Tomaić,,1,0
2020-03-12 18:39:00.000 +0100,Image,,,,Budinski,,1,0
2017-01-05 18:39:00.000 +0100,Image,,,,Gužvica,,1,0
2015-11-06 03:11:00.000 +0100,Image,,,,Kusak,,1,0
2010-04-04 00:00:01.000 +0200,Sighting,,,,Kusak,,1,
2023-12-23 12:35:00.000 +0100,Footprint,,,,Hadzihajdarevic,,1,0
2019-05-31 20:06:00.000 +0200,Image,,,,Kusak,,1,
2019-12-17 18:49:00.000 +0100,Image,,,,Tomaić,,1,0
1983-07-15 00:00:00.000 +0200,Dead,,,,Frković,,1,
2017-12-19 08:00:00.000 +0100,Hair,,,,Tomaić,,1,0
2016-05-22 00:48:00.000 +0200,Image,,,,Kusak,,1,
2021-11-30 14:00:00.000 +0100,Footprint,,,,Tomaić,,1,0
2018-12-07 06:24:00.000 +0100,Image,,,,Fležar,,1,0
1993-10-09 00:00:00.000 +0100,Dead,,,,Frković,,1,
1994-11-15 00:00:00.000 +0100,Dead,,,,Frković,,1,
2021-09-08 01:21:00.000 +0200,Image,,,,Toplicanec,,1,0
2023-11-26 23:41:00.000 +0100,Image,,,,Blašković,,1,0
2007-11-29 00:00:01.000 +0100,Footprint,,,,Slijepčević,,3,
2023-03-15 19:48:00.000 +0100,Image,,,,Toplicanec,,1,0
2014-06-10 03:41:13.000 +0200,Image,,,,Slijepčević,,1,0
2023-04-04 00:13:00.000 +0200,Image,,,,Slijepčević,,1,0
2016-05-30 04:58:00.000 +0200,Image,,,,Tomaić,,1,0
2018-05-05 03:13:00.000 +0200,Image,,,,Kusak,,1,0
2017-11-22 13:00:00.000 +0100,Sighting,,,,Slijepčević,,3,2
1993-01-17 00:00:00.000 +0100,Dead,,,,Frković,,1,
2023-04-09 18:56:00.000 +0200,Image,,,,Fabijanić,,1,0
2021-12-21 17:21:00.000 +0100,Image,,,,Gomerčić,,1,0
2023-01-19 13:00:00.000 +0100,Sighting,,,,Blašković,,1,0
2021-07-10 19:19:00.000 +0200,Image,,,,Kusak,,1,0
2015-10-24 05:14:00.000 +0200,Image,,,,Kusak,,1,0
1996-10-15 00:00:00.000 +0200,Dead,,,,Frković,,1,
2023-01-04 13:00:00.000 +0100,Hair,,,,Sindičić,,1,0
2022-10-22 03:02:00.000 +0200,Image,,,,Tomaić,,1,0
2023-03-12 05:59:00.000 +0100,Image,,,,Tomaić,,1,0
2018-03-11 18:27:00.000 +0100,Image,,,,Kusak,,1,0
2016-06-11 03:07:00.000 +0200,Image,,,,Kusak,,1,
1987-04-05 00:00:00.000 +0200,Dead,,,,Frković,,1,
2021-04-22 23:52:00.000 +0200,Image,,,,Toplicanec,,1,0
2023-02-20 12:00:00.000 +0100,Footprint,,,,Salkić,,1,0
2019-12-06 13:30:00.000 +0100,Image,,,,Selanec,,1,0
2014-02-28 03:39:51.000 +0100,Image,,,,Slijepčević,,1,0
2022-12-13 12:00:00.000 +0100,Urine,,,,Salkić,,1,0
2022-11-01 17:53:00.000 +0100,Image,,,,Frketić,,1,0
2021-05-20 20:30:00.000 +0200,Image,,,,Toplicanec,,1,0
2019-02-19 13:03:00.000 +0100,Urine,,,,Slijepčević,,1,0
2018-07-20 20:30:00.000 +0200,Sighting,,,,Sindičić,,1,0
2016-03-03 02:39:00.000 +0100,Image,,,,Tomaić,,1,0
2023-04-14 02:38:00.000 +0200,Image,,,,Toplicanec,,1,0
2022-07-15 11:20:00.000 +0200,Image,,,,Iskrić,,1,0
2014-09-21 00:22:59.000 +0200,Image,,,,Slijepčević,,1,0
2019-05-19 08:25:00.000 +0200,Image,,,,Slijepčević,,1,0
2024-02-25 13:10:00.000 +0100,Image,,,,Mladjen,,1,0
2020-03-11 11:00:00.000 +0100,Hair,,,,Toplicanec,,1,0
2016-02-21 18:31:00.000 +0100,Image,,,,Kusak,,1,
2022-06-03 13:49:00.000 +0200,Image,,,,Toplicanec,,1,0
2020-05-09 04:19:00.000 +0200,Image,,,,Kusak,,1,0
1998-12-13 00:00:00.000 +0100,Dead,,,,Frković,,1,
2018-10-04 06:26:00.000 +0200,Image,,,,Fležar,,1,0
2016-05-25 21:55:00.000 +0200,Image,,,,Tomaić,,1,0
2017-03-01 01:24:00.000 +0100,Image,,,,Kusak,,1,
2014-05-31 00:00:00.000 +0200,Image,,,,Tomaić,,1,0
2022-01-14 13:34:00.000 +0100,Hair,,,,Fabijanić,,1,0
2016-07-29 22:16:00.000 +0200,Image,,,,Kusak,,1,
1990-09-02 00:00:00.000 +0200,Dead,,,,Frković,,1,
2021-12-28 07:59:00.000 +0100,Image,,,,Fabijanić,,1,0
2010-06-22 00:00:01.000 +0200,Sighting,,,,Kusak,,1,
2017-03-25 04:06:00.000 +0100,Image,,,,Tomaić,,1,0
1988-02-01 00:00:00.000 +0100,Dead,,,,Frković,,1,
2019-10-24 20:29:00.000 +0200,Image,,,,Kusak,,1,0
2021-05-09 16:24:00.000 +0200,Image,,,,Toplicanec,,1,0
2020-04-20 00:08:00.000 +0200,Image,,,,Selanec,,1,0
2009-06-17 00:00:00.000 +0200,Dead,,,,Kusak,,1,
2020-11-23 01:02:00.000 +0100,Image,,,,Kusak,,1,0
2019-08-04 04:14:00.000 +0200,Image,,,,Kusak,,1,
1987-08-16 00:00:00.000 +0200,Dead,,,,Frković,,1,
2020-11-25 17:15:00.000 +0100,Sighting,,,,Slijepčević,,1,0
2016-07-29 22:44:00.000 +0200,Image,,,,Kusak,,1,
2015-07-28 00:00:00.000 +0200,Scat,,,,Kusak,,1,0
2017-04-09 08:37:00.000 +0200,Image,,,,Reljić,,1,0
2017-12-25 01:31:00.000 +0100,Image,,,,Reljić,,1,0
2021-01-17 14:00:00.000 +0100,Lynx kill,,,,Toplicanec,,1,0
2023-04-09 20:51:00.000 +0200,Image,,,,Fabijanić,,1,0
2022-08-23 14:20:00.000 +0200,Image,,,,Iskrić,,1,0
2019-01-11 14:15:00.000 +0100,Hair,,,,Slijepčević,,3,2
2020-12-30 14:31:00.000 +0100,Image,,,,Sindičić,,1,0
2019-04-12 00:00:00.000 +0200,Image,,,,Sindičić,,1,0
2015-11-06 00:00:00.000 +0100,Image,,,,Tomaić,,1,0
2023-02-20 12:00:00.000 +0100,Footprint,,,,Dundovic,,1,0
2022-10-25 21:43:00.000 +0200,Image,,,,Frketić,,1,0
2021-08-04 20:47:00.000 +0200,Image,,,,Rukavina,,3,2
2012-06-11 22:03:56.000 +0200,Image,,,,Slijepčević,,1,0
2015-12-05 21:58:00.000 +0100,Image,,,,Kusak,,1,0
1986-01-12 00:00:00.000 +0100,Dead,,,,Frković,,1,
2021-03-01 22:21:00.000 +0100,Image,,,,Kusak,,1,0
2021-04-15 12:00:00.000 +0200,Footprint,,,,Blašković,,1,0
2019-03-21 16:00:00.000 +0100,Footprint,,,,Selanec,,1,0
2017-02-02 04:16:00.000 +0100,Image,,,,Kusak,,1,
1983-01-31 00:00:00.000 +0100,Dead,,,,Frković,,1,
2017-11-27 13:52:00.000 +0100,Image,,,,Fležar,,1,0
2019-01-26 15:00:00.000 +0100,Hair,,,,Toplicanec,,1,0
1991-01-28 00:00:00.000 +0100,Dead,,,,Frković,,1,
2018-11-08 16:14:00.000 +0100,Image,,,,Fležar,,1,0
2019-01-15 15:30:00.000 +0100,Hair,,,,Slijepčević,,1,0
2018-03-19 11:39:00.000 +0100,Footprint,,,,Gomerčić,,1,0
2017-08-21 18:51:00.000 +0200,Image,,,,Kusak,,2,1
2021-03-22 13:00:00.000 +0100,Lynx kill,,,,Blašković,,1,0
1986-12-28 00:00:00.000 +0100,Dead,,,,Frković,,1,
2020-04-01 09:00:00.000 +0200,Footprint,,,,Tomaić,,1,0
1986-06-05 00:00:00.000 +0200,Dead,,,,Frković,,1,
2023-02-01 12:00:00.000 +0100,Footprint,,,,Salkić,,1,0
1986-05-03 00:00:00.000 +0200,Dead,,,,Frković,,1,
2023-01-15 05:37:00.000 +0100,Image,,,,Frketić,,1,0
2022-10-25 21:32:00.000 +0200,Image,,,,Fabijanić,,1,0
2022-05-16 12:00:00.000 +0200,Hair,,,,Toplicanec,,1,0
2021-12-29 23:40:00.000 +0100,Image,,,,Blašković,,1,0
2016-07-29 23:17:00.000 +0200,Image,,,,Kusak,,1,
2020-12-13 03:31:00.000 +0100,Image,,,,Kusak,,1,0
2023-04-11 11:43:00.000 +0200,Image,,,,Fabijanić,,1,0
2021-12-17 01:46:00.000 +0100,Image,,,,Toplicanec,,1,0
2022-01-19 12:08:00.000 +0100,Hair,,,,Fabijanić,,1,0
2018-11-29 01:10:00.000 +0100,Image,,,,Fležar,,1,0
2017-03-25 12:25:00.000 +0100,Image,,,,Kusak,,1,
2023-04-27 09:24:00.000 +0200,Image,,,,Toplicanec,,1,0
2016-01-22 19:44:00.000 +0100,Image,,,,Kusak,,1,
1988-01-03 00:00:00.000 +0100,Dead,,,,Frković,,1,
2024-02-25 00:20:00.000 +0100,Image,,,,Blašković,,1,0
2023-04-11 03:21:00.000 +0200,Image,,,,Fabijanić,,1,0
2015-09-14 09:55:00.000 +0200,Image,,,,Kusak,,1,0
2022-07-26 06:00:00.000 +0200,Sighting,,,,Fabijanić,,1,0
2018-05-23 04:41:00.000 +0200,Image,,,,Tomaić,,1,0
2017-01-07 07:23:00.000 +0100,Image,,,,Gužvica,,1,0
1989-10-17 00:00:00.000 +0100,Dead,,,,Frković,,1,
2021-05-02 21:32:00.000 +0200,Image,,,,Toplicanec,,1,0
2018-09-01 00:00:00.000 +0200,Image,,,,Rukavina,,1,0
2016-07-22 20:20:00.000 +0200,Image,,,,Kusak,,1,
2023-11-10 11:00:00.000 +0100,Hair,,,,Blašković,,1,0
2021-02-07 17:07:00.000 +0100,Image,,,,Blašković,,1,0
2016-12-26 16:47:00.000 +0100,Image,,,,Tomaić,,1,0
2023-03-02 12:00:00.000 +0100,Footprint,,,,Blazevic,,1,0
2020-08-07 12:00:00.000 +0200,Scat,,,,Tomaić,,1,0
2014-11-15 00:00:00.000 +0100,Image,,,,Tomaić,,1,0
2021-12-09 13:30:00.000 +0100,Image,,,,Toplicanec,,1,0
2020-03-17 23:14:00.000 +0100,Image,,,,Ivanov,,1,0
2017-11-11 13:00:00.000 +0100,Image,,,,Slijepčević,,1,0
2017-10-28 04:49:00.000 +0200,Image,,,,Kusak,,1,
2019-09-20 01:23:00.000 +0200,Image,,,,Tomaić,,1,0
2018-09-29 23:06:00.000 +0200,Image,,,,Tomaić,,1,0
2018-09-21 09:00:00.000 +0200,Footprint,,,,Tomaić,,1,0
2016-04-28 00:00:00.000 +0200,Footprint,,,,Tomaić,,1,0
2021-03-02 15:16:00.000 +0100,Image,,,,Kusak,,1,0
2021-03-20 06:00:00.000 +0100,Sighting,,,,Sindičić,,1,0
2019-08-20 03:29:00.000 +0200,Image,,,,Selanec,,1,0
2015-07-11 20:27:00.000 +0200,Image,,,,Kusak,,1,0
2018-09-21 22:34:00.000 +0200,Image,,,,Selanec,,1,0
2017-04-21 12:00:00.000 +0200,Footprint,,,,Rukavina,,1,0
2016-03-03 21:23:00.000 +0100,Image,,,,Kusak,,1,
2019-05-20 18:58:00.000 +0200,Image,,,,Toplicanec,,1,0
2018-05-18 01:42:00.000 +0200,Image,,,,Kusak,,1,0
2015-09-16 00:00:00.000 +0200,Scat,,,,Kusak,,1,0
2018-11-15 08:45:00.000 +0100,Image,,,,Fležar,,1,0
2015-11-01 03:37:00.000 +0100,Image,,,,Kusak,,1,0
2021-04-18 03:29:00.000 +0200,Image,,,,Iskrić,,1,0
2018-12-16 17:43:00.000 +0100,Image,,,,Pagon,,1,0
1986-02-15 00:00:00.000 +0100,Dead,,,,Frković,,1,
2019-03-19 23:20:00.000 +0100,Sighting,,,,Sindičić,,1,0
2017-10-15 20:06:00.000 +0200,Image,,,,Tomaić,,1,0
2016-11-01 16:21:00.000 +0100,Image,,,,Modrić,,1,0
2017-10-12 20:34:00.000 +0200,Image,,,,Kusak,,1,
2017-04-02 21:28:00.000 +0200,Image,,,,Tomaić,,1,0
2015-02-03 00:00:00.000 +0100,Sighting,,,,Tomaić,,1,0
2023-02-14 15:00:00.000 +0100,Hair,,,,Salkić,,1,0
2020-02-24 13:00:00.000 +0100,Hair,,,,Toplicanec,,1,0
2018-07-06 21:14:00.000 +0200,Image,,,,Tomaić,,1,0
2023-04-08 21:02:00.000 +0200,Image,,,,Fabijanić,,1,0
2023-03-03 12:00:00.000 +0100,Lynx kill,,,,Salkić,,1,0
2007-03-28 00:00:00.000 +0200,Scat,,,,Kusak,,1,
2022-04-05 10:15:00.000 +0200,Footprint,,,,Toplicanec,,2,0
2016-07-19 22:07:00.000 +0200,Image,,,,Kusak,,1,
1988-12-28 00:00:00.000 +0100,Dead,,,,Frković,,1,
2019-02-20 17:00:00.000 +0100,Scat,,,,Toplicanec,,1,0
2014-02-21 00:00:00.000 +0100,Footprint,,,,Tomaić,,2,2
1996-11-02 00:00:00.000 +0100,Dead,,,,Frković,,1,
2021-10-12 12:00:00.000 +0200,Footprint,,,,Tomaić,,1,0
2021-11-27 18:03:00.000 +0100,Image,,,,Rukavina,,1,0
2022-02-10 03:55:00.000 +0100,Image,,,,Toplicanec,,1,0
2019-11-30 02:11:00.000 +0100,Image,,,,Ivanov,,1,0
2018-10-16 07:32:00.000 +0200,Image,,,,Fležar,,1,0
2023-02-01 12:00:00.000 +0100,Footprint,,,,Salkić,,1,0
2021-03-07 04:51:00.000 +0100,Image,,,,Tomaić,,1,0
2016-08-14 07:49:00.000 +0200,Image,,,,Tomaić,,1,0
1982-12-18 00:00:00.000 +0100,Dead,,,,Frković,,1,
1997-09-15 00:00:00.000 +0200,Dead,,,,Frković,,1,
1984-08-28 00:00:00.000 +0200,Dead,,,,Frković,,1,
2018-01-06 08:04:00.000 +0100,Image,,,,Kusak,,1,0
1994-02-28 00:00:00.000 +0100,Dead,,,,Frković,,1,
1993-02-20 00:00:00.000 +0100,Dead,,,,Frković,,1,
2022-12-02 04:04:00.000 +0100,Image,,,,Fabijanić,,1,0
1998-01-12 00:00:00.000 +0100,Dead,,,,Frković,,1,
2020-12-12 01:40:00.000 +0100,Image,,,,Iskrić,,1,0
2022-12-23 21:36:00.000 +0100,Image,,,,Toplicanec,,1,0
2022-06-26 11:00:00.000 +0200,Sighting,,,,Blašković,,1,0
2012-04-10 00:35:55.000 +0200,Image,,,,Slijepčević,,1,0
2020-11-25 22:02:00.000 +0100,Image,,,,Tomaić,,1,0
2020-10-30 09:41:00.000 +0100,Image,,,,Tomaić,,1,0
2019-07-01 10:11:00.000 +0200,Image,,,,Ivanov,,1,0
2019-01-27 12:00:00.000 +0100,Footprint,,,,Slijepčević,,1,0
1993-10-28 00:00:00.000 +0100,Dead,,,,Frković,,1,
1992-11-29 00:00:00.000 +0100,Dead,,,,Frković,,1,
2021-12-29 01:52:00.000 +0100,Image,,,,Blašković,,1,0
2023-04-09 05:30:00.000 +0200,Image,,,,Slijepčević,,1,0
2020-06-30 18:39:00.000 +0200,Image,,,,Slijepčević,,1,0
2013-04-25 00:00:00.000 +0200,Image,,,,Tomaić,,1,0
1991-12-10 00:00:00.000 +0100,Dead,,,,Frković,,1,
2016-08-29 02:55:00.000 +0200,Image,,,,Kusak,,1,
2015-01-14 00:00:00.000 +0100,Footprint,,,,Tomaić,,1,0
2022-04-20 22:00:00.000 +0200,Sighting,,,,Blašković,,1,0
2020-05-24 04:33:00.000 +0200,Image,,,,Rukavina,,1,0
2023-06-03 06:21:00.000 +0200,Image,,,,Selanec,,1,0
2022-11-20 21:45:00.000 +0100,Image,,,,Gomerčić,,1,0
2012-05-25 22:49:52.000 +0200,Image,,,,Slijepčević,,1,0
2017-12-06 22:25:00.000 +0100,Image,,,,Kusak,,1,
2023-02-15 12:00:00.000 +0100,Footprint,,,,Salkić,,1,0
2017-12-17 18:51:00.000 +0100,Image,,,,Kusak,,1,
2018-11-02 21:52:00.000 +0100,Image,,,,Kusak,,1,0
2015-08-15 16:22:00.000 +0200,Image,,,,Kusak,,1,0
2023-03-25 12:00:00.000 +0100,Scat,,,,Salkić,,1,0
2019-03-23 22:06:00.000 +0100,Image,,,,Gomerčić,,1,0
2020-02-24 13:30:00.000 +0100,Hair,,,,Toplicanec,,1,0
2018-03-01 00:00:00.000 +0100,Image,,,,Sindičić,,1,0
2016-03-19 16:29:00.000 +0100,Image,,,,Tomaić,,1,0
1996-11-10 00:00:00.000 +0100,Dead,,,,Frković,,1,
2023-11-12 02:49:00.000 +0100,Image,,,,Frketić,,1,0
2023-01-27 14:00:00.000 +0100,Footprint,,,,Fabijanić,,1,0
2020-07-06 23:22:00.000 +0200,Image,,,,Gomerčić,,1,0
2016-09-01 12:17:00.000 +0200,Image,,,,Kusak,,1,
1985-11-24 00:00:00.000 +0100,Dead,,,,Frković,,1,
2015-01-14 01:00:00.000 +0100,Footprint,,,,Tomaić,,1,0
2018-09-04 19:45:00.000 +0200,Image,,,,Fležar,,1,1
2011-11-29 02:09:00.000 +0100,Image,2,Luna L05,Z,Slijepčević,,3,2
2014-01-02 16:59:00.000 +0100,Image,3,Solo,Unknown,Slijepčević,,1,
2011-09-13 06:17:00.000 +0200,Image,1,Darko,M,Slijepčević,,1,
2011-10-04 17:16:00.000 +0200,Image,1,Darko,M,Slijepčević,,1,
2011-10-23 22:25:00.000 +0200,Image,1,Darko,M,Slijepčević,,1,
2011-11-06 16:53:00.000 +0100,Image,1,Darko,M,Slijepčević,,1,
2012-01-25 02:13:00.000 +0100,Image,1,Darko,M,Slijepčević,,1,
2012-03-02 11:44:00.000 +0100,Image,1,Darko,M,Slijepčević,,1,
2012-03-04 20:22:00.000 +0100,Image,1,Darko,M,Slijepčević,,1,
2012-03-22 17:02:00.000 +0100,Image,1,Darko,M,Slijepčević,,1,
2012-03-24 04:15:00.000 +0100,Image,1,Darko,M,Slijepčević,,1,
2012-03-24 05:20:00.000 +0100,Image,1,Darko,M,Slijepčević,,1,
2012-03-25 19:13:00.000 +0200,Image,1,Darko,M,Slijepčević,,1,
2012-04-05 02:57:00.000 +0200,Image,1,Darko,M,Slijepčević,,1,
2012-04-05 04:04:00.000 +0200,Image,1,Darko,M,Slijepčević,,1,
2012-04-13 17:25:00.000 +0200,Image,1,Darko,M,Slijepčević,,1,
2012-05-01 09:35:00.000 +0200,Image,1,Darko,M,Slijepčević,,1,
2012-05-13 18:01:00.000 +0200,Image,1,Darko,M,Slijepčević,,1,
2012-06-05 12:15:00.000 +0200,Image,1,Darko,M,Slijepčević,,1,
2012-06-10 13:30:00.000 +0200,Image,1,Darko,M,Slijepčević,,1,
2012-08-09 07:48:00.000 +0200,Image,1,Darko,M,Slijepčević,,1,
2012-09-29 22:11:00.000 +0200,Image,1,Darko,M,Slijepčević,,1,
2014-12-05 02:30:00.000 +0100,Image,1,Darko,M,Slijepčević,,1,
2014-12-19 01:47:00.000 +0100,Image,1,Darko,M,Slijepčević,,1,
2014-12-22 17:33:00.000 +0100,Image,1,Darko,M,Slijepčević,,1,
2007-11-06 02:00:00.000 +0100,Caught,2,Luna L05,Z,Slijepčević,,1,
2008-02-07 02:00:00.000 +0100,Caught,10,Tisa L06,Z,Slijepčević,,1,
2008-02-13 02:00:00.000 +0100,Caught,11,Dinko L07,M,Slijepčević,,1,
2014-04-24 04:43:00.000 +0200,Image,2,Luna L05,Z,Slijepčević,,1,
2015-02-09 02:00:00.000 +0100,Caught,14,Goran ZIP L09,M,Kusak,,1,
2016-04-01 04:44:00.000 +0200,Caught,17,Burni ZIP L12,M,Kusak,,1,0
2012-07-30 00:00:00.000 +0200,Caught,16,Tomo L08,M,Kusak,,1,0
2015-12-12 17:00:00.000 +0100,Dead,18,Iva L10,Z,Kusak,,1,0
2008-10-25 00:00:00.000 +0200,Dead,10,Tisa L06,Z,Kusak,,1,
2007-01-14 02:00:00.000 +0100,Dead,8,Koko L04,M,Kusak,,1,
2014-08-11 09:15:00.000 +0200,Image,4,Spot,Z,Slijepčević,,1,
2014-08-12 04:56:00.000 +0200,Image,4,Spot,Z,Slijepčević,,1,
2016-12-23 00:00:00.000 +0100,Image,17,Burni ZIP L12,M,Sindičić,,1,0
2017-02-25 16:00:00.000 +0100,Image,17,Burni ZIP L12,M,Sindičić,,1,0
2017-03-11 13:00:00.000 +0100,Image,17,Burni ZIP L12,M,Reljić,,1,0
2013-05-12 00:00:00.000 +0200,Image,19,Bill,Unknown,Tomaić,,1,0
2013-03-08 00:00:00.000 +0100,Image,19,Bill,Unknown,Tomaić,,1,0
2013-05-16 00:00:00.000 +0200,Image,20,Beta,Unknown,Tomaić,,1,0
2013-06-10 00:00:00.000 +0200,Image,21,Luka,Unknown,Tomaić,,1,0
2013-06-11 00:00:00.000 +0200,Image,21,Luka,Unknown,Tomaić,,1,0
2013-06-13 00:00:00.000 +0200,Image,19,Bill,Unknown,Tomaić,,1,0
2013-06-17 00:00:00.000 +0200,Image,21,Luka,Unknown,Tomaić,,1,0
2013-07-14 00:00:00.000 +0200,Image,19,Bill,Unknown,Tomaić,,1,0
2013-07-30 00:00:00.000 +0200,Image,22,Dino,Unknown,Tomaić,,1,0
2013-10-05 00:00:00.000 +0200,Image,20,Beta,Unknown,Tomaić,,3,2
2013-10-13 00:00:00.000 +0200,Image,20,Beta,Unknown,Tomaić,,2,1
2013-10-13 00:00:00.000 +0200,Image,23,Delta,Unknown,Tomaić,,2,1
2013-10-15 00:00:00.000 +0200,Image,19,Bill,Unknown,Tomaić,,1,0
2013-10-17 00:00:00.000 +0200,Image,20,Beta,Unknown,Tomaić,,1,0
2013-10-29 00:00:00.000 +0100,Image,21,Luka,Unknown,Tomaić,,1,0
2013-11-16 00:00:00.000 +0100,Image,19,Bill,Unknown,Tomaić,,1,0
2013-11-18 00:00:00.000 +0100,Image,20,Beta,Unknown,Tomaić,,3,2
2013-11-18 00:00:00.000 +0100,Image,23,Delta,Unknown,Tomaić,,3,2
2013-12-11 00:00:00.000 +0100,Image,19,Bill,Unknown,Tomaić,,1,0
2013-12-17 00:00:00.000 +0100,Image,24,Abel,M,Tomaić,,1,0
2014-01-17 00:00:00.000 +0100,Image,21,Luka,Unknown,Tomaić,,1,0
2014-02-19 00:00:00.000 +0100,Image,21,Luka,Unknown,Tomaić,,1,0
2014-03-04 00:00:00.000 +0100,Image,21,Luka,Unknown,Tomaić,,1,0
2014-03-06 00:00:00.000 +0100,Image,21,Luka,Unknown,Tomaić,,1,0
2014-03-07 00:00:00.000 +0100,Image,21,Luka,Unknown,Tomaić,,1,0
2014-03-14 00:00:00.000 +0100,Image,20,Beta,Unknown,Tomaić,,1,0
2014-03-16 00:00:00.000 +0100,Image,21,Luka,Unknown,Tomaić,,1,0
2014-03-26 00:00:00.000 +0100,Image,20,Beta,Unknown,Tomaić,,1,0
2014-03-27 00:00:00.000 +0100,Image,20,Beta,Unknown,Tomaić,,3,2
2014-03-27 00:00:00.000 +0100,Image,23,Delta,Unknown,Tomaić,,3,2
2014-03-27 00:00:00.000 +0100,Image,25,Zeta,Unknown,Tomaić,,3,2
2014-04-15 00:00:00.000 +0200,Image,26,Lui-Li,Unknown,Tomaić,,1,0
2014-05-02 00:00:00.000 +0200,Image,20,Beta,Unknown,Tomaić,,1,0
2014-05-25 00:00:00.000 +0200,Image,21,Luka,Unknown,Tomaić,,1,0
2014-05-27 00:00:00.000 +0200,Image,21,Luka,Unknown,Tomaić,,1,0
2014-05-29 00:00:00.000 +0200,Image,21,Luka,Unknown,Tomaić,,1,0
2014-05-30 00:00:00.000 +0200,Image,23,Delta,Unknown,Tomaić,,1,0
2014-05-31 00:00:00.000 +0200,Image,21,Luka,Unknown,Tomaić,,1,0
2014-06-04 00:00:00.000 +0200,Image,20,Beta,Unknown,Tomaić,,1,0
2014-07-07 00:00:00.000 +0200,Image,25,Zeta,Unknown,Tomaić,,1,0
2014-08-18 00:00:00.000 +0200,Image,25,Zeta,Unknown,Tomaić,,1,0
2014-09-07 00:00:00.000 +0200,Image,25,Zeta,Unknown,Tomaić,,1,0
2014-09-13 00:00:00.000 +0200,Image,23,Delta,Unknown,Tomaić,,1,0
2014-09-14 00:00:00.000 +0200,Image,28,Mr No,Unknown,Tomaić,,1,0
2014-09-14 00:00:00.000 +0200,Image,25,Zeta,Unknown,Tomaić,,1,0
2014-10-01 00:00:00.000 +0200,Image,21,Luka,Unknown,Tomaić,,1,0
2014-10-19 00:00:00.000 +0200,Image,23,Delta,Unknown,Tomaić,,1,0
2014-10-20 00:00:00.000 +0200,Image,21,Luka,Unknown,Tomaić,,1,0
2014-10-21 00:00:00.000 +0200,Image,20,Beta,Unknown,Tomaić,,1,0
2014-10-31 00:00:00.000 +0100,Image,25,Zeta,Unknown,Tomaić,,1,0
2014-11-03 00:00:00.000 +0100,Image,23,Delta,Unknown,Tomaić,,1,0
2014-11-22 00:00:00.000 +0100,Image,23,Delta,Unknown,Tomaić,,1,0
2014-11-28 00:00:00.000 +0100,Image,21,Luka,Unknown,Tomaić,,1,0
2014-11-30 00:00:00.000 +0100,Image,21,Luka,Unknown,Tomaić,,1,0
2014-12-22 00:00:00.000 +0100,Image,28,Mr No,Unknown,Tomaić,,1,0
2015-01-18 00:00:00.000 +0100,Image,29,Dub,Unknown,Tomaić,,1,0
2015-02-08 00:00:00.000 +0100,Image,23,Delta,Unknown,Tomaić,,1,0
2015-02-09 00:00:00.000 +0100,Image,23,Delta,Unknown,Tomaić,,1,0
2015-02-17 00:00:00.000 +0100,Image,23,Delta,Unknown,Tomaić,,1,0
2015-02-27 00:00:00.000 +0100,Image,23,Delta,Unknown,Tomaić,,1,0
2015-04-06 00:00:00.000 +0200,Image,23,Delta,Unknown,Tomaić,,1,0
2015-04-07 00:00:00.000 +0200,Image,25,Zeta,Unknown,Tomaić,,1,0
2015-04-08 00:00:00.000 +0200,Image,23,Delta,Unknown,Tomaić,,1,0
2015-04-29 00:00:00.000 +0200,Image,30,Piva,Unknown,Tomaić,,1,0
2015-05-22 00:00:00.000 +0200,Image,21,Luka,Unknown,Tomaić,,1,0
2015-05-28 00:00:00.000 +0200,Image,21,Luka,Unknown,Tomaić,,1,0
2015-10-18 00:00:00.000 +0200,Image,23,Delta,Unknown,Tomaić,,1,0
2015-10-19 00:00:00.000 +0200,Image,31,Lipik,Unknown,Tomaić,,1,0
2015-11-13 00:00:00.000 +0100,Image,31,Lipik,Unknown,Tomaić,,1,0
2011-10-24 19:46:00.000 +0200,Image,24,Abel,M,Tomaić,,1,0
2012-05-15 18:19:00.000 +0200,Image,24,Abel,M,Tomaić,,1,0
2012-03-05 04:08:00.000 +0100,Image,24,Abel,M,Tomaić,,1,0
2012-01-25 12:04:00.000 +0100,Image,20,Beta,Unknown,Tomaić,,1,0
2014-05-02 05:07:00.000 +0200,Image,20,Beta,Unknown,Tomaić,,1,0
2013-05-12 18:34:00.000 +0200,Image,19,Bill,Unknown,Tomaić,,1,0
2013-03-08 13:28:00.000 +0100,Image,19,Bill,Unknown,Tomaić,,1,0
2015-02-09 16:44:00.000 +0100,Image,23,Delta,Unknown,Tomaić,,1,0
2013-10-13 23:37:00.000 +0200,Image,20,Beta,Unknown,Tomaić,,1,0
2013-10-13 23:37:00.000 +0200,Image,23,Delta,Unknown,Tomaić,,1,0
2012-11-18 18:10:00.000 +0100,Image,21,Luka,Unknown,Tomaić,,1,0
2014-02-19 19:10:00.000 +0100,Image,21,Luka,Unknown,Tomaić,,1,0
2012-06-03 04:35:00.000 +0200,Image,27,Nik,Unknown,Tomaić,,1,0
2016-11-29 12:54:00.000 +0100,Image,17,Burni ZIP L12,M,Modrić,,1,0
2017-03-10 17:37:00.000 +0100,Image,33,Bijelo uho,Unknown,Kusak,,1,
2017-03-10 21:26:00.000 +0100,Image,33,Bijelo uho,Unknown,Kusak,,1,
2020-09-02 02:13:00.000 +0200,Image,181,Pandora L31,M,Tomaić,,1,0
2017-10-18 12:00:00.000 +0200,Caught,35,Stella L13,Unknown,Kusak,,1,0
2016-03-29 00:00:00.000 +0200,Caught,34,Čorak L11,M,Kusak,,1,
2016-10-22 05:18:00.000 +0200,Image,14,Goran ZIP L09,M,Modrić,,1,0
2016-10-23 13:35:00.000 +0200,Image,14,Goran ZIP L09,M,Modrić,,1,0
2006-11-30 02:00:00.000 +0100,Caught,15,Ivek L03,M,Kusak,,1,0
2017-11-05 03:11:00.000 +0100,Caught,37,Ivica L15,M,Kusak,,1,1
2001-12-16 03:00:00.000 +0100,Caught,7,Bela L01,Z,Gomerčić,,1,
2017-11-18 15:00:00.000 +0100,Image,38,Mavric HR041,Unknown,Slijepčević,,1,1
2017-12-07 16:00:00.000 +0100,Caught,40,LCRO16,Z,Slijepčević,,1,1
2016-06-06 12:00:00.000 +0200,Caught,35,Stella L13,Unknown,Kusak,,1,0
2017-07-11 12:00:00.000 +0200,Caught,41,Martin L14,M,Sindičić,,1,1
2018-01-29 12:30:00.000 +0100,Caught,41,Martin L14,M,Sindičić,,1,0
2018-02-15 15:00:00.000 +0100,Caught,43,Marko ZIP L16,M,Slijepčević,,1,0
2018-02-27 14:50:00.000 +0100,Image,41,Martin L14,M,Sindičić,,1,0
2020-09-11 21:25:00.000 +0200,Image,223,Suzi,Z,Tomaić,,1,0
2020-10-05 01:15:00.000 +0200,Image,166,Zarez,M,Gomerčić,,1,0
2020-08-24 07:15:00.000 +0200,Image,180,Buna,Z,Rukavina,,1,0
2018-03-21 03:03:00.000 +0100,GPS collar,37,Ivica L15,M,Gomerčić,,1,
2017-12-20 03:00:48.000 +0100,GPS collar,37,Ivica L15,M,Gomerčić,,1,
2018-02-14 17:00:43.000 +0100,GPS collar,37,Ivica L15,M,Gomerčić,,1,
2017-12-01 19:00:38.000 +0100,GPS collar,37,Ivica L15,M,Gomerčić,,1,
2018-03-14 19:00:38.000 +0100,GPS collar,37,Ivica L15,M,Gomerčić,,1,
2018-03-15 03:02:09.000 +0100,GPS collar,37,Ivica L15,M,Gomerčić,,1,
2018-03-12 05:00:51.000 +0100,GPS collar,37,Ivica L15,M,Gomerčić,,1,
2018-01-18 11:00:56.000 +0100,GPS collar,37,Ivica L15,M,Gomerčić,,1,
2017-12-25 17:00:43.000 +0100,GPS collar,37,Ivica L15,M,Gomerčić,,1,
2017-12-31 17:00:53.000 +0100,GPS collar,37,Ivica L15,M,Gomerčić,,1,
2017-11-27 19:00:38.000 +0100,GPS collar,37,Ivica L15,M,Gomerčić,,1,
2017-11-21 19:01:54.000 +0100,GPS collar,37,Ivica L15,M,Gomerčić,,1,
2016-07-02 03:01:15.000 +0200,GPS collar,35,Stella L13,Unknown,Gomerčić,,1,
2017-11-01 17:00:53.000 +0100,GPS collar,35,Stella L13,Unknown,Gomerčić,,1,
2016-06-19 23:02:01.000 +0200,GPS collar,35,Stella L13,Unknown,Gomerčić,,1,
2017-11-10 17:01:39.000 +0100,GPS collar,35,Stella L13,Unknown,Gomerčić,,1,
2016-06-23 17:00:42.000 +0200,GPS collar,35,Stella L13,Unknown,Gomerčić,,1,
2017-11-16 11:00:41.000 +0100,GPS collar,35,Stella L13,Unknown,Gomerčić,,1,
2016-06-30 17:00:43.000 +0200,GPS collar,35,Stella L13,Unknown,Gomerčić,,1,
2017-11-04 17:00:40.000 +0100,GPS collar,35,Stella L13,Unknown,Gomerčić,,1,
2018-03-05 03:00:41.000 +0100,GPS collar,43,Marko ZIP L16,M,Gomerčić,,1,
2018-03-19 03:01:42.000 +0100,GPS collar,43,Marko ZIP L16,M,Gomerčić,,1,
2018-02-20 11:00:41.000 +0100,GPS collar,43,Marko ZIP L16,M,Gomerčić,,1,
2018-03-19 17:00:41.000 +0100,GPS collar,43,Marko ZIP L16,M,Gomerčić,,1,
2018-02-17 19:00:58.000 +0100,GPS collar,43,Marko ZIP L16,M,Gomerčić,,1,
2018-03-04 03:00:42.000 +0100,GPS collar,43,Marko ZIP L16,M,Gomerčić,,1,
2018-03-07 19:00:42.000 +0100,GPS collar,43,Marko ZIP L16,M,Gomerčić,,1,
2018-03-30 05:00:37.000 +0200,GPS collar,41,Martin L14,M,Gomerčić,,1,
2018-04-02 11:00:38.000 +0200,GPS collar,41,Martin L14,M,Gomerčić,,1,
2018-03-04 19:00:36.000 +0100,GPS collar,41,Martin L14,M,Gomerčić,,1,
2018-04-06 11:00:37.000 +0200,GPS collar,41,Martin L14,M,Gomerčić,,1,
2018-04-23 19:00:11.000 +0200,GPS collar,41,Martin L14,M,Gomerčić,,1,
2018-03-08 05:00:10.000 +0100,GPS collar,41,Martin L14,M,Gomerčić,,1,
2018-04-15 05:00:38.000 +0200,GPS collar,41,Martin L14,M,Gomerčić,,1,
2018-03-25 23:01:16.000 +0200,GPS collar,41,Martin L14,M,Gomerčić,,1,
2018-04-21 11:00:50.000 +0200,GPS collar,41,Martin L14,M,Gomerčić,,1,
2020-10-08 10:35:00.000 +0200,Image,72,Pačo,M,Tomaić,,1,0
2018-04-07 03:01:01.000 +0200,GPS collar,41,Martin L14,M,Gomerčić,,1,
2018-04-16 05:00:09.000 +0200,GPS collar,41,Martin L14,M,Gomerčić,,1,
2021-11-12 12:01:00.000 +0100,Image,225,Frida,Z,Iskrić,,3,2
2018-05-01 00:00:00.000 +0200,Image,44,CRO230,Unknown,Slijepčević,,1,0
2018-04-28 16:35:00.000 +0200,Image,45,Paul,M,Slijepčević,,1,0
2018-06-04 19:16:00.000 +0200,Image,43,Marko ZIP L16,M,Slijepčević,,1,0
2018-07-29 21:32:00.000 +0200,Image,43,Marko ZIP L16,M,Slijepčević,,1,0
2018-06-03 10:03:00.000 +0200,Image,43,Marko ZIP L16,M,Slijepčević,,1,0
2018-06-18 22:07:00.000 +0200,Image,43,Marko ZIP L16,M,Slijepčević,,1,0
2020-09-09 18:28:00.000 +0200,Image,181,Pandora L31,M,Tomaić,,1,0
2020-04-23 07:27:00.000 +0200,Image,223,Suzi,Z,Tomaić,,1,0
2018-06-27 01:19:00.000 +0200,Image,46,Damir,M,Slijepčević,,1,0
2021-11-12 12:01:00.000 +0100,Image,361,Frida mladunac1 2021,Unknown,Iskrić,,3,2
2018-08-07 11:38:00.000 +0200,Image,46,Damir,M,Slijepčević,,1,0
2018-09-01 09:16:00.000 +0200,Image,46,Damir,M,Slijepčević,,1,0
2018-06-16 05:21:00.000 +0200,Image,48,Mišo,M,Slijepčević,,1,0
2018-06-20 06:30:00.000 +0200,Image,48,Mišo,M,Slijepčević,,1,0
2018-07-22 03:03:00.000 +0200,Image,48,Mišo,M,Slijepčević,,1,0
2021-11-12 12:01:00.000 +0100,Image,363,Frida mladunac2 2021,Unknown,Iskrić,,3,2
2018-06-15 22:20:00.000 +0200,Image,51,CRO372,M,Slijepčević,,1,0
2018-04-06 16:17:00.000 +0200,Image,46,Damir,M,Modrić,,1,0
2018-05-16 19:34:00.000 +0200,Image,54,Hamlet,Unknown,Kusak,,1,0
2015-10-24 08:04:00.000 +0200,Image,56,Luce,Z,Kusak,,1,0
2016-06-11 05:45:00.000 +0200,Image,37,Ivica L15,M,Kusak,,1,
2016-06-22 06:34:00.000 +0200,Image,37,Ivica L15,M,Kusak,,1,
2017-06-28 09:20:00.000 +0200,Image,35,Stella L13,Unknown,Kusak,,1,
2015-11-13 16:41:00.000 +0100,Image,18,Iva L10,Z,Kusak,,1,0
2015-12-08 17:35:00.000 +0100,Image,18,Iva L10,Z,Kusak,,1,0
2020-07-29 23:49:00.000 +0200,Image,181,Pandora L31,M,Rukavina,,1,0
2015-07-08 03:21:00.000 +0200,Image,18,Iva L10,Z,Kusak,,1,0
2016-05-06 18:28:00.000 +0200,Image,37,Ivica L15,M,Kusak,,1,
2017-03-30 08:33:00.000 +0200,Image,37,Ivica L15,M,Kusak,,1,
2015-10-20 05:28:00.000 +0200,Image,56,Luce,Z,Kusak,,1,0
2016-03-04 11:49:00.000 +0100,Image,34,Čorak L11,M,Kusak,,1,
2016-03-14 18:10:00.000 +0100,Image,58,Plase,M,Kusak,,1,
2016-04-22 17:16:00.000 +0200,Image,37,Ivica L15,M,Kusak,,1,
2017-08-23 15:58:00.000 +0200,Image,37,Ivica L15,M,Kusak,,1,
2015-08-11 02:13:00.000 +0200,Image,35,Stella L13,Unknown,Kusak,,1,0
2016-02-18 23:06:00.000 +0100,Image,34,Čorak L11,M,Kusak,,1,
2016-02-21 11:54:00.000 +0100,Image,37,Ivica L15,M,Kusak,,1,
2016-03-14 18:02:00.000 +0100,Image,37,Ivica L15,M,Kusak,,1,
2016-04-01 16:54:00.000 +0200,Image,37,Ivica L15,M,Kusak,,1,
2016-04-17 15:29:00.000 +0200,Image,37,Ivica L15,M,Kusak,,1,
2016-04-29 17:55:00.000 +0200,Image,34,Čorak L11,M,Kusak,,1,
2016-05-06 06:48:00.000 +0200,Image,37,Ivica L15,M,Kusak,,1,
2017-02-15 11:10:00.000 +0100,Image,37,Ivica L15,M,Kusak,,1,
2017-03-04 15:45:00.000 +0100,Image,37,Ivica L15,M,Kusak,,1,
2017-03-04 15:50:00.000 +0100,Image,35,Stella L13,Unknown,Kusak,,1,
2015-09-05 10:42:00.000 +0200,Image,58,Plase,M,Kusak,,1,0
2015-10-24 20:31:00.000 +0200,Image,37,Ivica L15,M,Kusak,,1,0
2015-10-30 17:06:00.000 +0100,Image,58,Plase,M,Kusak,,1,0
2015-11-19 15:45:00.000 +0100,Image,56,Luce,Z,Kusak,,1,0
2015-12-09 20:01:00.000 +0100,Image,58,Plase,M,Kusak,,1,0
2015-12-13 16:46:00.000 +0100,Image,34,Čorak L11,M,Kusak,,1,0
2016-04-06 16:24:00.000 +0200,Image,35,Stella L13,Unknown,Kusak,,1,
2016-05-08 09:10:00.000 +0200,Image,37,Ivica L15,M,Kusak,,1,
2016-05-12 17:13:00.000 +0200,Image,58,Plase,M,Kusak,,1,
2016-05-26 03:04:00.000 +0200,Image,35,Stella L13,Unknown,Kusak,,1,
2017-02-08 17:09:00.000 +0100,Image,37,Ivica L15,M,Kusak,,1,
2017-03-21 14:05:00.000 +0100,Image,37,Ivica L15,M,Kusak,,1,
2018-05-24 16:33:00.000 +0200,Image,37,Ivica L15,M,Kusak,,1,0
2015-07-16 19:23:00.000 +0200,Image,56,Luce,Z,Kusak,,1,0
2015-08-26 18:44:00.000 +0200,Image,56,Luce,Z,Kusak,,1,0
2016-07-09 07:04:00.000 +0200,Image,34,Čorak L11,M,Kusak,,1,
2015-07-29 08:25:00.000 +0200,Image,55,LEO,Unknown,Kusak,,1,0
2015-08-04 02:54:00.000 +0200,Image,56,Luce,Z,Kusak,,1,0
2017-03-30 09:09:00.000 +0200,Image,37,Ivica L15,M,Kusak,,1,
2015-11-01 04:36:00.000 +0100,Image,59,Sleepy Hollow,Unknown,Kusak,,1,0
2017-03-25 16:01:00.000 +0100,Image,60,Sphynx,Unknown,Kusak,,1,
2014-07-18 10:27:00.000 +0200,Image,33,Bijelo uho,Unknown,Kusak,,1,0
2022-03-21 01:20:00.000 +0100,Image,210,Bjorn,M,Blašković,,1,0
2017-07-07 23:47:00.000 +0200,Image,37,Ivica L15,M,Kusak,,1,0
2014-08-03 14:20:00.000 +0200,Image,33,Bijelo uho,Unknown,Kusak,,1,0
2016-09-30 07:40:00.000 +0200,Image,35,Stella L13,Unknown,Kusak,,1,
2016-10-17 06:38:00.000 +0200,Image,35,Stella L13,Unknown,Kusak,,1,
2016-12-23 08:21:00.000 +0100,Image,37,Ivica L15,M,Kusak,,1,
2016-12-23 14:52:00.000 +0100,Image,37,Ivica L15,M,Kusak,,1,
2017-04-04 20:03:00.000 +0200,Image,35,Stella L13,Unknown,Kusak,,1,
2017-07-17 09:03:00.000 +0200,Image,35,Stella L13,Unknown,Kusak,,1,
2018-10-03 03:56:00.000 +0200,Image,45,Paul,M,Slijepčević,,1,0
2020-08-14 04:00:00.000 +0200,Sighting,199,Pino L25,M,Gomerčić,,1,0
2018-09-16 02:47:00.000 +0200,Image,46,Damir,M,Slijepčević,,1,0
2018-10-02 05:49:00.000 +0200,Image,48,Mišo,M,Slijepčević,,1,0
2018-10-04 05:04:00.000 +0200,Image,43,Marko ZIP L16,M,Slijepčević,,1,0
2017-03-10 16:14:00.000 +0100,Image,37,Ivica L15,M,Kusak,,1,
2017-05-14 16:39:00.000 +0200,Image,37,Ivica L15,M,Kusak,,1,
2016-05-30 10:40:00.000 +0200,Image,37,Ivica L15,M,Kusak,,1,
2016-01-16 14:45:00.000 +0100,Image,58,Plase,M,Kusak,,1,
2016-02-23 14:51:00.000 +0100,Image,34,Čorak L11,M,Kusak,,1,
2016-02-23 14:50:00.000 +0100,Image,34,Čorak L11,M,Kusak,,1,
2016-05-17 09:07:00.000 +0200,Image,37,Ivica L15,M,Kusak,,1,
2016-06-14 16:12:00.000 +0200,Image,34,Čorak L11,M,Kusak,,1,
2016-06-26 11:39:00.000 +0200,Image,58,Plase,M,Kusak,,1,
2017-04-01 15:55:00.000 +0200,Image,37,Ivica L15,M,Kusak,,1,
2017-06-13 06:30:00.000 +0200,Image,37,Ivica L15,M,Kusak,,1,
2016-02-01 02:39:00.000 +0100,Image,57,Vola,Unknown,Kusak,,1,
2016-11-22 21:34:00.000 +0100,Image,56,Luce,Z,Kusak,,1,
2017-04-12 07:24:00.000 +0200,Image,35,Stella L13,Unknown,Kusak,,1,
2017-04-22 12:00:00.000 +0200,Image,56,Luce,Z,Kusak,,1,
2015-04-18 15:32:00.000 +0200,Image,18,Iva L10,Z,Kusak,,1,0
2015-04-20 16:54:00.000 +0200,Image,18,Iva L10,Z,Kusak,,1,0
2015-04-21 09:19:00.000 +0200,Image,52,Bast,M,Kusak,,1,0
2015-04-21 09:21:00.000 +0200,Image,18,Iva L10,Z,Kusak,,1,0
2015-10-09 13:43:00.000 +0200,Image,53,Crna Kosa,Unknown,Kusak,,1,0
2018-09-04 07:07:00.000 +0200,Image,61,Tomislav,Unknown,Kusak,,1,0
2018-05-02 10:13:00.000 +0200,Image,35,Stella L13,Unknown,Kusak,,1,0
2018-04-21 15:14:00.000 +0200,Image,35,Stella L13,Unknown,Kusak,,1,0
2018-05-01 08:40:00.000 +0200,Image,35,Stella L13,Unknown,Kusak,,1,0
2018-05-21 08:07:00.000 +0200,Image,37,Ivica L15,M,Kusak,,1,0
2018-06-03 04:29:00.000 +0200,Image,37,Ivica L15,M,Kusak,,1,0
2018-06-16 19:37:00.000 +0200,Image,35,Stella L13,Unknown,Kusak,,1,0
2018-07-20 16:42:00.000 +0200,Image,37,Ivica L15,M,Kusak,,1,0
2018-05-08 11:59:00.000 +0200,Image,37,Ivica L15,M,Kusak,,1,0
2018-05-22 07:15:00.000 +0200,Image,37,Ivica L15,M,Kusak,,1,0
2018-05-02 14:59:00.000 +0200,Image,35,Stella L13,Unknown,Kusak,,1,0
2017-04-01 00:55:00.000 +0200,Image,39,Miki HR098,Unknown,Slijepčević,,1,0
2012-11-30 18:12:00.000 +0100,Image,5,Stribor - Geo,Unknown,Slijepčević,,1,
2018-04-19 06:09:00.000 +0200,Image,67,CRO584,Unknown,Selanec,,1,0
2020-05-10 06:00:00.000 +0200,Image,224,Prpa,M,Rukavina,,1,0
2018-09-13 06:44:00.000 +0200,Image,35,Stella L13,Unknown,Kusak,,3,2
2018-09-28 13:27:00.000 +0200,Image,37,Ivica L15,M,Kusak,,1,0
2022-04-07 02:16:00.000 +0200,Image,311,Pepi,M,Iskrić,,1,0
2020-10-22 08:21:00.000 +0200,Image,224,Prpa,M,Slijepčević,,1,0
2018-11-16 01:31:00.000 +0100,Image,70,Ilija,Unknown,Selanec,,1,0
2018-08-15 11:26:00.000 +0200,Image,71,Milka,Z,Rukavina,,1,0
2018-08-28 09:24:00.000 +0200,Image,71,Milka,Z,Rukavina,,1,0
2018-09-17 06:05:00.000 +0200,Image,71,Milka,Z,Rukavina,,3,2
2017-07-01 00:00:00.000 +0200,Image,71,Milka,Z,Rukavina,,1,0
2018-07-11 07:51:00.000 +0200,Image,73,L3 Velebit,Unknown,Tomaić,,1,0
2018-05-30 04:48:00.000 +0200,Image,72,Pačo,M,Tomaić,,1,0
2018-09-30 04:33:00.000 +0200,Image,43,Marko ZIP L16,M,Slijepčević,,1,0
2018-09-01 21:08:00.000 +0200,Image,48,Mišo,M,Slijepčević,,1,0
2018-09-29 16:01:00.000 +0200,Image,48,Mišo,M,Slijepčević,,1,0
2018-09-22 08:07:00.000 +0200,Image,48,Mišo,M,Slijepčević,,1,0
2018-10-12 02:11:00.000 +0200,Image,77,Miška,Z,Slijepčević,,2,1
2018-10-13 10:40:00.000 +0200,Image,48,Mišo,M,Slijepčević,,1,0
2018-10-13 19:18:00.000 +0200,Image,48,Mišo,M,Slijepčević,,1,0
2018-10-26 01:47:00.000 +0200,Image,45,Paul,M,Slijepčević,,1,0
2018-07-29 08:27:00.000 +0200,Image,72,Pačo,M,Tomaić,,1,0
2018-05-02 18:58:00.000 +0200,Image,72,Pačo,M,Tomaić,,1,0
2018-06-17 22:08:00.000 +0200,Image,72,Pačo,M,Tomaić,,1,0
2018-06-25 21:30:00.000 +0200,Image,74,L4 Velebit,Unknown,Rukavina,,1,0
2022-06-16 21:13:00.000 +0200,Image,220,Šiljo,M,Iskrić,,1,0
2020-04-01 02:11:00.000 +0200,Image,4,Spot,Z,Slijepčević,,1,0
2018-05-27 19:16:00.000 +0200,Image,80,Godaca,Unknown,Gomerčić,,1,0
2018-11-05 06:52:00.000 +0100,Image,81,Kapela,Unknown,Gomerčić,,1,0
2018-09-13 10:00:00.000 +0200,Scat,46,Damir,M,Slijepčević,,1,0
2020-05-06 00:26:00.000 +0200,Image,4,Spot,Z,Slijepčević,,1,0
2020-06-07 18:28:00.000 +0200,Image,220,Šiljo,M,Slijepčević,,1,0
2018-09-02 08:15:00.000 +0200,Image,37,Ivica L15,M,Kusak,,1,0
2020-09-06 20:51:00.000 +0200,Image,220,Šiljo,M,Slijepčević,,1,0
2019-01-10 16:03:00.000 +0100,Image,66,CRO583,M,Selanec,,1,0
2020-07-04 03:27:00.000 +0200,Image,85,CRO372_1,Z,Slijepčević,,1,0
2018-04-23 03:24:00.000 +0200,Image,72,Pačo,M,Tomaić,,1,0
2018-05-06 15:41:00.000 +0200,Image,72,Pačo,M,Tomaić,,1,0
2018-05-29 02:04:00.000 +0200,Image,72,Pačo,M,Tomaić,,1,0
2018-07-29 03:29:00.000 +0200,Image,72,Pačo,M,Tomaić,,1,0
2018-07-15 05:35:00.000 +0200,Image,72,Pačo,M,Tomaić,,1,0
2018-04-23 23:34:00.000 +0200,Image,73,L3 Velebit,Unknown,Tomaić,,1,0
2018-06-03 05:31:00.000 +0200,Image,75,Iris,Z,Tomaić,,1,0
2018-06-16 18:26:00.000 +0200,Image,75,Iris,Z,Tomaić,,1,0
2018-11-23 23:33:00.000 +0100,Image,66,CRO583,M,Selanec,,1,0
2020-09-27 15:32:00.000 +0200,Image,43,Marko ZIP L16,M,Slijepčević,,1,0
2019-11-11 05:09:00.000 +0100,Image,43,Marko ZIP L16,M,Slijepčević,,1,0
2020-02-08 18:05:00.000 +0100,Image,137,Marta,Z,Slijepčević,,3,2
2020-05-03 19:40:00.000 +0200,Image,102,CRO327,M,Slijepčević,,1,0
2018-05-29 23:40:00.000 +0200,Image,74,L4 Velebit,Unknown,Rukavina,,1,0
2020-01-09 05:06:00.000 +0100,Image,113,CRO329_3,Z,Slijepčević,,1,0
2020-07-19 12:09:00.000 +0200,Image,220,Šiljo,M,Slijepčević,,1,0
2020-08-28 23:55:00.000 +0200,Image,4,Spot,Z,Slijepčević,,1,0
2019-07-31 19:58:00.000 +0200,Image,110,Andreja L17,Z,Slijepčević,,1,0
2020-01-06 12:25:00.000 +0100,Image,137,Marta,Z,Slijepčević,,1,0
2018-06-25 11:10:00.000 +0200,Image,86,CRO279,Unknown,Modrić,,1,0
2018-10-11 07:06:00.000 +0200,Image,71,Milka,Z,Rukavina,,1,0
2018-11-25 05:01:00.000 +0100,Image,71,Milka,Z,Rukavina,,1,0
2020-07-25 20:20:00.000 +0200,Image,209,Geonatura 4D,Unknown,Gomerčić,,1,0
2020-10-25 17:35:00.000 +0100,Image,181,Pandora L31,M,Tomaić,,1,0
2020-05-24 21:30:00.000 +0200,Image,98,Fulir,Unknown,Gomerčić,,1,0
2020-08-22 05:55:00.000 +0200,Image,181,Pandora L31,M,Tomaić,,1,0
2020-06-22 09:00:00.000 +0200,Image,223,Suzi,Z,Tomaić,,1,0
2022-01-01 13:11:00.000 +0100,Image,225,Frida,Z,Iskrić,,1,0
2022-01-01 13:11:00.000 +0100,Image,361,Frida mladunac1 2021,Unknown,Iskrić,,1,0
2020-05-11 00:55:00.000 +0200,Image,84,Gavrilo,Unknown,Tomaić,,1,0
2020-05-13 09:34:00.000 +0200,Image,181,Pandora L31,M,Rukavina,,1,0
2019-02-06 18:09:00.000 +0100,Image,67,CRO584,Unknown,Selanec,,1,0
2020-07-12 06:39:00.000 +0200,Image,198,Alojzije L24,M,Selanec,,1,0
2019-01-17 21:49:00.000 +0100,Image,66,CRO583,M,Selanec,,1,0
2020-07-24 09:11:00.000 +0200,Image,224,Prpa,M,Rukavina,,1,0
2019-03-05 10:05:00.000 +0100,Image,72,Pačo,M,Tomaić,,1,0
2019-02-25 07:13:00.000 +0100,Image,72,Pačo,M,Tomaić,,1,0
2018-08-15 23:35:00.000 +0200,Image,72,Pačo,M,Tomaić,,1,0
2019-01-03 20:07:00.000 +0100,Image,72,Pačo,M,Tomaić,,1,0
2022-01-01 13:11:00.000 +0100,Image,363,Frida mladunac2 2021,Unknown,Iskrić,,1,0
2020-03-07 17:46:00.000 +0100,Image,200,Goru,M,Slijepčević,,1,0
2020-04-03 19:23:00.000 +0200,Image,4,Spot,Z,Slijepčević,,1,0
2020-05-08 22:50:00.000 +0200,Image,4,Spot,Z,Slijepčević,,1,0
2020-07-21 20:00:00.000 +0200,Image,4,Spot,Z,Slijepčević,,1,0
2019-12-18 20:13:00.000 +0100,Image,85,CRO372_1,Z,Slijepčević,,1,0
2018-10-02 10:04:00.000 +0200,Image,88,L9 Velebit,M,Rukavina,,1,0
2020-07-15 05:31:00.000 +0200,Image,225,Frida,Z,Slijepčević,,1,0
2020-09-12 08:02:00.000 +0200,Image,43,Marko ZIP L16,M,Slijepčević,,1,0
2018-09-16 19:00:00.000 +0200,Image,89,L10 Velebit,Unknown,Rukavina,,1,0
2019-03-06 20:03:00.000 +0100,Image,66,CRO583,M,Selanec,,1,0
2020-02-27 04:18:00.000 +0100,Image,43,Marko ZIP L16,M,Slijepčević,,1,0
2020-02-19 09:18:00.000 +0100,Image,102,CRO327,M,Slijepčević,,1,0
2020-09-27 12:07:00.000 +0200,Image,137,Marta,Z,Slijepčević,,1,0
2020-01-28 13:59:00.000 +0100,Image,113,CRO329_3,Z,Slijepčević,,1,0
2022-03-28 05:39:00.000 +0200,Image,210,Bjorn,M,Blašković,,1,0
2018-08-11 16:11:00.000 +0200,Image,92,R3,Unknown,Tomaić,,1,0
2020-09-23 19:53:00.000 +0200,Image,220,Šiljo,M,Slijepčević,,1,0
2019-08-20 07:25:00.000 +0200,Image,46,Damir,M,Slijepčević,,1,0
2020-08-11 06:43:00.000 +0200,Image,102,CRO327,M,Slijepčević,,1,0
2018-09-07 00:00:00.000 +0200,Dead,95,LCRO18,M,Sindičić,,1,0
2018-11-17 04:20:00.000 +0100,Image,84,Gavrilo,Unknown,Tomaić,,1,0
2020-11-05 18:59:00.000 +0100,Dead,230,LCRO19,M,Slijepčević,,1,1
2018-09-13 04:45:00.000 +0200,Image,92,R3,Unknown,Tomaić,,1,0
2020-10-18 19:17:00.000 +0200,Image,72,Pačo,M,Tomaić,,1,0
2020-07-08 21:49:00.000 +0200,Image,209,Geonatura 4D,Unknown,Gomerčić,,1,0
2020-10-01 12:00:00.000 +0200,Image,204,Vitrenka,Z,Slijepčević,,1,0
2020-10-26 07:25:00.000 +0100,Image,233,Nikolina,Z,Slijepčević,,1,0
2019-01-17 02:09:00.000 +0100,Image,89,L10 Velebit,Unknown,Selanec,,1,0
2022-08-20 09:23:00.000 +0200,Image,4,Spot,Z,Iskrić,,2,1
2019-02-13 03:17:00.000 +0100,Image,97,L11 Velebit,Z,Selanec,,1,0
2022-08-20 09:23:00.000 +0200,Image,366,Spot mladunac 2022,Unknown,Iskrić,,2,1
2018-10-06 22:14:00.000 +0200,Image,92,R3,Unknown,Rukavina,,1,0
2018-12-31 04:58:00.000 +0100,Image,70,Ilija,Unknown,Selanec,,1,0
2019-02-25 00:06:00.000 +0100,Image,70,Ilija,Unknown,Selanec,,1,0
2018-07-03 20:21:00.000 +0200,Image,99,Godaca 2,Z,Gomerčić,,1,0
2018-04-05 15:12:00.000 +0200,Image,76,L6 Velebit,Unknown,Tomaić,,1,0
2018-04-07 14:55:00.000 +0200,Image,76,L6 Velebit,Unknown,Tomaić,,1,0
2018-04-17 14:10:00.000 +0200,Image,76,L6 Velebit,Unknown,Tomaić,,1,0
2018-05-04 14:33:00.000 +0200,Image,76,L6 Velebit,Unknown,Tomaić,,1,0
2018-06-17 19:12:00.000 +0200,Image,76,L6 Velebit,Unknown,Tomaić,,1,0
2019-02-27 22:30:00.000 +0100,Image,76,L6 Velebit,Unknown,Selanec,,1,0
2018-04-17 03:55:00.000 +0200,Image,76,L6 Velebit,Unknown,Tomaić,,1,0
2018-03-10 02:12:00.000 +0100,Image,98,Fulir,Unknown,Sindičić,,1,0
2016-02-03 23:11:00.000 +0100,Image,97,L11 Velebit,Z,Kusak,,1,
2019-02-09 23:15:00.000 +0100,Image,96,Kapela 2,Unknown,Gomerčić,,1,0
2018-09-22 05:16:00.000 +0200,Image,46,Damir,M,Slijepčević,,1,0
2018-11-01 05:41:00.000 +0100,Image,46,Damir,M,Slijepčević,,1,0
2018-11-07 06:30:00.000 +0100,Image,45,Paul,M,Slijepčević,,1,0
2018-10-27 21:30:00.000 +0200,Image,45,Paul,M,Slijepčević,,1,0
2018-11-22 04:26:00.000 +0100,Image,85,CRO372_1,Z,Slijepčević,,1,0
2018-11-16 18:43:00.000 +0100,Image,77,Miška,Z,Slijepčević,,1,0
2018-11-29 19:11:00.000 +0100,Image,45,Paul,M,Slijepčević,,1,0
2018-12-05 17:20:00.000 +0100,Image,45,Paul,M,Slijepčević,,1,0
2019-01-09 17:48:00.000 +0100,Image,85,CRO372_1,Z,Slijepčević,,1,0
2018-11-23 23:49:00.000 +0100,Image,45,Paul,M,Slijepčević,,1,0
2018-12-21 06:47:00.000 +0100,Image,45,Paul,M,Slijepčević,,1,0
2018-12-19 16:58:00.000 +0100,Image,85,CRO372_1,Z,Slijepčević,,1,0
2018-12-20 16:32:00.000 +0100,Image,43,Marko ZIP L16,M,Slijepčević,,1,0
2018-12-30 23:56:00.000 +0100,Image,85,CRO372_1,Z,Slijepčević,,1,0
2018-12-13 00:45:00.000 +0100,Image,43,Marko ZIP L16,M,Slijepčević,,1,0
2018-11-28 09:29:00.000 +0100,Image,77,Miška,Z,Slijepčević,,2,1
2018-12-03 18:16:00.000 +0100,Image,45,Paul,M,Slijepčević,,1,0
2018-12-25 03:28:00.000 +0100,Image,77,Miška,Z,Slijepčević,,2,1
2019-01-12 17:42:00.000 +0100,Image,45,Paul,M,Slijepčević,,1,0
2018-11-15 03:55:00.000 +0100,Image,102,CRO327,M,Slijepčević,,1,0
2018-11-08 01:13:00.000 +0100,Image,103,CRO231,Z,Slijepčević,,1,0
2019-01-17 09:31:00.000 +0100,Image,46,Damir,M,Slijepčević,,1,0
2019-01-19 06:10:00.000 +0100,Image,104,CRO326_2,Z,Slijepčević,,2,1
2019-01-19 06:10:00.000 +0100,Image,105,CRO326_2 Mladunce 2018,Unknown,Slijepčević,,2,1
2019-01-25 13:26:00.000 +0100,Image,104,CRO326_2,Z,Slijepčević,,1,0
2019-01-31 10:18:00.000 +0100,Image,104,CRO326_2,Z,Slijepčević,,1,0
2019-02-04 06:19:00.000 +0100,Image,104,CRO326_2,Z,Slijepčević,,2,1
2019-02-04 06:19:00.000 +0100,Image,105,CRO326_2 Mladunce 2018,Unknown,Slijepčević,,2,1
2019-02-04 12:34:00.000 +0100,Image,105,CRO326_2 Mladunce 2018,Unknown,Slijepčević,,1,1
2018-10-21 04:12:00.000 +0200,Image,102,CRO327,M,Modrić,,1,0
2019-02-04 19:06:00.000 +0100,Image,104,CRO326_2,Z,Slijepčević,,1,0
2019-02-04 19:53:00.000 +0100,Image,104,CRO326_2,Z,Slijepčević,,1,0
2019-02-18 18:48:00.000 +0100,Image,102,CRO327,M,Modrić,,1,0
2018-08-30 12:27:00.000 +0200,Image,85,CRO372_1,Z,Modrić,,1,0
2019-01-15 16:50:00.000 +0100,Image,43,Marko ZIP L16,M,Slijepčević,,1,0
2019-02-05 15:24:00.000 +0100,Image,43,Marko ZIP L16,M,Slijepčević,,1,0
2019-02-11 15:53:00.000 +0100,Image,85,CRO372_1,Z,Slijepčević,,1,0
2019-02-27 16:30:00.000 +0100,Image,102,CRO327,M,Slijepčević,,1,0
2018-11-25 08:27:00.000 +0100,Image,108,CRO277,Z,Slijepčević,,1,0
2018-12-29 09:27:00.000 +0100,Image,108,CRO277,Z,Slijepčević,,2,1
2018-12-29 09:27:00.000 +0100,Image,109,CRO277 Mladunac 2018,Unknown,Slijepčević,,2,1
2019-02-04 18:15:00.000 +0100,Image,46,Damir,M,Slijepčević,,1,0
2019-02-20 02:51:00.000 +0100,Image,108,CRO277,Z,Slijepčević,,2,1
2019-02-20 02:51:00.000 +0100,Image,109,CRO277 Mladunac 2018,Unknown,Slijepčević,,2,1
2018-08-03 04:49:00.000 +0200,Image,108,CRO277,Z,Slijepčević,,1,0
2019-02-18 00:49:00.000 +0100,Image,45,Paul,M,Slijepčević,,1,0
2019-03-02 02:16:00.000 +0100,Image,45,Paul,M,Slijepčević,,1,0
2019-02-09 03:31:00.000 +0100,Image,45,Paul,M,Slijepčević,,1,0
2019-02-17 19:02:00.000 +0100,Image,45,Paul,M,Slijepčević,,1,0
2019-02-28 13:01:00.000 +0100,Image,45,Paul,M,Slijepčević,,1,0
2019-03-02 05:17:00.000 +0100,Image,45,Paul,M,Slijepčević,,1,0
2019-03-03 06:17:00.000 +0100,Image,45,Paul,M,Slijepčević,,1,0
2019-02-24 11:23:00.000 +0100,Image,113,CRO329_3,Z,Slijepčević,,1,0
2018-09-20 02:25:00.000 +0200,Image,114,Draga_1,Z,Fležar,,1,2
2017-11-01 17:15:00.000 +0100,Image,131,Stojna_2,Unknown,Fležar,,1,0
2018-08-19 01:11:00.000 +0200,Image,115,Draga_2,M,Fležar,,1,0
2018-08-31 16:38:00.000 +0200,Image,119,Javorniki1,Unknown,Fležar,,1,0
2018-09-07 06:54:00.000 +0200,Image,124,Mala_Gora1,Z,Fležar,,1,0
2018-09-20 00:53:00.000 +0200,Image,114,Draga_1,Z,Fležar,,1,0
2018-09-25 04:41:00.000 +0200,Image,115,Draga_2,M,Fležar,,1,0
2018-10-02 18:33:00.000 +0200,Image,127,PoljanskaGora_1,Unknown,Fležar,,1,0
2018-10-21 01:48:00.000 +0200,Image,125,Osilnica_1,Unknown,Fležar,,1,0
2018-10-21 23:16:00.000 +0200,Image,124,Mala_Gora1,Z,Fležar,,1,0
2018-10-30 01:24:00.000 +0100,Image,120,Jurjeva_1,Z,Fležar,,1,1
2018-01-20 09:43:00.000 +0100,Image,131,Stojna_2,Unknown,Fležar,,1,0
2018-03-22 10:12:00.000 +0100,Image,131,Stojna_2,Unknown,Fležar,,1,0
2018-09-20 02:23:00.000 +0200,Image,114,Draga_1,Z,Fležar,,1,0
2018-10-21 01:54:00.000 +0200,Image,114,Draga_1,Z,Fležar,,1,0
2018-11-02 05:27:00.000 +0100,Image,115,Draga_2,M,Fležar,,1,0
2018-12-19 21:31:00.000 +0100,Image,126,Osilnica_2,Unknown,Fležar,,1,0
2019-01-10 23:36:00.000 +0100,Image,126,Osilnica_2,Unknown,Fležar,,1,0
2019-01-14 06:21:00.000 +0100,Image,115,Draga_2,M,Fležar,,1,0
2019-02-12 23:16:00.000 +0100,Image,126,Osilnica_2,Unknown,Fležar,,1,0
2019-05-14 19:23:00.000 +0200,Image,101,Doru L19,M,Toplicanec,,1,0
2019-02-09 21:55:00.000 +0100,Image,136,CRO330_1,Unknown,Slijepčević,,1,0
2019-01-31 01:09:00.000 +0100,Image,43,Marko ZIP L16,M,Slijepčević,,1,0
2019-01-13 16:38:00.000 +0100,Image,45,Paul,M,Slijepčević,,1,0
2019-01-30 16:50:00.000 +0100,Image,45,Paul,M,Slijepčević,,1,0
2019-03-08 07:17:00.000 +0100,Image,112,CRO329_4,M,Slijepčević,,1,0
2019-03-19 21:35:00.000 +0100,Image,43,Marko ZIP L16,M,Slijepčević,,1,0
2019-03-22 08:35:00.000 +0100,Image,43,Marko ZIP L16,M,Slijepčević,,1,0
2019-02-04 14:40:00.000 +0100,Image,104,CRO326_2,Z,Slijepčević,,2,1
2019-02-04 14:40:00.000 +0100,Image,105,CRO326_2 Mladunce 2018,Unknown,Slijepčević,,2,1
2019-03-05 20:48:00.000 +0100,Image,108,CRO277,Z,Slijepčević,,1,0
2019-02-15 23:35:00.000 +0100,Image,108,CRO277,Z,Slijepčević,,1,1
2019-02-15 23:38:00.000 +0100,Image,109,CRO277 Mladunac 2018,Unknown,Slijepčević,,1,1
2019-04-13 16:58:00.000 +0200,Image,137,Marta,Z,Slijepčević,,1,0
2019-01-10 05:08:00.000 +0100,Image,46,Damir,M,Slijepčević,,1,0
2019-03-29 08:26:00.000 +0100,Image,46,Damir,M,Slijepčević,,1,0
2019-04-02 17:09:00.000 +0200,Image,103,CRO231,Z,Slijepčević,,1,0
2019-02-02 22:23:00.000 +0100,Image,137,Marta,Z,Slijepčević,,1,0
2019-03-31 01:41:00.000 +0100,Image,69,Jasmina,Z,Selanec,,1,0
2018-11-18 21:02:00.000 +0100,Image,69,Jasmina,Z,Selanec,,3,2
2019-03-30 01:00:00.000 +0100,Image,88,L9 Velebit,M,Rukavina,,1,0
2019-04-28 05:06:00.000 +0200,Image,140,L13 Velebit,Z,Rukavina,,1,0
2019-06-20 07:32:00.000 +0200,Image,66,CRO583,M,Selanec,,1,0
2018-12-21 11:56:00.000 +0100,Image,48,Mišo,M,Fležar,,1,0
2018-12-18 15:27:00.000 +0100,Image,48,Mišo,M,Fležar,,1,0
2018-12-29 00:44:00.000 +0100,Image,48,Mišo,M,Fležar,,1,0
2018-11-17 22:20:00.000 +0100,Image,137,Marta,Z,Fležar,,1,0
2007-01-04 14:40:00.000 +0100,Caught,8,Koko L04,M,Gomerčić,,1,1
2019-07-11 09:37:00.000 +0200,Image,66,CRO583,M,Selanec,,1,0
2019-12-21 07:37:00.000 +0100,Image,123,Kambrce_1,Unknown,Fležar,,1,0
2018-05-08 14:00:00.000 +0200,Image,126,Osilnica_2,Unknown,Fležar,,1,0
2019-02-09 15:08:00.000 +0100,Image,135,VelikaGora_2,Unknown,Fležar,,1,0
2019-01-11 13:25:00.000 +0100,Image,142,Glazuta_2016,Z,Fležar,,2,0
2018-12-26 08:03:00.000 +0100,Image,144,Jurjeva_3,M,Fležar,,1,0
2019-01-14 05:21:00.000 +0100,Image,115,Draga_2,M,Fležar,,1,0
2018-10-02 18:07:00.000 +0200,Image,127,PoljanskaGora_1,Unknown,Fležar,,1,0
2019-03-11 17:57:00.000 +0100,Image,131,Stojna_2,Unknown,Fležar,,1,0
2019-03-11 19:08:00.000 +0100,Image,147,Stojna_1,Unknown,Fležar,,1,0
2019-03-31 23:55:00.000 +0200,Image,147,Stojna_1,Unknown,Fležar,,1,0
2019-03-28 08:40:00.000 +0100,Image,124,Mala_Gora1,Z,Fležar,,1,0
2019-04-06 05:30:00.000 +0200,Image,124,Mala_Gora1,Z,Fležar,,1,0
2019-03-17 11:01:00.000 +0100,Image,124,Mala_Gora1,Z,Fležar,,1,0
2019-03-19 10:30:00.000 +0100,Image,124,Mala_Gora1,Z,Fležar,,1,0
2019-05-23 14:56:00.000 +0200,Image,143,Hrusica_1,M,Fležar,,1,0
2022-01-01 17:11:00.000 +0100,Image,225,Frida,Z,Iskrić,,1,0
2019-07-21 05:05:00.000 +0200,Image,148,Vida,Z,Toplicanec,,1,0
2019-06-07 16:13:00.000 +0200,Image,148,Vida,Z,Toplicanec,,1,0
2022-01-01 17:11:00.000 +0100,Image,361,Frida mladunac1 2021,Unknown,Iskrić,,1,0
2019-05-15 09:47:00.000 +0200,Image,76,L6 Velebit,Unknown,Selanec,,1,0
2019-05-11 18:09:00.000 +0200,Image,88,L9 Velebit,M,Rukavina,,1,0
2020-07-10 03:22:00.000 +0200,Image,223,Suzi,Z,Tomaić,,1,0
2019-07-30 23:55:00.000 +0200,Image,66,CRO583,M,Selanec,,1,0
2022-01-01 17:11:00.000 +0100,Image,363,Frida mladunac2 2021,Unknown,Iskrić,,1,0
2019-04-12 06:12:00.000 +0200,Image,143,Hrusica_1,M,Fležar,,1,0
2022-04-01 05:42:00.000 +0200,Image,210,Bjorn,M,Blašković,,1,0
2018-09-19 22:04:00.000 +0200,Image,85,CRO372_1,Z,Slijepčević,,1,0
2020-09-02 21:32:00.000 +0200,Image,181,Pandora L31,M,Tomaić,,1,0
2018-02-01 18:49:00.000 +0100,Image,77,Miška,Z,Slijepčević,,1,0
2018-04-14 20:36:00.000 +0200,Image,41,Martin L14,M,Slijepčević,,1,0
2018-04-11 23:48:00.000 +0200,Image,41,Martin L14,M,Slijepčević,,1,0
2018-09-03 03:35:00.000 +0200,Image,35,Stella L13,Unknown,Kusak,,4,3
2022-04-11 23:20:00.000 +0200,Image,14,Goran ZIP L09,M,Iskrić,,1,0
2019-08-19 05:26:00.000 +0200,Image,99,Godaca 2,Z,Gomerčić,,1,0
2019-05-01 01:50:00.000 +0200,Image,154,Silvia ,Z,Rukavina,,1,0
2020-06-23 12:33:00.000 +0200,Image,224,Prpa,M,Rukavina,,1,0
2019-08-09 09:38:00.000 +0200,Image,153,Malia,Unknown,Kusak,,1,
2017-09-18 16:29:00.000 +0200,Image,58,Plase,M,Kusak,,1,
2011-08-01 08:02:00.000 +0200,Image,56,Luce,Z,Kusak,,1,
2017-10-12 04:09:00.000 +0200,Image,37,Ivica L15,M,Kusak,,1,
2019-09-26 05:20:00.000 +0200,Caught,150,Rista L18,M,Slijepčević,,1,0
2022-05-15 02:26:00.000 +0200,Image,220,Šiljo,M,Iskrić,,1,0
2020-03-10 04:41:00.000 +0100,Image,113,CRO329_3,Z,Slijepčević,,1,0
2019-05-25 22:16:00.000 +0200,Image,72,Pačo,M,Tomaić,,1,0
2019-06-30 03:57:00.000 +0200,Image,72,Pačo,M,Tomaić,,1,0
2020-04-14 17:34:00.000 +0200,Image,4,Spot,Z,Slijepčević,,1,0
2019-09-16 18:32:00.000 +0200,Image,71,Milka,Z,Rukavina,,1,0
2019-09-19 18:38:00.000 +0200,Image,66,CRO583,M,Rukavina,,1,0
2019-09-02 20:53:00.000 +0200,Image,66,CRO583,M,Rukavina,,1,0
2017-04-04 22:03:00.000 +0200,Image,60,Sphynx,Unknown,Kusak,,1,
2017-03-06 19:38:00.000 +0100,Image,60,Sphynx,Unknown,Slijepčević,,1,0
2022-08-20 09:23:00.000 +0200,Image,366,Spot mladunac 2022,Unknown,Iskrić,,1,1
2019-11-18 04:32:00.000 +0100,Image,158,Enver,Unknown,Toplicanec,,1,0
2019-06-10 13:04:00.000 +0200,Image,154,Silvia ,Z,Rukavina,,1,0
2020-05-20 14:45:00.000 +0200,Image,4,Spot,Z,Slijepčević,,1,0
2018-10-24 12:09:00.000 +0200,Image,128,Rog_1,Z,Fležar,,1,1
2020-07-27 18:51:00.000 +0200,Image,220,Šiljo,M,Slijepčević,,1,0
2020-01-21 01:41:00.000 +0100,Image,43,Marko ZIP L16,M,Slijepčević,,1,0
2020-09-20 08:11:00.000 +0200,Image,43,Marko ZIP L16,M,Slijepčević,,1,0
2018-11-23 15:00:00.000 +0100,Hair,85,CRO372_1,Z,Slijepčević,,1,0
2018-02-12 18:00:00.000 +0100,Urine,45,Paul,M,Selanec,,1,0
2018-11-23 11:00:00.000 +0100,Hair,45,Paul,M,Slijepčević,,1,0
2019-03-09 17:00:00.000 +0100,Hair,77,Miška,Z,Slijepčević,,1,0
2019-01-11 16:00:00.000 +0100,Hair,77,Miška,Z,Slijepčević,,2,1
2020-03-07 17:16:00.000 +0100,Image,227,Lipa,Z,Slijepčević,,1,0
2019-09-19 06:07:00.000 +0200,Image,98,Fulir,Unknown,Gomerčić,,1,0
2019-03-07 07:00:00.000 +0100,Caught,110,Andreja L17,Z,Slijepčević,,1,0
2019-11-27 03:49:00.000 +0100,Caught,108,CRO277,Z,Slijepčević,,1,0
2020-08-09 18:28:00.000 +0200,Image,226,Novi Sveto Brdo,Unknown,Selanec,,1,0
2018-12-21 19:07:00.000 +0100,Image,133,VelikaGora_1,Z,Pagon,,1,1
2020-09-28 07:21:00.000 +0200,Image,218,Bojan,M,Slijepčević,,1,0
2020-03-16 04:14:00.000 +0100,Image,113,CRO329_3,Z,Slijepčević,,1,0
2020-08-07 03:07:00.000 +0200,Image,4,Spot,Z,Slijepčević,,1,0
2020-09-29 20:04:00.000 +0200,Image,4,Spot,Z,Slijepčević,,1,0
2020-10-11 18:05:00.000 +0200,Image,108,CRO277,Z,Slijepčević,,1,0
2019-08-31 10:27:00.000 +0200,Image,140,L13 Velebit,Z,Rukavina,,1,0
2020-08-10 21:12:00.000 +0200,Image,229,Bunker2,M,Slijepčević,,1,0
2020-10-03 22:43:00.000 +0200,Image,202,Vilim,M,Tomaić,,1,0
2019-10-17 22:55:00.000 +0200,Image,154,Silvia ,Z,Rukavina,,1,0
2019-02-15 06:10:00.000 +0100,Image,4,Spot,Z,Slijepčević,,1,0
2018-12-20 07:36:00.000 +0100,Image,4,Spot,Z,Slijepčević,,3,2
2018-12-19 15:38:00.000 +0100,Image,4,Spot,Z,Slijepčević,,3,2
2018-12-17 11:16:00.000 +0100,Image,4,Spot,Z,Slijepčević,,3,2
2018-12-11 01:20:00.000 +0100,Image,4,Spot,Z,Slijepčević,,3,2
2018-12-10 21:30:00.000 +0100,Image,4,Spot,Z,Slijepčević,,3,2
2018-09-15 05:52:00.000 +0200,Image,4,Spot,Z,Slijepčević,,1,0
2018-12-19 00:38:00.000 +0100,Image,4,Spot,Z,Slijepčević,,3,2
2019-05-30 21:24:00.000 +0200,Image,46,Damir,M,Slijepčević,,1,0
2020-10-18 19:06:00.000 +0200,Image,170,Orbis,Unknown,Blašković,,1,0
2020-10-12 16:18:00.000 +0200,Image,98,Fulir,Unknown,Blašković,,1,0
2019-10-01 04:14:00.000 +0200,Image,75,Iris,Z,Tomaić,,4,3
2019-08-15 12:35:00.000 +0200,Image,75,Iris,Z,Tomaić,,4,3
2019-11-10 18:31:00.000 +0100,Image,66,CRO583,M,Selanec,,1,0
2019-08-08 19:16:00.000 +0200,Image,88,L9 Velebit,M,Rukavina,,1,0
2020-10-08 23:18:00.000 +0200,Image,181,Pandora L31,M,Rukavina,,1,0
2019-05-12 07:19:00.000 +0200,Image,160,Dinara BiH,Unknown,Slijepčević,,1,0
2019-11-05 03:16:00.000 +0100,Image,72,Pačo,M,Gomerčić,,1,0
2020-01-30 09:58:00.000 +0100,Image,14,Goran ZIP L09,M,Modrić,,1,0
2019-05-21 18:42:00.000 +0200,Image,14,Goran ZIP L09,M,Toplicanec,,1,0
2019-09-04 20:32:00.000 +0200,Image,14,Goran ZIP L09,M,Toplicanec,,1,0
2019-06-01 20:37:00.000 +0200,Image,14,Goran ZIP L09,M,Toplicanec,,1,0
2019-06-04 07:12:00.000 +0200,Image,14,Goran ZIP L09,M,Toplicanec,,1,0
2019-10-15 06:42:00.000 +0200,Image,14,Goran ZIP L09,M,Toplicanec,,1,0
2019-11-20 02:44:00.000 +0100,Image,14,Goran ZIP L09,M,Toplicanec,,1,0
2019-10-20 05:46:00.000 +0200,Image,14,Goran ZIP L09,M,Toplicanec,,1,0
2018-12-28 02:31:00.000 +0100,Image,45,Paul,M,Slijepčević,,1,0
2019-12-28 00:12:00.000 +0100,Image,14,Goran ZIP L09,M,Toplicanec,,1,0
2019-12-04 22:49:00.000 +0100,Image,14,Goran ZIP L09,M,Toplicanec,,1,0
2020-01-07 20:35:00.000 +0100,Image,14,Goran ZIP L09,M,Toplicanec,,1,0
2020-02-06 19:26:00.000 +0100,Image,14,Goran ZIP L09,M,Toplicanec,,1,0
2019-12-14 19:54:00.000 +0100,Image,72,Pačo,M,Tomaić,,1,0
2019-12-13 17:19:00.000 +0100,Image,72,Pačo,M,Tomaić,,1,0
2019-11-25 05:05:00.000 +0100,Image,72,Pačo,M,Tomaić,,1,0
2019-08-25 15:30:00.000 +0200,Image,88,L9 Velebit,M,Tomaić,,1,0
2019-12-04 19:57:00.000 +0100,Image,166,Zarez,M,Toplicanec,,1,0
2019-12-21 20:08:00.000 +0100,Image,166,Zarez,M,Toplicanec,,1,0
2020-01-23 16:51:00.000 +0100,Image,166,Zarez,M,Toplicanec,,1,0
2020-02-11 13:16:00.000 +0100,Image,166,Zarez,M,Toplicanec,,1,0
2019-05-02 12:31:00.000 +0200,Image,88,L9 Velebit,M,Tomaić,,1,0
2019-05-09 16:45:00.000 +0200,Image,88,L9 Velebit,M,Tomaić,,1,0
2019-05-24 08:46:00.000 +0200,Image,88,L9 Velebit,M,Tomaić,,1,0
2019-08-17 03:52:00.000 +0200,Image,88,L9 Velebit,M,Tomaić,,1,0
2019-09-22 04:11:00.000 +0200,Image,165,Kazo L23 ,M,Toplicanec,,1,0
2019-11-12 22:57:00.000 +0100,Image,167,Mali,Unknown,Toplicanec,,1,0
2019-10-15 18:24:00.000 +0200,Image,45,Paul,M,Slijepčević,,1,0
2019-10-14 07:24:00.000 +0200,Image,4,Spot,Z,Slijepčević,,2,1
2019-10-14 07:24:00.000 +0200,Image,168,Spot_mladunac 2019,Unknown,Slijepčević,,2,1
2019-12-11 05:24:00.000 +0100,Image,45,Paul,M,Slijepčević,,1,0
2020-01-18 02:44:00.000 +0100,Image,45,Paul,M,Slijepčević,,1,0
2019-09-14 14:06:00.000 +0200,Image,43,Marko ZIP L16,M,Slijepčević,,1,0
2019-04-27 21:34:00.000 +0200,Image,43,Marko ZIP L16,M,Slijepčević,,1,0
2019-05-14 18:13:00.000 +0200,Image,113,CRO329_3,Z,Slijepčević,,1,0
2019-08-18 18:51:00.000 +0200,Image,77,Miška,Z,Slijepčević,,1,0
2019-09-03 08:56:00.000 +0200,Image,77,Miška,Z,Slijepčević,,1,0
2019-10-12 00:08:00.000 +0200,Image,77,Miška,Z,Slijepčević,,1,0
2019-10-19 17:17:00.000 +0200,Image,113,CRO329_3,Z,Slijepčević,,1,0
2019-11-04 16:53:00.000 +0100,Image,77,Miška,Z,Slijepčević,,1,0
2019-11-09 16:09:00.000 +0100,Image,113,CRO329_3,Z,Slijepčević,,1,0
2020-02-14 18:40:00.000 +0100,Image,113,CRO329_3,Z,Slijepčević,,1,0
2019-07-08 13:51:00.000 +0200,Image,4,Spot,Z,Slijepčević,,1,0
2019-07-13 09:30:00.000 +0200,Image,4,Spot,Z,Slijepčević,,2,1
2019-07-13 09:30:00.000 +0200,Image,168,Spot_mladunac 2019,Unknown,Slijepčević,,2,1
2019-07-14 06:46:00.000 +0200,Image,168,Spot_mladunac 2019,Unknown,Slijepčević,,1,1
2019-07-14 15:46:00.000 +0200,Image,4,Spot,Z,Slijepčević,,2,1
2019-07-14 15:46:00.000 +0200,Image,168,Spot_mladunac 2019,Unknown,Slijepčević,,2,1
2019-07-15 04:20:00.000 +0200,Image,4,Spot,Z,Slijepčević,,1,0
2019-07-15 09:47:00.000 +0200,Image,4,Spot,Z,Slijepčević,,1,0
2019-07-15 23:42:00.000 +0200,Image,4,Spot,Z,Slijepčević,,1,0
2019-07-16 05:58:00.000 +0200,Image,4,Spot,Z,Slijepčević,,1,0
2019-07-16 19:35:00.000 +0200,Image,4,Spot,Z,Slijepčević,,1,0
2019-07-17 00:14:00.000 +0200,Image,4,Spot,Z,Slijepčević,,1,0
2019-09-12 00:10:00.000 +0200,Image,4,Spot,Z,Slijepčević,,2,1
2019-09-12 00:10:00.000 +0200,Image,168,Spot_mladunac 2019,Unknown,Slijepčević,,2,1
2019-09-12 07:34:00.000 +0200,Image,4,Spot,Z,Slijepčević,,2,1
2019-09-12 07:34:00.000 +0200,Image,168,Spot_mladunac 2019,Unknown,Slijepčević,,2,1
2019-09-22 04:03:00.000 +0200,Image,4,Spot,Z,Slijepčević,,2,1
2019-09-22 04:03:00.000 +0200,Image,168,Spot_mladunac 2019,Unknown,Slijepčević,,2,1
2019-09-26 19:40:00.000 +0200,Image,4,Spot,Z,Slijepčević,,2,1
2019-09-26 19:40:00.000 +0200,Image,168,Spot_mladunac 2019,Unknown,Slijepčević,,2,1
2019-10-12 18:41:00.000 +0200,Image,45,Paul,M,Slijepčević,,1,0
2019-10-17 18:44:00.000 +0200,Image,4,Spot,Z,Slijepčević,,2,1
2019-10-17 18:44:00.000 +0200,Image,168,Spot_mladunac 2019,Unknown,Slijepčević,,2,1
2019-10-30 18:18:00.000 +0100,Image,4,Spot,Z,Slijepčević,,2,1
2019-10-30 18:18:00.000 +0100,Image,168,Spot_mladunac 2019,Unknown,Slijepčević,,2,1
2019-11-09 21:31:00.000 +0100,Image,168,Spot_mladunac 2019,Unknown,Slijepčević,,2,1
2019-11-09 10:03:00.000 +0100,Image,4,Spot,Z,Slijepčević,,2,1
2019-11-09 10:03:00.000 +0100,Image,168,Spot_mladunac 2019,Unknown,Slijepčević,,2,1
2019-11-10 04:20:00.000 +0100,Image,4,Spot,Z,Slijepčević,,1,0
2019-11-10 04:20:00.000 +0100,Image,168,Spot_mladunac 2019,Unknown,Slijepčević,,1,0
2019-11-20 04:19:00.000 +0100,Image,45,Paul,M,Slijepčević,,1,0
2019-11-28 23:17:00.000 +0100,Image,45,Paul,M,Slijepčević,,1,0
2011-11-08 23:51:50.000 +0100,Image,77,Miška,Z,Slijepčević,,1,0
2011-11-09 00:08:43.000 +0100,Image,77,Miška,Z,Slijepčević,,1,0
2011-12-27 00:36:55.000 +0100,Image,77,Miška,Z,Slijepčević,,1,0
2012-02-27 22:40:54.000 +0100,Image,77,Miška,Z,Slijepčević,,1,0
2012-05-02 14:08:58.000 +0200,Image,1,Darko,M,Slijepčević,,1,0
2012-05-08 04:19:39.000 +0200,Image,77,Miška,Z,Slijepčević,,1,0
2012-08-22 03:23:18.000 +0200,Image,77,Miška,Z,Slijepčević,,1,0
2012-09-04 14:43:07.000 +0200,Image,77,Miška,Z,Slijepčević,,1,0
2012-09-17 02:51:50.000 +0200,Image,77,Miška,Z,Slijepčević,,1,0
2012-09-29 02:15:15.000 +0200,Image,77,Miška,Z,Slijepčević,,1,0
2012-11-04 17:40:09.000 +0100,Image,77,Miška,Z,Slijepčević,,1,0
2012-11-15 17:48:49.000 +0100,Image,77,Miška,Z,Slijepčević,,1,0
2012-11-19 05:48:42.000 +0100,Image,77,Miška,Z,Slijepčević,,1,0
2012-11-21 16:24:02.000 +0100,Image,77,Miška,Z,Slijepčević,,1,0
2012-12-18 00:42:19.000 +0100,Image,2,Luna L05,Z,Slijepčević,,1,0
2012-12-18 16:04:03.000 +0100,Image,2,Luna L05,Z,Slijepčević,,1,0
2013-08-05 22:59:24.000 +0200,Image,77,Miška,Z,Slijepčević,,1,0
2013-09-19 00:36:18.000 +0200,Image,3,Solo,Unknown,Slijepčević,,1,0
2013-09-21 04:00:03.000 +0200,Image,77,Miška,Z,Slijepčević,,1,0
2013-10-06 23:51:20.000 +0200,Image,77,Miška,Z,Slijepčević,,1,0
2013-11-09 03:52:52.000 +0100,Image,77,Miška,Z,Slijepčević,,1,0
2013-11-11 06:01:08.000 +0100,Image,3,Solo,Unknown,Slijepčević,,1,0
2013-11-18 15:29:22.000 +0100,Image,3,Solo,Unknown,Slijepčević,,1,0
2013-11-25 16:44:21.000 +0100,Image,3,Solo,Unknown,Slijepčević,,1,0
2013-12-17 16:21:04.000 +0100,Image,2,Luna L05,Z,Slijepčević,,1,0
2014-01-19 03:35:53.000 +0100,Image,3,Solo,Unknown,Slijepčević,,1,0
2014-03-24 04:43:39.000 +0100,Image,2,Luna L05,Z,Slijepčević,,1,0
2014-03-25 15:53:19.000 +0100,Image,2,Luna L05,Z,Slijepčević,,1,0
2014-05-05 17:45:29.000 +0200,Image,77,Miška,Z,Slijepčević,,1,0
2014-06-27 07:09:45.000 +0200,Image,4,Spot,Z,Slijepčević,,1,0
2019-08-11 20:26:00.000 +0200,Image,169,CRO329_5,Unknown,Slijepčević,,1,0
2020-05-03 22:51:00.000 +0200,Image,223,Suzi,Z,Tomaić,,1,0
2020-07-21 18:57:00.000 +0200,Image,223,Suzi,Z,Tomaić,,1,0
2020-08-04 22:59:00.000 +0200,Image,180,Buna,Z,Rukavina,,1,0
2019-08-14 14:33:00.000 +0200,Image,169,CRO329_5,Unknown,Slijepčević,,1,0
2019-08-26 20:51:00.000 +0200,Image,169,CRO329_5,Unknown,Slijepčević,,1,0
2022-04-02 19:39:00.000 +0200,Image,210,Bjorn,M,Blašković,,1,0
2019-09-19 18:38:00.000 +0200,Image,169,CRO329_5,Unknown,Slijepčević,,1,0
2019-11-12 08:21:00.000 +0100,Image,159,L15 Velebit,Z,Tomaić,,1,0
2011-08-07 04:51:00.000 +0200,Image,172,Dina,Z,Slijepčević,,1,0
2011-10-14 03:40:00.000 +0200,Image,172,Dina,Z,Slijepčević,,1,0
2011-10-27 07:54:00.000 +0200,Image,172,Dina,Z,Slijepčević,,1,0
2019-09-30 07:39:00.000 +0200,Image,113,CRO329_3,Z,Slijepčević,,1,0
2019-11-07 23:26:00.000 +0100,Image,148,Vida,Z,Toplicanec,,1,0
2019-02-17 16:20:00.000 +0100,Image,102,CRO327,M,Modrić,,1,0
2019-05-31 06:03:00.000 +0200,Image,66,CRO583,M,Selanec,,1,0
2020-07-16 17:25:00.000 +0200,Image,188,Lux,Z,Rukavina,,1,0
2011-09-15 16:44:00.000 +0200,Image,16,Tomo L08,M,Slijepčević,,1,0
2011-09-30 09:21:00.000 +0200,Image,16,Tomo L08,M,Slijepčević,,1,0
2011-09-30 16:34:00.000 +0200,Image,16,Tomo L08,M,Slijepčević,,1,0
2011-10-04 07:45:00.000 +0200,Image,16,Tomo L08,M,Slijepčević,,1,0
2011-10-08 09:55:00.000 +0200,Image,16,Tomo L08,M,Slijepčević,,1,0
2011-11-09 04:39:00.000 +0100,Image,16,Tomo L08,M,Slijepčević,,1,0
2011-11-18 00:04:00.000 +0100,Image,16,Tomo L08,M,Slijepčević,,1,0
2011-12-06 21:04:00.000 +0100,Image,16,Tomo L08,M,Slijepčević,,1,0
2011-12-27 23:45:00.000 +0100,Image,16,Tomo L08,M,Slijepčević,,1,0
2012-01-02 21:30:00.000 +0100,Image,16,Tomo L08,M,Slijepčević,,1,0
2012-01-16 15:31:00.000 +0100,Image,16,Tomo L08,M,Slijepčević,,1,0
2012-01-16 19:19:00.000 +0100,Image,16,Tomo L08,M,Slijepčević,,1,0
2012-02-22 03:31:00.000 +0100,Image,16,Tomo L08,M,Slijepčević,,1,0
2012-03-20 01:06:00.000 +0100,Image,16,Tomo L08,M,Slijepčević,,1,0
2012-03-20 17:12:00.000 +0100,Image,16,Tomo L08,M,Slijepčević,,1,0
2012-03-22 16:54:00.000 +0100,Image,16,Tomo L08,M,Slijepčević,,1,0
2012-03-23 21:50:00.000 +0100,Image,16,Tomo L08,M,Slijepčević,,1,0
2012-03-23 22:57:00.000 +0100,Image,16,Tomo L08,M,Slijepčević,,1,0
2012-03-24 09:10:00.000 +0100,Image,16,Tomo L08,M,Slijepčević,,1,0
2012-03-25 21:59:00.000 +0200,Image,16,Tomo L08,M,Slijepčević,,1,0
2012-03-25 23:06:00.000 +0200,Image,16,Tomo L08,M,Slijepčević,,1,0
2012-04-12 22:42:00.000 +0200,Image,16,Tomo L08,M,Slijepčević,,1,0
2012-04-15 23:00:00.000 +0200,Image,16,Tomo L08,M,Slijepčević,,1,0
2012-04-16 01:34:00.000 +0200,Image,16,Tomo L08,M,Slijepčević,,1,0
2012-04-16 02:42:00.000 +0200,Image,16,Tomo L08,M,Slijepčević,,1,0
2012-04-16 06:26:00.000 +0200,Image,16,Tomo L08,M,Slijepčević,,1,0
2012-04-18 20:25:00.000 +0200,Image,16,Tomo L08,M,Slijepčević,,1,0
2012-05-08 17:59:00.000 +0200,Image,16,Tomo L08,M,Slijepčević,,1,0
2012-05-08 18:01:00.000 +0200,Image,16,Tomo L08,M,Slijepčević,,1,0
2012-05-08 22:15:00.000 +0200,Image,16,Tomo L08,M,Slijepčević,,1,0
2012-05-14 02:11:00.000 +0200,Image,16,Tomo L08,M,Slijepčević,,1,0
2012-05-17 02:35:00.000 +0200,Image,16,Tomo L08,M,Slijepčević,,1,0
2012-05-18 03:46:00.000 +0200,Image,16,Tomo L08,M,Slijepčević,,1,0
2012-07-07 09:17:00.000 +0200,Image,16,Tomo L08,M,Slijepčević,,1,0
2012-07-17 01:01:00.000 +0200,Image,16,Tomo L08,M,Slijepčević,,1,0
2012-08-15 08:50:00.000 +0200,Image,16,Tomo L08,M,Slijepčević,,1,0
2012-09-24 00:40:00.000 +0200,Image,16,Tomo L08,M,Slijepčević,,1,0
2012-09-26 17:08:00.000 +0200,Image,16,Tomo L08,M,Slijepčević,,1,0
2012-10-01 02:00:00.000 +0200,Image,16,Tomo L08,M,Slijepčević,,1,0
2012-10-09 02:37:00.000 +0200,Image,16,Tomo L08,M,Slijepčević,,1,0
2012-10-23 22:11:00.000 +0200,Image,16,Tomo L08,M,Slijepčević,,1,0
2012-10-24 23:21:00.000 +0200,Image,16,Tomo L08,M,Slijepčević,,1,0
2012-11-06 17:42:00.000 +0100,Image,16,Tomo L08,M,Slijepčević,,1,0
2012-11-11 06:54:00.000 +0100,Image,16,Tomo L08,M,Slijepčević,,1,0
2012-11-18 03:38:00.000 +0100,Image,16,Tomo L08,M,Slijepčević,,1,0
2012-11-25 01:52:00.000 +0100,Image,16,Tomo L08,M,Slijepčević,,1,0
2019-12-28 03:50:00.000 +0100,Image,174,Irena,Z,Tomaić,,1,0
2022-04-24 21:32:00.000 +0200,Image,14,Goran ZIP L09,M,Iskrić,,1,0
2019-08-09 19:49:00.000 +0200,Image,174,Irena,Z,Tomaić,,1,0
2019-12-11 03:02:00.000 +0100,Image,173,Josip L29,M,Tomaić,,1,0
2019-12-19 05:02:00.000 +0100,Image,173,Josip L29,M,Tomaić,,1,0
2019-12-24 14:55:00.000 +0100,Image,173,Josip L29,M,Tomaić,,1,0
2019-12-25 18:18:00.000 +0100,Image,173,Josip L29,M,Tomaić,,2,0
2019-12-25 18:18:00.000 +0100,Image,174,Irena,Z,Tomaić,,2,0
2014-09-13 19:49:00.000 +0200,Image,27,Nik,Unknown,Sindičić,,1,0
2020-03-04 07:00:00.000 +0100,Image,150,Rista L18,M,Toplicanec,,1,0
2020-02-20 06:00:00.000 +0100,Caught,165,Kazo L23 ,M,Toplicanec,,1,0
2019-12-27 04:21:00.000 +0100,Image,72,Pačo,M,Tomaić,,1,0
2014-08-21 00:00:00.000 +0200,Image,27,Nik,Unknown,Tomaić,,1,0
2019-03-24 19:08:00.000 +0100,Image,27,Nik,Unknown,Toplicanec,,1,0
2020-07-26 23:34:00.000 +0200,Image,224,Prpa,M,Rukavina,,1,0
2022-05-21 01:43:00.000 +0200,Image,275,Mila,Unknown,Iskrić,,1,0
2020-02-02 18:55:00.000 +0100,Image,4,Spot,Z,Slijepčević,,2,1
2020-02-02 18:55:00.000 +0100,Image,168,Spot_mladunac 2019,Unknown,Slijepčević,,2,1
2022-08-20 14:55:00.000 +0200,Image,4,Spot,Z,Iskrić,,2,1
2019-03-25 07:50:00.000 +0100,Image,67,CRO584,Unknown,Selanec,,1,0
2019-09-11 20:26:00.000 +0200,Image,177,Saborsko,Unknown,Toplicanec,,1,0
2020-08-13 17:59:00.000 +0200,Image,4,Spot,Z,Slijepčević,,1,0
2020-06-09 21:36:00.000 +0200,Image,43,Marko ZIP L16,M,Slijepčević,,1,0
2019-11-29 15:59:00.000 +0100,Image,88,L9 Velebit,M,Tomaić,,1,1
2019-06-28 20:33:00.000 +0200,Image,72,Pačo,M,Tomaić,,2,0
2019-06-28 20:33:00.000 +0200,Image,75,Iris,Z,Tomaić,,2,0
2019-05-07 23:37:00.000 +0200,Image,178,CRO328_1,M,Slijepčević,,1,0
2020-09-22 20:09:00.000 +0200,Image,85,CRO372_1,Z,Slijepčević,,1,0
2020-09-10 11:19:00.000 +0200,Image,228,Mladen LCRO24,M,Slijepčević,,1,0
2019-03-15 03:00:00.000 +0100,Image,179,Larisa Ares,Unknown,Gomerčić,,1,0
