slikana_strana_zivotinje,oznaka,prezime,spol,datum_vrijeme,broj_zivotinja,broj_mladih
desna,Abel,Tomaić,M,2011-10-24 19:46:00.000 +0200,1,0
desna,Abel,Tomaić,M,2012-03-05 04:08:00.000 +0100,1,0
lijeva,Abel,Tomaić,M,2012-05-15 18:19:00.000 +0200,1,0
lijeva,Alf,Selanec,M,2021-01-03 06:45:00.000 +0100,1,0
none,Alf,Fabijanić,M,2021-02-08 08:41:00.000 +0100,1,0
desna,Alojzije L24,Blašković,M,2021-04-23 00:54:00.000 +0200,1,0
desna,Alojzije L24,Blašković,M,2021-08-31 10:01:00.000 +0200,1,0
desna,Alojzije L24,Fabijanić,M,2021-12-18 20:12:00.000 +0100,1,0
desna,Alojzije L24,Fabijanić,M,2022-01-22 05:01:00.000 +0100,1,0
desna,Alojzije L24,Selanec,M,2020-05-20 05:57:00.000 +0200,1,0
desna,Alojzije L24,Selanec,M,2020-07-04 19:24:00.000 +0200,1,0
desna,Alojzije L24,Toplicanec,M,2021-04-05 22:45:00.000 +0200,1,0
desna,Alojzije L24,Toplicanec,M,2021-05-09 07:36:00.000 +0200,1,0
desna,Alojzije L24,Toplicanec,M,2021-09-29 04:50:00.000 +0200,1,0
desna,Alojzije L24,Toplicanec,M,2021-12-18 20:12:00.000 +0100,1,0
front,Alojzije L24,Toplicanec,M,2020-03-13 15:00:00.000 +0100,1,0
lijeva,Alojzije L24,Blašković,M,2021-05-28 15:48:00.000 +0200,1,0
lijeva,Alojzije L24,Budinski,M,2021-10-23 21:30:00.000 +0200,1,0
lijeva,Alojzije L24,Fabijanić,M,2021-10-23 22:30:00.000 +0200,1,0
lijeva,Alojzije L24,Fabijanić,M,2022-01-05 21:12:00.000 +0100,1,0
lijeva,Alojzije L24,Selanec,M,2020-07-12 06:39:00.000 +0200,1,0
lijeva,Alojzije L24,Toplicanec,M,2021-08-31 10:00:00.000 +0200,1,0
lijeva,Alojzije L24,Špalj,M,2024-01-11 06:21:00.000 +0100,1,0
none,Alojzije L24,Fabijanić,M,2022-01-18 09:40:00.000 +0100,1,0
none,Alojzije L24,Fabijanić,M,2022-02-27 22:07:00.000 +0100,1,0
none,Alojzije L24,Fabijanić,M,2023-02-14 07:43:00.000 +0100,1,0
none,Alojzije L24,Gomerčić,M,2020-09-27 00:00:00.000 +0200,1,0
none,Alojzije L24,Selanec,M,2021-05-02 12:00:00.000 +0200,1,0
none,Alojzije L24,Toplicanec,M,2020-05-29 12:00:00.000 +0200,1,0
desna,Amber,Gomerčić,Unknown,2020-11-09 00:30:00.000 +0100,1,0
desna,Amber,Gomerčić,Unknown,2020-11-19 05:53:00.000 +0100,1,0
desna,Amir,Iskrić,M,2022-04-23 09:14:00.000 +0200,1,0
lijeva,Amir,Iskrić,M,2022-04-23 09:14:00.000 +0200,1,0
desna,Andreja L17,Slijepčević,Z,2019-03-07 07:00:00.000 +0100,1,0
desna,Andreja L17,Čmelar,Z,2023-04-03 04:10:00.000 +0200,1,0
front,Andreja L17,Slijepčević,Z,2019-07-31 19:58:00.000 +0200,1,0
lijeva,Andreja L17,Slijepčević,Z,2019-03-07 07:00:00.000 +0100,1,0
lijeva,Anton,Selanec,Unknown,2019-07-25 12:07:00.000 +0200,1,0
desna,Arabella,Rukavina,Unknown,2021-10-16 03:30:00.000 +0200,3,2
lijeva,Arabella,Blašković,Unknown,2023-01-02 01:13:00.000 +0100,1,0
lijeva,Arabella,Rukavina,Unknown,2021-10-16 03:30:00.000 +0200,3,2
lijeva,Arne,Kusak,Unknown,2023-03-23 19:54:00.000 +0100,2,0
lijeva,Bast,Kusak,M,2015-04-21 09:19:00.000 +0200,1,0
desna,Bela Gama,Slijepčević,Z,2020-04-14 10:34:00.000 +0200,1,0
lijeva,Bela Gama,Slijepčević,Z,2020-04-14 10:34:00.000 +0200,1,0
none,Bela L01,Gomerčić,Z,2001-12-16 03:00:00.000 +0100,1,
desna,Benjamin,Blašković,Unknown,2022-07-08 08:50:00.000 +0200,1,0
desna,Benjamin,Blašković,Unknown,2022-08-27 05:22:00.000 +0200,1,0
desna,Benjamin,Frketić,Unknown,2022-08-14 03:31:00.000 +0200,1,0
desna,Benjamin,Frketić,Unknown,2023-07-21 03:35:00.000 +0200,1,0
desna,Benjamin,Selanec,Unknown,2022-03-09 13:49:00.000 +0100,1,0
desna,Benjamin,Selanec,Unknown,2022-05-13 00:42:00.000 +0200,1,0
lijeva,Benjamin,Blašković,Unknown,2022-08-02 10:25:00.000 +0200,1,0
lijeva,Benjamin,Frketić,Unknown,2023-01-10 02:40:00.000 +0100,1,0
none,Benjamin,Fabijanić,Unknown,2023-01-10 07:16:00.000 +0100,1,0
desna,Beta,Tomaić,Unknown,2012-01-25 12:04:00.000 +0100,1,0
lijeva,Beta,Tomaić,Unknown,2013-10-13 23:37:00.000 +0200,1,0
lijeva,Beta,Tomaić,Unknown,2014-05-02 05:07:00.000 +0200,1,0
desna,Bijelo uho,Kusak,Unknown,2014-07-18 10:27:00.000 +0200,1,0
desna,Bijelo uho,Kusak,Unknown,2014-08-03 14:20:00.000 +0200,1,0
desna,Bill,Tomaić,Unknown,2013-05-12 18:34:00.000 +0200,1,0
lijeva,Bill,Tomaić,Unknown,2013-03-08 13:28:00.000 +0100,1,0
desna,Bjorn,Blašković,M,2020-12-20 16:50:00.000 +0100,1,0
desna,Bjorn,Blašković,M,2021-01-01 04:12:00.000 +0100,1,0
desna,Bjorn,Blašković,M,2021-01-31 05:44:00.000 +0100,1,0
desna,Bjorn,Blašković,M,2021-02-14 08:05:00.000 +0100,1,0
desna,Bjorn,Blašković,M,2021-02-15 05:20:00.000 +0100,1,0
desna,Bjorn,Blašković,M,2021-02-16 03:20:00.000 +0100,1,0
desna,Bjorn,Blašković,M,2021-02-21 08:27:00.000 +0100,1,0
desna,Bjorn,Blašković,M,2021-02-23 22:49:00.000 +0100,1,0
desna,Bjorn,Blašković,M,2021-03-23 21:10:00.000 +0100,1,0
desna,Bjorn,Blašković,M,2021-04-29 04:13:00.000 +0200,1,0
desna,Bjorn,Blašković,M,2021-05-19 04:46:00.000 +0200,1,0
desna,Bjorn,Blašković,M,2021-06-12 20:19:00.000 +0200,1,0
desna,Bjorn,Blašković,M,2021-12-04 19:22:00.000 +0100,1,0
desna,Bjorn,Blašković,M,2021-12-10 09:21:00.000 +0100,1,0
desna,Bjorn,Blašković,M,2021-12-15 17:40:00.000 +0100,1,0
desna,Bjorn,Blašković,M,2021-12-21 03:41:00.000 +0100,1,0
desna,Bjorn,Blašković,M,2022-01-22 18:40:00.000 +0100,1,0
desna,Bjorn,Blašković,M,2022-01-27 06:04:00.000 +0100,1,0
desna,Bjorn,Blašković,M,2022-02-09 17:43:00.000 +0100,1,0
desna,Bjorn,Blašković,M,2022-02-18 02:16:00.000 +0100,1,0
desna,Bjorn,Blašković,M,2022-03-21 01:20:00.000 +0100,1,0
desna,Bjorn,Blašković,M,2022-03-28 05:39:00.000 +0200,1,0
desna,Bjorn,Blašković,M,2022-04-01 05:42:00.000 +0200,1,0
desna,Bjorn,Blašković,M,2022-04-02 19:39:00.000 +0200,1,0
desna,Bjorn,Blašković,M,2022-04-02 20:31:00.000 +0200,1,0
desna,Bjorn,Blašković,M,2023-02-03 18:12:00.000 +0100,1,0
desna,Bjorn,Blašković,M,2023-02-03 21:08:00.000 +0100,1,0
desna,Bjorn,Blašković,M,2023-03-07 20:37:00.000 +0100,1,0
desna,Bjorn,Blašković,M,2023-03-29 21:55:00.000 +0200,1,0
desna,Bjorn,Blašković,M,2023-04-19 06:58:00.000 +0200,1,0
desna,Bjorn,Gomerčić,M,2020-12-08 01:24:00.000 +0100,1,0
desna,Bjorn,Gomerčić,M,2021-09-30 07:22:00.000 +0200,1,0
desna,Bjorn,Gomerčić,M,2021-11-11 23:04:00.000 +0100,1,0
desna,Bjorn,Gomerčić,M,2021-11-19 01:40:00.000 +0100,1,0
desna,Bjorn,Ivanov,M,2019-09-07 16:54:00.000 +0200,1,0
desna,Bjorn,Ivanov,M,2020-02-10 15:32:00.000 +0100,1,0
desna,Bjorn,Sindičić,M,2022-11-26 20:01:00.000 +0100,1,0
desna,Bjorn,Sindičić,M,2022-11-26 20:53:00.000 +0100,1,0
desna,Bjorn,Sindičić,M,2022-12-02 21:35:00.000 +0100,1,0
desna,Bjorn,Sindičić,M,2022-12-17 06:45:00.000 +0100,1,0
desna,Bjorn,Sindičić,M,2022-12-17 11:07:00.000 +0100,1,0
desna,Bjorn,Toplicanec,M,2024-03-12 21:40:00.000 +0100,1,0
desna,Bjorn,Toplicanec,M,2024-03-16 15:40:00.000 +0100,1,0
front,Bjorn,Ivanov,M,2020-02-10 15:32:00.000 +0100,1,0
lijeva,Bjorn,Blašković,M,2020-12-20 16:50:00.000 +0100,1,0
lijeva,Bjorn,Blašković,M,2021-01-13 00:02:00.000 +0100,1,0
lijeva,Bjorn,Blašković,M,2021-01-18 03:59:00.000 +0100,1,0
lijeva,Bjorn,Blašković,M,2021-02-09 22:15:00.000 +0100,1,0
lijeva,Bjorn,Blašković,M,2021-02-15 05:20:00.000 +0100,1,0
lijeva,Bjorn,Blašković,M,2021-02-21 08:27:00.000 +0100,1,0
lijeva,Bjorn,Blašković,M,2021-03-23 21:10:00.000 +0100,1,0
lijeva,Bjorn,Blašković,M,2021-04-26 00:06:00.000 +0200,1,0
lijeva,Bjorn,Blašković,M,2021-05-24 01:03:00.000 +0200,1,0
lijeva,Bjorn,Blašković,M,2021-06-12 20:19:00.000 +0200,1,0
lijeva,Bjorn,Blašković,M,2021-07-29 03:09:00.000 +0200,1,0
lijeva,Bjorn,Blašković,M,2021-12-04 19:22:00.000 +0100,1,0
lijeva,Bjorn,Blašković,M,2021-12-10 09:21:00.000 +0100,1,0
lijeva,Bjorn,Blašković,M,2021-12-21 03:41:00.000 +0100,1,0
lijeva,Bjorn,Blašković,M,2022-01-22 18:40:00.000 +0100,1,0
lijeva,Bjorn,Blašković,M,2022-02-09 17:43:00.000 +0100,1,0
lijeva,Bjorn,Blašković,M,2022-02-18 02:16:00.000 +0100,1,0
lijeva,Bjorn,Blašković,M,2022-03-13 18:43:00.000 +0100,1,0
lijeva,Bjorn,Blašković,M,2022-03-20 23:09:00.000 +0100,1,0
lijeva,Bjorn,Blašković,M,2022-03-26 15:18:00.000 +0100,1,0
lijeva,Bjorn,Blašković,M,2022-03-30 15:17:00.000 +0200,1,0
lijeva,Bjorn,Blašković,M,2022-03-31 17:14:00.000 +0200,1,0
lijeva,Bjorn,Blašković,M,2022-04-04 22:56:00.000 +0200,1,0
lijeva,Bjorn,Blašković,M,2022-04-19 13:31:00.000 +0200,1,0
lijeva,Bjorn,Blašković,M,2022-05-11 16:14:00.000 +0200,1,0
lijeva,Bjorn,Blašković,M,2022-05-13 11:56:00.000 +0200,1,0
lijeva,Bjorn,Blašković,M,2022-06-01 06:07:00.000 +0200,1,0
lijeva,Bjorn,Blašković,M,2022-10-10 09:29:00.000 +0200,1,0
lijeva,Bjorn,Blašković,M,2022-11-22 03:16:00.000 +0100,1,0
lijeva,Bjorn,Blašković,M,2022-12-24 04:53:00.000 +0100,1,0
lijeva,Bjorn,Blašković,M,2022-12-25 16:44:00.000 +0100,1,0
lijeva,Bjorn,Blašković,M,2023-01-03 02:40:00.000 +0100,1,0
lijeva,Bjorn,Blašković,M,2023-01-28 17:33:00.000 +0100,1,0
lijeva,Bjorn,Blašković,M,2023-02-18 22:59:00.000 +0100,1,0
lijeva,Bjorn,Blašković,M,2023-03-03 14:34:00.000 +0100,1,0
lijeva,Bjorn,Gomerčić,M,2020-12-08 01:24:00.000 +0100,1,0
lijeva,Bjorn,Gomerčić,M,2021-11-11 23:04:00.000 +0100,1,0
lijeva,Bjorn,Gomerčić,M,2021-11-19 01:40:00.000 +0100,1,0
none,Bjorn,Blašković,M,2021-08-01 21:25:00.000 +0200,1,0
back,Bojan,Iskrić,M,2020-10-22 07:30:00.000 +0200,1,0
back,Bojan,Iskrić,M,2020-11-25 01:35:00.000 +0100,1,0
back,Bojan,Slijepčević,M,2020-09-24 12:50:00.000 +0200,1,0
desna,Bojan,Iskrić,M,2020-10-22 07:30:00.000 +0200,1,0
desna,Bojan,Iskrić,M,2020-11-09 20:29:00.000 +0100,1,0
desna,Bojan,Iskrić,M,2020-11-25 01:35:00.000 +0100,1,0
desna,Bojan,Slijepčević,M,2020-09-28 07:21:00.000 +0200,1,0
front,Bojan,Iskrić,M,2020-11-13 23:29:00.000 +0100,1,0
front,Bojan,Iskrić,M,2020-11-19 04:04:00.000 +0100,1,0
front,Bojan,Slijepčević,M,2020-09-28 07:21:00.000 +0200,1,0
lijeva,Bojan,Iskrić,M,2020-11-09 20:29:00.000 +0100,1,0
lijeva,Bojan,Iskrić,M,2020-11-19 04:04:00.000 +0100,1,0
none,Bojan,Blašković,M,2021-02-13 17:00:00.000 +0100,1,0
desna,Bora,Blašković,Unknown,2022-03-18 16:39:00.000 +0100,1,0
back,Boris,Iskrić,M,2021-10-05 20:58:00.000 +0200,1,0
back,Boris,Iskrić,M,2022-04-11 04:01:00.000 +0200,1,0
desna,Boris,Iskrić,M,2021-09-25 23:41:00.000 +0200,1,0
desna,Boris,Iskrić,M,2021-10-05 20:58:00.000 +0200,1,0
desna,Boris,Iskrić,M,2022-01-29 02:54:00.000 +0100,1,0
desna,Boris,Iskrić,M,2022-04-11 04:01:00.000 +0200,1,0
desna,Boris,Slijepčević,M,2023-01-16 04:11:00.000 +0100,1,0
desna,Boris,Slijepčević,M,2023-03-27 04:19:00.000 +0200,1,0
desna,Boris,Slijepčević,M,2023-05-09 20:21:00.000 +0200,1,0
front,Boris,Iskrić,M,2022-03-26 05:52:00.000 +0100,1,0
lijeva,Boris,Blašković,M,2022-12-20 17:18:00.000 +0100,1,0
lijeva,Boris,Iskrić,M,2021-09-25 23:41:00.000 +0200,1,0
lijeva,Boris,Iskrić,M,2021-12-07 20:03:00.000 +0100,1,0
lijeva,Boris,Iskrić,M,2022-03-26 05:52:00.000 +0100,1,0
lijeva,Boris,Slijepčević,M,2020-09-17 11:47:00.000 +0200,1,0
lijeva,Boris,Slijepčević,M,2023-01-02 04:55:00.000 +0100,1,0
lijeva,Boris,Slijepčević,M,2023-10-17 12:00:00.000 +0200,1,0
none,Boris,Blašković,M,2021-05-24 12:00:00.000 +0200,1,0
none,Boris,Gomerčić,M,2020-10-23 00:00:00.000 +0200,1,0
none,Boris,Slijepčević,M,2020-07-19 09:00:00.000 +0200,1,0
none,Boris,Slijepčević,M,2020-10-02 09:00:00.000 +0200,1,0
none,Boris,Slijepčević,M,2020-10-02 10:30:00.000 +0200,1,
desna,Brlog,Iskrić,Unknown,2022-03-04 08:12:00.000 +0100,1,0
desna,Brlog,Čmelar,Unknown,2023-02-24 21:08:00.000 +0100,1,0
front,Brlog,Iskrić,Unknown,2022-03-04 08:12:00.000 +0100,1,0
lijeva,Brlog,Čmelar,Unknown,2023-02-24 21:08:00.000 +0100,1,0
back,Buna,Rukavina,Z,2019-12-28 08:54:00.000 +0100,1,0
desna,Buna,Rukavina,Z,2020-09-09 06:37:00.000 +0200,1,0
desna,Buna,Rukavina,Z,2021-08-09 07:21:00.000 +0200,1,0
desna,Buna,Rukavina,Z,2021-10-16 03:30:00.000 +0200,3,2
desna,Buna,Tomaić,Z,2020-08-12 04:15:00.000 +0200,1,0
desna,Buna,Tomaić,Z,2022-09-23 06:41:00.000 +0200,1,0
front,Buna,Tomaić,Z,2018-10-19 04:28:00.000 +0200,1,0
lijeva,Buna,Blašković,Z,2023-01-31 19:11:00.000 +0100,1,0
lijeva,Buna,Rukavina,Z,2020-08-04 22:59:00.000 +0200,1,0
lijeva,Buna,Rukavina,Z,2020-08-10 07:03:00.000 +0200,1,0
lijeva,Buna,Rukavina,Z,2020-08-24 07:15:00.000 +0200,1,0
lijeva,Buna,Rukavina,Z,2020-09-07 04:11:00.000 +0200,1,0
lijeva,Buna,Rukavina,Z,2021-10-16 03:30:00.000 +0200,3,2
lijeva,Buna,Tomaić,Z,2018-06-29 20:20:00.000 +0200,1,0
lijeva,Buna,Tomaić,Z,2018-10-19 04:28:00.000 +0200,1,0
lijeva,Buna,Tomaić,Z,2022-09-23 06:41:00.000 +0200,1,0
lijeva,Buna,Toplicanec,Z,2019-03-29 06:20:00.000 +0100,1,0
none,Buna,Tomaić,Z,2018-10-19 04:28:00.000 +0200,1,0
none,Buna,Tomaić,Z,2018-11-01 09:30:00.000 +0100,1,0
desna,Bunker2,Slijepčević,M,2020-08-10 21:12:00.000 +0200,1,0
lijeva,Bunker2,Slijepčević,M,2020-08-10 21:12:00.000 +0200,1,0
desna,Burni ZIP L12,Modrić,M,2016-11-29 12:54:00.000 +0100,1,0
desna,Burni ZIP L12,Reljić,M,2017-03-11 13:00:00.000 +0100,1,0
desna,Burni ZIP L12,Sindičić,M,2017-02-25 16:00:00.000 +0100,1,0
lijeva,Burni ZIP L12,Sindičić,M,2016-12-23 00:00:00.000 +0100,1,0
none,Burni ZIP L12,Kusak,M,2016-04-01 04:44:00.000 +0200,1,0
desna,CRO230,Slijepčević,Unknown,2018-05-01 00:00:00.000 +0200,1,0
desna,CRO231,Slijepčević,Z,2018-11-08 01:13:00.000 +0100,1,0
desna,CRO231,Slijepčević,Z,2019-04-02 17:09:00.000 +0200,1,0
desna,CRO231,Slijepčević,Z,2019-11-14 21:14:00.000 +0100,3,2
lijeva,CRO231,Slijepčević,Z,2018-11-08 01:13:00.000 +0100,1,0
desna,CRO277,Slijepčević,Z,2018-08-03 04:49:00.000 +0200,1,0
desna,CRO277,Slijepčević,Z,2018-11-25 08:27:00.000 +0100,1,0
desna,CRO277,Slijepčević,Z,2018-12-29 09:27:00.000 +0100,2,1
desna,CRO277,Slijepčević,Z,2019-02-15 23:35:00.000 +0100,1,1
desna,CRO277,Slijepčević,Z,2019-02-20 02:51:00.000 +0100,2,1
desna,CRO277,Slijepčević,Z,2019-11-27 03:49:00.000 +0100,1,0
desna,CRO277,Slijepčević,Z,2020-10-11 18:05:00.000 +0200,1,0
front,CRO277,Slijepčević,Z,2018-12-29 09:27:00.000 +0100,2,1
lijeva,CRO277,Slijepčević,Z,2018-08-03 04:49:00.000 +0200,1,0
lijeva,CRO277,Slijepčević,Z,2018-12-29 09:27:00.000 +0100,2,1
lijeva,CRO277,Slijepčević,Z,2019-03-05 20:48:00.000 +0100,1,0
lijeva,CRO277,Slijepčević,Z,2019-11-27 03:49:00.000 +0100,1,0
desna,CRO277 Mladunac 2018,Slijepčević,Unknown,2018-12-29 09:27:00.000 +0100,2,1
desna,CRO277 Mladunac 2018,Slijepčević,Unknown,2019-02-15 23:38:00.000 +0100,1,1
desna,CRO277 Mladunac 2018,Slijepčević,Unknown,2019-02-20 02:51:00.000 +0100,2,1
front,CRO277 Mladunac 2018,Slijepčević,Unknown,2018-12-29 09:27:00.000 +0100,2,1
lijeva,CRO277 Mladunac 2018,Slijepčević,Unknown,2018-12-29 09:27:00.000 +0100,2,1
desna,CRO279,Modrić,Unknown,2018-06-25 11:10:00.000 +0200,1,0
back,CRO326_2,Slijepčević,Z,2019-01-25 13:26:00.000 +0100,1,0
back,CRO326_2,Slijepčević,Z,2019-01-31 10:18:00.000 +0100,1,0
back,CRO326_2,Slijepčević,Z,2019-02-04 19:53:00.000 +0100,1,0
desna,CRO326_2,Slijepčević,Z,2019-01-19 06:10:00.000 +0100,2,1
desna,CRO326_2,Slijepčević,Z,2019-02-04 06:19:00.000 +0100,2,1
desna,CRO326_2,Slijepčević,Z,2019-02-04 14:40:00.000 +0100,2,1
front,CRO326_2,Slijepčević,Z,2019-01-25 13:26:00.000 +0100,1,0
front,CRO326_2,Slijepčević,Z,2019-02-04 06:19:00.000 +0100,2,1
lijeva,CRO326_2,Slijepčević,Z,2019-01-19 06:10:00.000 +0100,2,1
lijeva,CRO326_2,Slijepčević,Z,2019-01-25 13:26:00.000 +0100,1,0
lijeva,CRO326_2,Slijepčević,Z,2019-01-31 10:18:00.000 +0100,1,0
lijeva,CRO326_2,Slijepčević,Z,2019-02-04 19:06:00.000 +0100,1,0
lijeva,CRO326_2,Slijepčević,Z,2021-03-06 17:30:00.000 +0100,1,0
desna,CRO326_2 Mladunce 2018,Slijepčević,Unknown,2019-01-19 06:10:00.000 +0100,2,1
desna,CRO326_2 Mladunce 2018,Slijepčević,Unknown,2019-02-04 06:19:00.000 +0100,2,1
desna,CRO326_2 Mladunce 2018,Slijepčević,Unknown,2019-02-04 14:40:00.000 +0100,2,1
front,CRO326_2 Mladunce 2018,Slijepčević,Unknown,2019-02-04 06:19:00.000 +0100,2,1
front,CRO326_2 Mladunce 2018,Slijepčević,Unknown,2019-02-04 12:34:00.000 +0100,1,1
lijeva,CRO326_2 Mladunce 2018,Slijepčević,Unknown,2019-01-19 06:10:00.000 +0100,2,1
lijeva,CRO326_2 Mladunce 2018,Slijepčević,Unknown,2019-02-04 12:34:00.000 +0100,1,1
back,CRO327,Slijepčević,M,2019-02-27 16:30:00.000 +0100,1,0
desna,CRO327,Slijepčević,M,2018-11-15 03:55:00.000 +0100,1,0
desna,CRO327,Slijepčević,M,2019-02-27 16:30:00.000 +0100,1,0
desna,CRO327,Slijepčević,M,2020-02-19 09:18:00.000 +0100,1,0
front,CRO327,Slijepčević,M,2020-02-19 09:18:00.000 +0100,1,0
front,CRO327,Slijepčević,M,2020-05-03 19:40:00.000 +0200,1,0
lijeva,CRO327,Modrić,M,2018-10-21 04:12:00.000 +0200,1,0
lijeva,CRO327,Modrić,M,2019-02-17 16:20:00.000 +0100,1,0
lijeva,CRO327,Modrić,M,2019-02-18 18:48:00.000 +0100,1,0
lijeva,CRO327,Slijepčević,M,2019-02-27 16:30:00.000 +0100,1,0
lijeva,CRO327,Slijepčević,M,2019-12-12 10:28:00.000 +0100,1,0
lijeva,CRO327,Slijepčević,M,2020-08-11 06:43:00.000 +0200,1,0
desna,CRO328_1,Slijepčević,M,2019-05-07 23:37:00.000 +0200,1,0
back,CRO329_3,Slijepčević,Z,2019-09-30 07:39:00.000 +0200,1,0
desna,CRO329_3,Slijepčević,Z,2019-02-24 11:23:00.000 +0100,1,0
desna,CRO329_3,Slijepčević,Z,2019-09-30 07:39:00.000 +0200,1,0
desna,CRO329_3,Slijepčević,Z,2020-01-09 05:06:00.000 +0100,1,0
desna,CRO329_3,Slijepčević,Z,2020-01-28 13:59:00.000 +0100,1,0
desna,CRO329_3,Slijepčević,Z,2020-02-14 18:40:00.000 +0100,1,0
desna,CRO329_3,Slijepčević,Z,2020-03-10 04:41:00.000 +0100,1,0
desna,CRO329_3,Slijepčević,Z,2020-03-16 04:14:00.000 +0100,1,0
front,CRO329_3,Slijepčević,Z,2019-10-19 17:17:00.000 +0200,1,0
lijeva,CRO329_3,Iskrić,Z,2021-04-11 10:24:00.000 +0200,1,0
lijeva,CRO329_3,Slijepčević,Z,2019-02-24 11:23:00.000 +0100,1,0
lijeva,CRO329_3,Slijepčević,Z,2019-05-14 18:13:00.000 +0200,1,0
lijeva,CRO329_3,Slijepčević,Z,2019-09-30 07:39:00.000 +0200,1,0
lijeva,CRO329_3,Slijepčević,Z,2019-10-19 17:17:00.000 +0200,1,0
lijeva,CRO329_3,Slijepčević,Z,2019-11-09 16:09:00.000 +0100,1,0
lijeva,CRO329_3,Slijepčević,Z,2019-12-09 10:38:00.000 +0100,1,0
lijeva,CRO329_3,Slijepčević,Z,2020-03-10 04:41:00.000 +0100,1,0
back,CRO329_4,Iskrić,M,2021-03-16 04:44:00.000 +0100,1,0
desna,CRO329_4,Iskrić,M,2021-03-16 04:44:00.000 +0100,1,0
desna,CRO329_4,Slijepčević,M,2019-03-08 07:17:00.000 +0100,1,0
lijeva,CRO329_4,Iskrić,M,2021-03-16 04:44:00.000 +0100,1,0
lijeva,CRO329_4,Slijepčević,M,2019-03-08 07:17:00.000 +0100,1,0
desna,CRO329_5,Slijepčević,Unknown,2019-09-19 18:38:00.000 +0200,1,0
lijeva,CRO329_5,Slijepčević,Unknown,2019-08-11 20:26:00.000 +0200,1,0
lijeva,CRO329_5,Slijepčević,Unknown,2019-08-14 14:33:00.000 +0200,1,0
lijeva,CRO329_5,Slijepčević,Unknown,2019-08-26 20:51:00.000 +0200,1,0
lijeva,CRO329_5,Slijepčević,Unknown,2019-09-19 18:38:00.000 +0200,1,0
desna,CRO330_1,Slijepčević,Unknown,2019-02-09 21:55:00.000 +0100,1,0
lijeva,CRO330_1,Slijepčević,Unknown,2019-02-09 21:55:00.000 +0100,1,0
desna,CRO372,Slijepčević,M,2018-06-15 22:20:00.000 +0200,1,0
desna,CRO372,Slijepčević,M,2020-03-21 14:00:00.000 +0100,1,0
desna,CRO372,Slijepčević,M,2020-05-27 12:00:00.000 +0200,1,0
back,CRO372_1,Slijepčević,Z,2020-07-04 03:27:00.000 +0200,1,0
desna,CRO372_1,Gomerčić,Z,2023-03-22 08:01:00.000 +0100,1,0
desna,CRO372_1,Gomerčić,Z,2023-04-20 08:23:00.000 +0200,1,0
desna,CRO372_1,Gomerčić,Z,2023-04-29 00:13:00.000 +0200,1,0
desna,CRO372_1,Gomerčić,Z,2023-10-06 18:15:00.000 +0200,2,1
desna,CRO372_1,Modrić,Z,2018-08-30 12:27:00.000 +0200,1,0
desna,CRO372_1,Paulić,Z,2021-04-24 19:23:00.000 +0200,1,0
desna,CRO372_1,Paulić,Z,2021-05-02 18:10:00.000 +0200,1,0
desna,CRO372_1,Slijepčević,Z,2018-11-22 04:26:00.000 +0100,1,0
desna,CRO372_1,Slijepčević,Z,2018-12-19 16:58:00.000 +0100,1,0
desna,CRO372_1,Slijepčević,Z,2019-01-09 17:48:00.000 +0100,1,0
desna,CRO372_1,Slijepčević,Z,2019-02-11 15:53:00.000 +0100,1,0
desna,CRO372_1,Slijepčević,Z,2019-12-18 20:13:00.000 +0100,1,0
desna,CRO372_1,Slijepčević,Z,2020-07-04 03:27:00.000 +0200,1,0
desna,CRO372_1,Slijepčević,Z,2020-09-22 20:09:00.000 +0200,1,0
front,CRO372_1,Slijepčević,Z,2018-12-30 23:56:00.000 +0100,1,0
lijeva,CRO372_1,Gomerčić,Z,2023-04-29 00:13:00.000 +0200,1,0
lijeva,CRO372_1,Gomerčić,Z,2023-05-18 16:27:00.000 +0200,1,0
lijeva,CRO372_1,Gomerčić,Z,2023-10-06 18:15:00.000 +0200,2,1
lijeva,CRO372_1,Iskrić,Z,2021-02-12 13:19:00.000 +0100,1,0
lijeva,CRO372_1,Slijepčević,Z,2018-09-19 22:04:00.000 +0200,1,0
desna,CRO372_1 mladunac 2024,Gomerčić,Unknown,2023-10-06 18:15:00.000 +0200,2,1
lijeva,CRO372_1 mladunac 2024,Gomerčić,Unknown,2023-10-06 18:15:00.000 +0200,2,1
back,CRO583,Rukavina,M,2020-04-10 05:19:00.000 +0200,1,0
back,CRO583,Selanec,M,2020-07-03 19:11:00.000 +0200,1,0
desna,CRO583,Blašković,M,2020-11-22 15:00:00.000 +0100,1,0
desna,CRO583,Blašković,M,2021-02-13 04:15:00.000 +0100,1,0
desna,CRO583,Rukavina,M,2020-02-24 05:44:00.000 +0100,1,0
desna,CRO583,Rukavina,M,2020-04-09 04:44:00.000 +0200,1,0
desna,CRO583,Rukavina,M,2020-04-10 05:19:00.000 +0200,1,0
desna,CRO583,Rukavina,M,2021-03-01 19:13:00.000 +0100,1,0
desna,CRO583,Selanec,M,2018-08-04 21:17:00.000 +0200,1,0
desna,CRO583,Selanec,M,2019-01-10 16:03:00.000 +0100,1,0
desna,CRO583,Selanec,M,2019-07-11 09:37:00.000 +0200,1,0
desna,CRO583,Selanec,M,2019-07-30 23:55:00.000 +0200,1,0
desna,CRO583,Selanec,M,2019-11-10 18:31:00.000 +0100,1,0
desna,CRO583,Sindičić,M,2020-03-31 15:46:00.000 +0200,1,0
lijeva,CRO583,Blašković,M,2020-11-22 15:00:00.000 +0100,1,0
lijeva,CRO583,Rukavina,M,2019-09-02 20:53:00.000 +0200,1,0
lijeva,CRO583,Rukavina,M,2019-09-19 18:38:00.000 +0200,1,0
lijeva,CRO583,Rukavina,M,2020-04-10 23:36:00.000 +0200,1,0
lijeva,CRO583,Rukavina,M,2020-06-26 22:08:00.000 +0200,1,0
lijeva,CRO583,Selanec,M,2018-11-23 23:33:00.000 +0100,1,0
lijeva,CRO583,Selanec,M,2019-01-10 16:03:00.000 +0100,1,0
lijeva,CRO583,Selanec,M,2019-01-31 17:31:00.000 +0100,1,0
lijeva,CRO583,Selanec,M,2019-03-06 20:03:00.000 +0100,1,0
lijeva,CRO583,Selanec,M,2019-05-31 06:03:00.000 +0200,1,0
lijeva,CRO583,Selanec,M,2019-06-20 07:32:00.000 +0200,1,0
lijeva,CRO583,Selanec,M,2020-05-29 18:56:00.000 +0200,1,0
lijeva,CRO583,Sindičić,M,2020-03-31 15:46:00.000 +0200,1,0
none,CRO583,Selanec,M,2019-01-17 21:49:00.000 +0100,1,0
none,CRO583,Selanec,M,2019-02-05 18:42:00.000 +0100,1,0
desna,CRO584,Selanec,Unknown,2018-04-19 06:09:00.000 +0200,1,0
desna,CRO584,Selanec,Unknown,2019-03-25 07:50:00.000 +0100,1,0
none,CRO584,Selanec,Unknown,2019-02-06 18:09:00.000 +0100,1,0
desna,Catrnja mladunac1 2021,Blašković,Unknown,2021-10-17 17:53:00.000 +0200,3,2
front,Crna Kosa,Kusak,Unknown,2015-10-09 13:43:00.000 +0200,1,0
lijeva,Crna Kosa,Kusak,Unknown,2015-09-21 12:43:00.000 +0200,1,0
lijeva,Crna Kosa,Kusak,Unknown,2015-10-09 13:43:00.000 +0200,1,0
lijeva,Crno jezero 1,Gomerčić,Unknown,2019-06-03 07:48:00.000 +0200,1,0
desna,Crno jezero 2,Blašković,Z,2020-09-18 04:58:00.000 +0200,1,0
desna,Crno jezero 2,Blašković,Z,2021-02-28 16:00:00.000 +0100,3,2
desna,Crno jezero 2,Gomerčić,Z,2019-10-17 07:53:00.000 +0200,1,0
desna,Crno jezero 2,Gomerčić,Z,2019-12-30 16:30:00.000 +0100,1,0
desna,Crno jezero 2,Gomerčić,Z,2021-03-12 21:35:00.000 +0100,1,0
lijeva,Crno jezero 2,Blašković,Z,2021-02-28 16:00:00.000 +0100,3,2
lijeva,Crno jezero 2,Blašković,Z,2023-10-20 08:40:00.000 +0200,2,1
lijeva,Crno jezero 2,Blašković,Z,2023-11-06 08:19:00.000 +0100,1,0
lijeva,Crno jezero 2,Gomerčić,Z,2019-06-06 07:18:00.000 +0200,1,0
lijeva,Crno jezero 2,Gomerčić,Z,2019-12-30 16:30:00.000 +0100,1,0
lijeva,Crno jezero 2,Gomerčić,Z,2021-03-12 21:35:00.000 +0100,1,0
lijeva,Crno jezero 2,Gomerčić,Z,2021-03-16 11:50:00.000 +0100,2,0
none,Crno jezero 2,Blašković,Z,2021-02-28 16:00:00.000 +0100,3,2
desna,Crno jezero 3,Gomerčić,Z,2019-09-12 11:29:00.000 +0200,2,1
front,Crno jezero 3,Gomerčić,Z,2019-09-12 11:29:00.000 +0200,2,1
desna,Crno jezero 3 mladunac 2019,Gomerčić,Unknown,2019-09-12 11:29:00.000 +0200,2,1
front,Crno jezero 3 mladunac 2019,Gomerčić,Unknown,2019-09-12 11:29:00.000 +0200,2,1
lijeva,Crno jezero2 mladunac 2023,Blašković,Unknown,2023-10-20 08:40:00.000 +0200,2,1
back,Damir,Iskrić,M,2021-02-21 14:48:00.000 +0100,1,0
back,Damir,Slijepčević,M,2019-01-17 09:31:00.000 +0100,1,0
back,Damir,Slijepčević,M,2019-07-06 20:02:00.000 +0200,1,0
desna,Damir,Iskrić,M,2021-02-16 10:27:00.000 +0100,1,0
desna,Damir,Iskrić,M,2021-02-21 14:48:00.000 +0100,1,0
desna,Damir,Iskrić,M,2021-07-17 20:14:00.000 +0200,1,0
desna,Damir,Modrić,M,2018-04-06 16:17:00.000 +0200,1,0
desna,Damir,Slijepčević,M,2018-06-27 01:19:00.000 +0200,1,0
desna,Damir,Slijepčević,M,2018-08-07 11:38:00.000 +0200,1,0
desna,Damir,Slijepčević,M,2018-09-16 02:47:00.000 +0200,1,0
desna,Damir,Slijepčević,M,2019-01-10 05:08:00.000 +0100,1,0
desna,Damir,Slijepčević,M,2019-01-17 09:31:00.000 +0100,1,0
desna,Damir,Slijepčević,M,2019-02-04 18:15:00.000 +0100,1,0
desna,Damir,Slijepčević,M,2019-03-29 08:26:00.000 +0100,1,0
desna,Damir,Slijepčević,M,2019-06-14 01:24:00.000 +0200,1,0
desna,Damir,Slijepčević,M,2019-07-06 20:02:00.000 +0200,1,0
front,Damir,Iskrić,M,2021-02-21 14:48:00.000 +0100,1,0
front,Damir,Slijepčević,M,2018-09-22 05:16:00.000 +0200,1,0
lijeva,Damir,Iskrić,M,2021-02-16 10:27:00.000 +0100,1,0
lijeva,Damir,Iskrić,M,2021-02-21 14:48:00.000 +0100,1,0
lijeva,Damir,Iskrić,M,2021-07-17 20:14:00.000 +0200,1,0
lijeva,Damir,Modrić,M,2018-04-06 16:17:00.000 +0200,1,0
lijeva,Damir,Slijepčević,M,2018-06-27 01:19:00.000 +0200,1,0
lijeva,Damir,Slijepčević,M,2018-09-01 09:16:00.000 +0200,1,0
lijeva,Damir,Slijepčević,M,2018-09-16 02:47:00.000 +0200,1,0
lijeva,Damir,Slijepčević,M,2018-11-01 05:41:00.000 +0100,1,0
lijeva,Damir,Slijepčević,M,2019-01-17 09:31:00.000 +0100,1,0
lijeva,Damir,Slijepčević,M,2019-02-04 18:15:00.000 +0100,1,0
lijeva,Damir,Slijepčević,M,2019-05-30 21:24:00.000 +0200,1,0
lijeva,Damir,Slijepčević,M,2019-08-20 07:25:00.000 +0200,1,0
desna,Danielle,Tomaić,Z,2022-07-21 09:28:00.000 +0200,1,0
desna,Danielle,Tomaić,Z,2022-10-25 08:56:00.000 +0200,1,0
lijeva,Danielle,Tomaić,Z,2023-05-08 07:03:00.000 +0200,2,0
lijeva,Dante,Fabijanić,M,2021-07-02 01:36:00.000 +0200,1,0
lijeva,Dante,Fabijanić,M,2021-07-12 01:25:00.000 +0200,1,0
lijeva,Dante,Fabijanić,M,2021-07-21 18:33:00.000 +0200,1,0
back,Darko,Slijepčević,M,2011-09-13 06:17:00.000 +0200,1,
back,Darko,Slijepčević,M,2012-03-04 20:22:00.000 +0100,1,
back,Darko,Slijepčević,M,2012-06-05 12:15:00.000 +0200,1,
desna,Darko,Slijepčević,M,2011-09-13 06:17:00.000 +0200,1,
desna,Darko,Slijepčević,M,2011-10-04 17:16:00.000 +0200,1,
desna,Darko,Slijepčević,M,2011-10-23 22:25:00.000 +0200,1,
desna,Darko,Slijepčević,M,2012-01-25 02:13:00.000 +0100,1,
desna,Darko,Slijepčević,M,2012-03-02 11:44:00.000 +0100,1,
desna,Darko,Slijepčević,M,2012-03-24 04:15:00.000 +0100,1,
desna,Darko,Slijepčević,M,2012-04-05 02:57:00.000 +0200,1,
desna,Darko,Slijepčević,M,2012-04-13 17:25:00.000 +0200,1,
desna,Darko,Slijepčević,M,2012-05-01 09:35:00.000 +0200,1,
desna,Darko,Slijepčević,M,2012-06-10 13:30:00.000 +0200,1,
desna,Darko,Slijepčević,M,2012-08-09 07:48:00.000 +0200,1,
desna,Darko,Slijepčević,M,2014-12-05 02:30:00.000 +0100,1,
desna,Darko,Slijepčević,M,2014-12-19 01:47:00.000 +0100,1,
desna,Darko,Slijepčević,M,2014-12-22 17:33:00.000 +0100,1,
front,Darko,Slijepčević,M,2014-12-05 02:30:00.000 +0100,1,
lijeva,Darko,Slijepčević,M,2011-11-06 16:53:00.000 +0100,1,
lijeva,Darko,Slijepčević,M,2012-03-04 20:22:00.000 +0100,1,
lijeva,Darko,Slijepčević,M,2012-03-22 17:02:00.000 +0100,1,
lijeva,Darko,Slijepčević,M,2012-03-25 19:13:00.000 +0200,1,
lijeva,Darko,Slijepčević,M,2012-04-05 04:04:00.000 +0200,1,
lijeva,Darko,Slijepčević,M,2012-05-13 18:01:00.000 +0200,1,
lijeva,Darko,Slijepčević,M,2012-06-05 12:15:00.000 +0200,1,
lijeva,Darko,Slijepčević,M,2012-09-29 22:11:00.000 +0200,1,
lijeva,Dean,Fabijanić,Unknown,2021-11-24 15:36:00.000 +0100,1,0
desna,Delta,Tomaić,Unknown,2015-02-09 16:44:00.000 +0100,1,0
lijeva,Delta,Tomaić,Unknown,2013-10-13 23:37:00.000 +0200,1,0
desna,Dina,Slijepčević,Z,2011-08-07 04:51:00.000 +0200,1,0
lijeva,Dinara BiH,Slijepčević,Unknown,2019-05-12 07:19:00.000 +0200,1,0
desna,Dinko L07,Slijepčević,M,2008-02-13 02:00:00.000 +0100,1,
desna,Djuro,Blašković,M,2022-10-26 20:23:00.000 +0200,1,0
desna,Djuro,Blašković,M,2022-11-10 04:17:00.000 +0100,1,0
desna,Djuro,Blašković,M,2022-11-12 18:02:00.000 +0100,1,0
desna,Djuro,Blašković,M,2022-11-20 20:37:00.000 +0100,1,0
desna,Djuro,Blašković,M,2022-12-18 03:04:00.000 +0100,1,0
desna,Djuro,Blašković,M,2023-03-10 14:19:00.000 +0100,1,0
desna,Djuro,Blašković,M,2023-06-17 22:47:00.000 +0200,1,0
desna,Djuro,Blašković,M,2023-07-17 22:48:00.000 +0200,1,0
desna,Djuro,Blašković,M,2023-08-12 20:21:00.000 +0200,1,0
desna,Djuro,Gomerčić,M,2022-10-02 06:10:00.000 +0200,1,0
desna,Djuro,Gomerčić,M,2022-10-09 08:01:00.000 +0200,1,0
desna,Djuro,Toplicanec,M,2022-10-26 22:22:00.000 +0200,1,0
lijeva,Djuro,Blašković,M,2022-10-12 22:51:00.000 +0200,1,0
lijeva,Djuro,Blašković,M,2022-10-25 01:12:00.000 +0200,1,0
lijeva,Djuro,Blašković,M,2022-11-10 04:17:00.000 +0100,1,0
lijeva,Djuro,Blašković,M,2023-01-06 18:51:00.000 +0100,1,0
lijeva,Djuro,Blašković,M,2023-02-06 16:52:00.000 +0100,1,0
lijeva,Djuro,Blašković,M,2023-03-08 22:34:00.000 +0100,1,0
lijeva,Djuro,Blašković,M,2023-04-25 23:33:00.000 +0200,1,0
lijeva,Djuro,Blašković,M,2023-06-17 20:23:00.000 +0200,1,0
lijeva,Djuro,Blašković,M,2023-07-03 20:25:00.000 +0200,1,0
lijeva,Djuro,Blašković,M,2023-07-13 15:37:00.000 +0200,1,0
lijeva,Djuro,Gomerčić,M,2022-09-20 07:37:00.000 +0200,1,0
lijeva,Djuro,Toplicanec,M,2022-10-10 04:47:00.000 +0200,1,0
lijeva,Djuro,Toplicanec,M,2022-12-06 10:58:00.000 +0100,1,0
desna,Dol,Tomaić,Unknown,2020-07-09 09:38:00.000 +0200,1,0
desna,Doru L19,Gomerčić,M,2019-05-04 11:30:00.000 +0200,1,0
lijeva,Doru L19,Toplicanec,M,2019-05-14 19:23:00.000 +0200,1,0
none,Doru L19,Gomerčić,M,2019-05-14 14:00:00.000 +0200,1,0
none,Doru L19,Gomerčić,M,2019-06-17 08:00:00.000 +0200,1,0
desna,Draga_1,Fležar,Z,2018-09-20 00:53:00.000 +0200,1,0
desna,Draga_1,Fležar,Z,2018-09-20 02:25:00.000 +0200,1,2
desna,Draga_1,Fležar,Z,2018-10-21 01:54:00.000 +0200,1,0
lijeva,Draga_1,Fležar,Z,2018-09-20 02:23:00.000 +0200,1,0
lijeva,Draga_1,Fležar,Z,2018-10-21 01:54:00.000 +0200,1,0
desna,Draga_2,Fležar,M,2018-09-25 04:41:00.000 +0200,1,0
desna,Draga_2,Fležar,M,2018-11-02 05:27:00.000 +0100,1,0
desna,Draga_2,Fležar,M,2019-01-14 06:21:00.000 +0100,1,0
lijeva,Draga_2,Fležar,M,2018-08-19 01:11:00.000 +0200,1,0
lijeva,Draga_2,Fležar,M,2018-11-02 05:27:00.000 +0100,1,0
lijeva,Draga_2,Fležar,M,2019-01-14 05:21:00.000 +0100,1,0
lijeva,Draž,Selanec,M,2019-02-10 19:42:00.000 +0100,1,0
lijeva,Draž,Selanec,M,2019-04-21 11:49:00.000 +0200,1,0
lijeva,Draž,Selanec,M,2019-07-15 23:18:00.000 +0200,1,0
lijeva,Draž,Selanec,M,2019-08-10 21:44:00.000 +0200,1,0
lijeva,Draž,Selanec,M,2019-08-29 02:09:00.000 +0200,1,0
desna,Draž 2,Selanec,Unknown,2019-05-29 00:24:00.000 +0200,1,0
desna,Ed,Blašković,Unknown,2023-01-05 20:50:00.000 +0100,1,0
desna,Ed,Krmpotić,Unknown,2022-05-21 06:00:00.000 +0200,1,0
desna,Ed,Krmpotić,Unknown,2022-07-18 16:17:00.000 +0200,1,0
desna,Ed,Krmpotić,Unknown,2023-03-12 02:01:00.000 +0100,1,0
desna,Ed,Salkić,Unknown,2023-09-30 00:57:00.000 +0200,1,0
lijeva,Ed,Krmpotić,Unknown,2022-05-21 06:00:00.000 +0200,1,0
lijeva,Ed,Krmpotić,Unknown,2023-02-21 21:24:00.000 +0100,1,0
lijeva,Ed,Salkić,Unknown,2023-09-25 22:07:00.000 +0200,1,0
desna,Elis,Blašković,Unknown,2021-02-15 21:36:00.000 +0100,2,0
desna,Elis,Tomaić,Unknown,2020-07-30 22:43:00.000 +0200,3,2
lijeva,Elis,Tomaić,Unknown,2020-08-19 06:16:00.000 +0200,3,2
desna,Embal,Frketić,Unknown,2022-10-06 09:43:00.000 +0200,1,0
desna,Embal,Kusak,Unknown,2023-01-12 13:04:00.000 +0100,1,0
desna,Embal,Selanec,Unknown,2022-05-09 02:58:00.000 +0200,1,0
desna,Emil,Blašković,M,2023-02-17 05:50:00.000 +0100,1,0
desna,Emil,Blašković,M,2023-03-05 04:21:00.000 +0100,1,0
desna,Emil,Blašković,M,2023-03-17 02:23:00.000 +0100,1,0
desna,Emil,Blašković,M,2023-03-24 04:37:00.000 +0100,1,0
desna,Emil,Gomerčić,M,2021-05-14 14:47:00.000 +0200,1,0
desna,Emil,Salkić,M,2023-02-13 03:25:00.000 +0100,1,0
desna,Emil,Salkić,M,2023-03-23 21:36:00.000 +0100,1,0
lijeva,Emil,Blašković,M,2022-04-21 01:01:00.000 +0200,1,0
lijeva,Emil,Blašković,M,2023-01-03 23:09:00.000 +0100,1,0
lijeva,Emil,Blašković,M,2023-01-19 00:14:00.000 +0100,1,0
lijeva,Emil,Blašković,M,2023-01-25 04:34:00.000 +0100,1,0
lijeva,Emil,Blašković,M,2023-01-29 22:07:00.000 +0100,1,0
lijeva,Emil,Blašković,M,2023-02-10 19:21:00.000 +0100,1,0
lijeva,Emil,Blašković,M,2023-02-17 20:07:00.000 +0100,1,0
lijeva,Emil,Blašković,M,2023-03-04 20:14:00.000 +0100,1,0
lijeva,Emil,Blašković,M,2023-03-08 19:22:00.000 +0100,1,0
lijeva,Emil,Blašković,M,2023-03-26 01:11:00.000 +0100,1,0
lijeva,Emil,Blašković,M,2023-03-30 22:16:00.000 +0200,1,0
lijeva,Emil,Gomerčić,M,2021-05-14 14:47:00.000 +0200,1,0
none,Emil,Blašković,M,2021-05-22 12:00:00.000 +0200,1,0
none,Emil,Blašković,M,2021-12-16 14:00:00.000 +0100,1,0
none,Emil,Blašković,M,2021-12-28 21:00:00.000 +0100,1,0
none,Emil,Blašković,M,2022-04-01 20:00:00.000 +0200,1,0
none,Emil,Blašković,M,2022-04-11 20:00:00.000 +0200,1,0
none,Emil,Fabijanić,M,2022-03-23 18:00:00.000 +0100,1,0
none,Emil,Tomaić,M,2022-03-19 00:00:00.000 +0100,1,0
none,Emil,Toplicanec,M,2021-08-28 12:00:00.000 +0200,1,0
desna,Enver,Toplicanec,Unknown,2019-11-18 04:32:00.000 +0100,1,0
lijeva,Equa,Tomaić,Unknown,2022-08-08 08:17:00.000 +0200,1,0
desna,Eva,Iskrić,Z,2022-07-18 02:09:00.000 +0200,3,2
lijeva,Eva,Iskrić,Z,2022-07-18 02:09:00.000 +0200,3,2
none,Eva,Iskrić,Z,2022-07-18 02:09:00.000 +0200,3,2
desna,Fefo,Blašković,Unknown,2023-01-27 21:00:00.000 +0100,1,0
desna,Fefo,Blašković,Unknown,2023-04-09 13:38:00.000 +0200,1,0
desna,Fefo,Tomaić,Unknown,2022-04-16 15:21:00.000 +0200,1,0
lijeva,Fefo L,Blašković,Unknown,2023-03-24 08:58:00.000 +0100,1,0
desna,Fenix L26,Blašković,M,2021-03-14 13:00:00.000 +0100,1,0
desna,Fenix L26,Blašković,M,2021-12-17 21:34:00.000 +0100,1,0
desna,Fenix L26,Blašković,M,2022-01-05 15:06:00.000 +0100,1,0
desna,Fenix L26,Blašković,M,2022-02-10 20:43:00.000 +0100,1,0
desna,Fenix L26,Blašković,M,2022-02-25 14:40:00.000 +0100,1,0
desna,Fenix L26,Blašković,M,2022-04-07 18:10:00.000 +0200,1,0
desna,Fenix L26,Kusak,M,2022-05-04 11:12:00.000 +0200,1,0
desna,Fenix L26,Kusak,M,2022-05-13 07:02:00.000 +0200,1,0
desna,Fenix L26,Kusak,M,2022-06-07 01:03:00.000 +0200,1,0
desna,Fenix L26,Kusak,M,2022-06-20 07:16:00.000 +0200,1,0
desna,Fenix L26,Kusak,M,2022-06-22 06:59:00.000 +0200,1,0
desna,Fenix L26,Kusak,M,2022-06-24 04:49:00.000 +0200,1,0
desna,Fenix L26,Kusak,M,2022-06-30 17:34:00.000 +0200,1,0
desna,Fenix L26,Kusak,M,2022-07-04 01:57:00.000 +0200,1,0
desna,Fenix L26,Kusak,M,2022-07-26 06:30:00.000 +0200,1,0
desna,Fenix L26,Slijepčević,M,2021-04-24 12:03:00.000 +0200,1,0
lijeva,Fenix L26,Blašković,M,2021-12-28 07:46:00.000 +0100,1,0
lijeva,Fenix L26,Blašković,M,2022-01-05 15:06:00.000 +0100,1,0
lijeva,Fenix L26,Blašković,M,2022-01-17 19:04:00.000 +0100,1,0
lijeva,Fenix L26,Blašković,M,2022-01-24 15:50:00.000 +0100,1,0
lijeva,Fenix L26,Blašković,M,2022-03-02 15:36:00.000 +0100,1,0
lijeva,Fenix L26,Kusak,M,2020-01-23 16:19:00.000 +0100,1,0
lijeva,Fenix L26,Kusak,M,2020-10-22 19:51:00.000 +0200,1,0
lijeva,Fenix L26,Kusak,M,2020-12-14 15:57:00.000 +0100,1,0
lijeva,Fenix L26,Kusak,M,2021-03-02 16:19:00.000 +0100,1,0
lijeva,Fenix L26,Kusak,M,2021-04-23 21:17:00.000 +0200,1,0
lijeva,Fenix L26,Kusak,M,2022-05-01 21:19:00.000 +0200,1,0
lijeva,Fenix L26,Kusak,M,2022-05-23 03:15:00.000 +0200,1,0
lijeva,Fenix L26,Kusak,M,2022-05-26 18:24:00.000 +0200,1,0
lijeva,Fenix L26,Kusak,M,2022-07-09 15:29:00.000 +0200,1,0
lijeva,Fenix L26,Kusak,M,2022-07-23 03:03:00.000 +0200,1,0
lijeva,Fenix L26,Slijepčević,M,2021-04-24 12:03:00.000 +0200,1,0
desna,Figo,Blašković,Z,2022-08-22 00:25:00.000 +0200,1,0
desna,Figo,Blašković,Z,2022-11-04 06:12:00.000 +0100,1,0
desna,Figo,Kusak,Z,2020-05-06 20:31:00.000 +0200,1,0
desna,Figo,Kusak,Z,2020-10-13 14:10:00.000 +0200,1,0
desna,Figo,Mladjen,Z,2023-11-09 23:09:00.000 +0100,1,0
lijeva,Figo,Blašković,Z,2022-09-08 06:15:00.000 +0200,1,0
lijeva,Figo,Blašković,Z,2022-09-08 19:56:00.000 +0200,1,0
lijeva,Figo,Kusak,Z,2020-10-13 14:10:00.000 +0200,1,0
lijeva,Figo,Kusak,Z,2020-10-14 00:42:00.000 +0200,1,0
lijeva,Figo,Kusak,Z,2022-04-23 11:39:00.000 +0200,1,0
lijeva,Figo,Kusak,Z,2022-05-05 20:00:00.000 +0200,1,0
lijeva,Figo,Kusak,Z,2022-05-08 01:56:00.000 +0200,1,0
lijeva,Figo,Kusak,Z,2022-05-25 18:45:00.000 +0200,1,0
lijeva,Figo,Mladjen,Z,2023-09-10 11:05:00.000 +0200,1,0
lijeva,Figo,Mladjen,Z,2023-09-11 10:27:00.000 +0200,1,0
lijeva,Figo,Mladjen,Z,2023-09-13 10:18:00.000 +0200,1,0
lijeva,Figo,Mladjen,Z,2023-10-08 13:56:00.000 +0200,1,0
lijeva,Figo,Mladjen,Z,2023-11-03 21:19:00.000 +0100,3,2
lijeva,Figo,Mladjen,Z,2023-11-10 10:21:00.000 +0100,1,0
desna,Fly,Tomaić,Unknown,2022-09-18 17:40:00.000 +0200,1,0
desna,Fly,Tomaić,Unknown,2022-11-11 08:05:00.000 +0100,1,0
lijeva,Fly,Blašković,Unknown,2023-03-24 18:55:00.000 +0100,1,0
lijeva,Fly,Tomaić,Unknown,2022-03-19 01:51:00.000 +0100,1,0
lijeva,Fly,Tomaić,Unknown,2022-09-18 17:40:00.000 +0200,1,0
lijeva,Fly,Tomaić,Unknown,2022-09-26 06:45:00.000 +0200,1,0
lijeva,Fly,Tomaić,Unknown,2022-09-28 07:54:00.000 +0200,1,0
lijeva,Fly,Tomaić,Unknown,2022-10-07 06:31:00.000 +0200,1,0
desna,Franjka,Blašković,Z,2021-05-02 07:39:00.000 +0200,1,0
desna,Franjka,Špalj,Z,2021-03-01 08:25:00.000 +0100,1,0
desna,Franjka,Špalj,Z,2021-11-16 18:45:00.000 +0100,1,0
desna,Franjka,Špalj,Z,2023-09-01 08:16:00.000 +0200,2,1
lijeva,Franjka,Selanec,Z,2023-01-16 02:51:00.000 +0100,1,0
lijeva,Franjka,Špalj,Z,2021-03-01 08:25:00.000 +0100,1,0
lijeva,Franjka,Špalj,Z,2021-03-03 08:00:00.000 +0100,1,0
lijeva,Franjka,Špalj,Z,2021-03-08 10:58:00.000 +0100,1,0
lijeva,Franjka,Špalj,Z,2021-11-16 18:45:00.000 +0100,1,0
lijeva,Franjka,Špalj,Z,2023-09-01 08:16:00.000 +0200,1,0
desna,Franjka mladunac 2023,Špalj,Unknown,2023-09-01 08:16:00.000 +0200,2,1
desna,Frida,Gomerčić,Z,2023-03-19 10:24:00.000 +0100,1,0
desna,Frida,Gomerčić,Z,2023-05-25 21:01:00.000 +0200,1,0
desna,Frida,Gomerčić,Z,2023-07-31 08:56:00.000 +0200,1,0
desna,Frida,Gomerčić,Z,2023-09-30 04:48:00.000 +0200,1,0
desna,Frida,Iskrić,Z,2020-12-14 17:25:00.000 +0100,1,0
desna,Frida,Iskrić,Z,2021-11-12 12:01:00.000 +0100,3,2
desna,Frida,Iskrić,Z,2022-01-01 13:11:00.000 +0100,1,0
desna,Frida,Iskrić,Z,2022-01-01 17:11:00.000 +0100,1,0
desna,Frida,Iskrić,Z,2022-03-21 18:03:00.000 +0100,2,0
desna,Frida,Slijepčević,Z,2020-07-15 05:31:00.000 +0200,1,0
desna,Frida,Slijepčević,Z,2023-03-13 14:37:00.000 +0100,1,0
front,Frida,Iskrić,Z,2020-12-14 17:25:00.000 +0100,1,0
front,Frida,Iskrić,Z,2021-11-12 12:01:00.000 +0100,3,2
front,Frida,Iskrić,Z,2022-03-21 18:03:00.000 +0100,2,0
lijeva,Frida,Gomerčić,Z,2023-07-13 02:28:00.000 +0200,1,0
lijeva,Frida,Gomerčić,Z,2023-08-01 18:15:00.000 +0200,1,0
lijeva,Frida,Gomerčić,Z,2023-09-29 05:08:00.000 +0200,1,0
lijeva,Frida,Slijepčević,Z,2020-07-15 05:31:00.000 +0200,1,0
none,Frida,Iskrić,Z,2022-01-01 13:11:00.000 +0100,1,0
none,Frida,Iskrić,Z,2022-01-01 17:11:00.000 +0100,1,0
desna,Frida mladunac1 2021,Iskrić,Unknown,2021-11-12 11:01:00.000 +0100,1,1
desna,Frida mladunac1 2021,Iskrić,Unknown,2021-11-12 12:01:00.000 +0100,3,2
desna,Frida mladunac1 2021,Iskrić,Unknown,2022-01-01 13:11:00.000 +0100,1,0
desna,Frida mladunac1 2021,Iskrić,Unknown,2022-01-01 17:11:00.000 +0100,1,0
desna,Frida mladunac1 2021,Čmelar,Unknown,2023-03-05 19:14:00.000 +0100,1,0
desna,Frida mladunac1 2021,Čmelar,Unknown,2023-03-25 14:45:00.000 +0100,1,0
desna,Frida mladunac1 2021,Čmelar,Unknown,2023-04-23 20:05:00.000 +0200,1,0
desna,Frida mladunac1 2021,Čmelar,Unknown,2023-04-26 01:12:00.000 +0200,1,0
front,Frida mladunac1 2021,Iskrić,Unknown,2021-11-12 12:01:00.000 +0100,3,2
lijeva,Frida mladunac1 2021,Čmelar,Unknown,2023-03-05 19:14:00.000 +0100,1,0
lijeva,Frida mladunac1 2021,Čmelar,Unknown,2023-03-25 14:45:00.000 +0100,1,0
lijeva,Frida mladunac1 2021,Čmelar,Unknown,2023-04-23 20:05:00.000 +0200,1,0
lijeva,Frida mladunac1 2021,Čmelar,Unknown,2023-04-26 01:12:00.000 +0200,1,0
none,Frida mladunac1 2021,Iskrić,Unknown,2022-01-01 13:11:00.000 +0100,1,0
none,Frida mladunac1 2021,Iskrić,Unknown,2022-01-01 17:11:00.000 +0100,1,0
desna,Frida mladunac2 2021,Iskrić,Unknown,2021-11-12 11:09:00.000 +0100,1,1
desna,Frida mladunac2 2021,Iskrić,Unknown,2021-11-12 12:01:00.000 +0100,3,2
desna,Frida mladunac2 2021,Iskrić,Unknown,2022-01-01 13:11:00.000 +0100,1,0
desna,Frida mladunac2 2021,Iskrić,Unknown,2022-01-01 17:11:00.000 +0100,1,0
front,Frida mladunac2 2021,Iskrić,Unknown,2021-11-12 12:01:00.000 +0100,3,2
none,Frida mladunac2 2021,Iskrić,Unknown,2022-01-01 13:11:00.000 +0100,1,0
none,Frida mladunac2 2021,Iskrić,Unknown,2022-01-01 17:11:00.000 +0100,1,0
desna,Fulir,Blašković,Unknown,2021-02-14 01:01:00.000 +0100,1,0
desna,Fulir,Blašković,Unknown,2021-03-11 22:30:00.000 +0100,1,0
desna,Fulir,Gomerčić,Unknown,2018-10-18 22:24:00.000 +0200,1,0
desna,Fulir,Gomerčić,Unknown,2019-03-03 22:59:00.000 +0100,1,0
desna,Fulir,Gomerčić,Unknown,2019-03-09 21:51:00.000 +0100,1,0
desna,Fulir,Gomerčić,Unknown,2019-09-19 06:07:00.000 +0200,1,0
desna,Fulir,Gomerčić,Unknown,2020-01-17 03:10:00.000 +0100,1,0
desna,Fulir,Gomerčić,Unknown,2020-05-24 21:30:00.000 +0200,1,0
desna,Fulir,Gomerčić,Unknown,2020-06-12 22:02:00.000 +0200,1,0
desna,Fulir,Gomerčić,Unknown,2020-06-24 13:58:00.000 +0200,1,0
desna,Fulir,Gomerčić,Unknown,2020-06-24 15:10:00.000 +0200,1,0
desna,Fulir,Gomerčić,Unknown,2020-07-05 13:41:00.000 +0200,1,0
desna,Fulir,Gomerčić,Unknown,2020-07-13 12:45:00.000 +0200,1,0
desna,Fulir,Gomerčić,Unknown,2021-05-13 17:05:00.000 +0200,1,0
desna,Fulir,Sindičić,Unknown,2018-03-10 02:12:00.000 +0100,1,0
desna,Fulir,Tomaić,Unknown,2021-03-02 05:36:00.000 +0100,1,0
lijeva,Fulir,Blašković,Unknown,2020-09-13 20:12:00.000 +0200,1,0
lijeva,Fulir,Blašković,Unknown,2020-10-12 16:18:00.000 +0200,1,0
lijeva,Fulir,Blašković,Unknown,2021-03-10 18:20:00.000 +0100,1,0
lijeva,Fulir,Blašković,Unknown,2021-03-29 22:32:00.000 +0200,1,0
lijeva,Fulir,Gomerčić,Unknown,2019-03-19 17:49:00.000 +0100,1,0
lijeva,Fulir,Gomerčić,Unknown,2019-03-28 06:25:00.000 +0100,1,0
lijeva,Fulir,Gomerčić,Unknown,2019-12-12 18:57:00.000 +0100,1,0
lijeva,Fulir,Gomerčić,Unknown,2020-06-03 18:42:00.000 +0200,1,0
lijeva,Fulir,Gomerčić,Unknown,2020-06-12 23:36:00.000 +0200,1,0
lijeva,Fulir,Gomerčić,Unknown,2020-06-24 15:10:00.000 +0200,1,0
lijeva,Fulir,Gomerčić,Unknown,2020-07-19 18:40:00.000 +0200,1,0
lijeva,Fulir,Gomerčić,Unknown,2021-04-09 17:08:00.000 +0200,1,0
lijeva,Fulir,Gomerčić,Unknown,2021-07-06 19:03:00.000 +0200,1,0
lijeva,Fulir,Sindičić,Unknown,2022-12-18 09:37:00.000 +0100,1,0
none,Fulir,Blašković,Unknown,2021-08-12 07:50:00.000 +0200,1,0
desna,Gaia,Gomerčić,Unknown,2020-05-22 23:30:00.000 +0200,1,0
desna,Gaia,Selanec,Unknown,2022-03-30 05:01:00.000 +0200,1,0
desna,Gavin,Tomaić,Unknown,2022-09-16 01:32:00.000 +0200,1,0
back,Gavrilo,Perković,Unknown,2018-10-31 20:03:00.000 +0100,1,0
desna,Gavrilo,Perković,Unknown,2018-10-31 20:03:00.000 +0100,1,0
desna,Gavrilo,Tomaić,Unknown,2018-10-27 07:19:00.000 +0200,1,0
desna,Gavrilo,Tomaić,Unknown,2018-10-30 11:43:00.000 +0100,1,0
desna,Gavrilo,Tomaić,Unknown,2020-05-11 00:55:00.000 +0200,1,0
lijeva,Gavrilo,Tomaić,Unknown,2020-05-11 00:55:00.000 +0200,1,0
none,Gavrilo,Tomaić,Unknown,2018-11-17 04:20:00.000 +0100,1,0
front,Geonatura 1L,Ivanov,Unknown,2019-09-05 13:13:00.000 +0200,1,0
front,Geonatura 1L,Ivanov,Unknown,2019-10-01 20:21:00.000 +0200,1,0
lijeva,Geonatura 1L,Ivanov,Unknown,2019-08-13 05:47:00.000 +0200,1,0
lijeva,Geonatura 1L,Ivanov,Unknown,2019-08-15 05:06:00.000 +0200,1,0
lijeva,Geonatura 1L,Ivanov,Unknown,2019-08-29 17:16:00.000 +0200,1,0
lijeva,Geonatura 1L,Ivanov,Unknown,2019-09-05 10:06:00.000 +0200,1,0
lijeva,Geonatura 1L,Ivanov,Unknown,2019-09-05 13:13:00.000 +0200,1,0
lijeva,Geonatura 1L,Ivanov,Unknown,2019-11-06 16:13:00.000 +0100,1,0
lijeva,Geonatura 1L,Ivanov,Unknown,2019-11-29 17:58:00.000 +0100,1,0
lijeva,Geonatura 1L,Ivanov,Unknown,2019-11-30 16:47:00.000 +0100,1,0
lijeva,Geonatura 1L,Ivanov,Unknown,2020-01-27 21:15:00.000 +0100,1,0
lijeva,Geonatura 1L,Ivanov,Unknown,2020-03-31 14:40:00.000 +0200,1,0
desna,Geonatura 2D,Ivanov,Unknown,2019-07-13 06:06:00.000 +0200,1,0
back,Geonatura 3D,Ivanov,Unknown,2019-12-26 17:26:00.000 +0100,1,0
desna,Geonatura 3D,Ivanov,Unknown,2019-12-26 17:11:00.000 +0100,1,0
desna,Geonatura 3D,Ivanov,Unknown,2019-12-26 17:26:00.000 +0100,1,0
front,Geonatura 3D,Ivanov,Unknown,2019-12-26 17:11:00.000 +0100,1,0
front,Geonatura 3L,Ivanov,Unknown,2019-08-19 05:18:00.000 +0200,1,0
lijeva,Geonatura 3L,Ivanov,Unknown,2019-08-19 05:18:00.000 +0200,1,0
desna,Geonatura 4D,Gomerčić,Unknown,2020-07-08 21:49:00.000 +0200,1,0
desna,Geonatura 4D,Gomerčić,Unknown,2020-07-25 20:20:00.000 +0200,1,0
desna,Geonatura 4D,Ivanov,Unknown,2020-03-21 09:41:00.000 +0100,1,0
desna,Geonatura 4D,Ivanov,Unknown,2020-04-19 02:41:00.000 +0200,1,0
front,Geonatura 4L,Gomerčić,Unknown,2020-11-04 18:26:00.000 +0100,1,0
lijeva,Geonatura 4L,Gomerčić,Unknown,2020-02-21 05:17:00.000 +0100,1,0
lijeva,Geonatura 4L,Gomerčić,Unknown,2020-11-04 18:26:00.000 +0100,1,0
lijeva,Geonatura 4L,Ivanov,Unknown,2019-06-19 07:14:00.000 +0200,1,0
lijeva,Geonatura 5L,Ivanov,Z,2019-11-08 01:57:00.000 +0100,1,0
lijeva,Geonatura 5L,Ivanov,Z,2019-11-09 17:28:00.000 +0100,3,2
front,Geonatura 6L,Ivanov,Unknown,2019-08-23 06:48:00.000 +0200,1,0
lijeva,Geonatura 6L,Ivanov,Unknown,2019-08-23 06:48:00.000 +0200,1,0
lijeva,Geonatura 7L,Ivanov,Unknown,2020-03-12 08:19:00.000 +0100,1,0
lijeva,Geonatura 7L,Ivanov,Unknown,2020-03-12 15:12:00.000 +0100,1,0
lijeva,Geonatura 7L,Ivanov,Unknown,2020-04-29 05:50:00.000 +0200,1,0
desna,Gerovo D,Iskrić,Unknown,2021-10-19 07:07:00.000 +0200,1,0
front,Gerovo D,Iskrić,Unknown,2021-10-19 07:07:00.000 +0200,1,0
lijeva,Gerovo L,Iskrić,Unknown,2021-01-01 02:15:00.000 +0100,1,0
lijeva,Gerovo mladunac1 2021,Iskrić,Unknown,2021-12-26 12:58:00.000 +0100,1,1
lijeva,Gerovo mladunac2 2021,Iskrić,Unknown,2021-12-26 12:58:00.000 +0100,1,1
lijeva,Glazuta_2016,Fležar,Z,2019-01-11 13:25:00.000 +0100,2,0
desna,Godaca,Gomerčić,Unknown,2018-05-27 19:16:00.000 +0200,1,0
desna,Godaca 2,Blašković,Z,2020-12-17 16:38:00.000 +0100,1,0
desna,Godaca 2,Blašković,Z,2021-02-17 01:03:00.000 +0100,1,0
desna,Godaca 2,Blašković,Z,2021-04-18 00:59:00.000 +0200,1,0
desna,Godaca 2,Blašković,Z,2021-04-25 18:10:00.000 +0200,1,0
desna,Godaca 2,Blašković,Z,2021-05-09 04:08:00.000 +0200,1,0
desna,Godaca 2,Blašković,Z,2021-06-07 05:39:00.000 +0200,1,0
desna,Godaca 2,Blašković,Z,2021-06-07 06:25:00.000 +0200,1,0
desna,Godaca 2,Blašković,Z,2021-06-08 12:06:00.000 +0200,1,0
desna,Godaca 2,Blašković,Z,2021-06-08 16:50:00.000 +0200,1,0
desna,Godaca 2,Blašković,Z,2021-06-09 02:53:00.000 +0200,1,0
desna,Godaca 2,Blašković,Z,2021-06-10 12:08:00.000 +0200,1,0
desna,Godaca 2,Blašković,Z,2021-06-10 19:35:00.000 +0200,1,0
desna,Godaca 2,Blašković,Z,2021-08-10 03:31:00.000 +0200,1,0
desna,Godaca 2,Blašković,Z,2021-08-22 04:01:00.000 +0200,1,0
desna,Godaca 2,Blašković,Z,2022-03-21 03:09:00.000 +0100,2,0
desna,Godaca 2,Blašković,Z,2022-04-23 16:02:00.000 +0200,1,0
desna,Godaca 2,Blašković,Z,2022-04-27 22:05:00.000 +0200,1,0
desna,Godaca 2,Blašković,Z,2022-05-02 22:38:00.000 +0200,1,0
desna,Godaca 2,Blašković,Z,2022-05-04 21:13:00.000 +0200,1,0
desna,Godaca 2,Blašković,Z,2022-10-17 06:21:00.000 +0200,1,0
desna,Godaca 2,Blašković,Z,2023-03-24 02:33:00.000 +0100,1,0
desna,Godaca 2,Blašković,Z,2023-04-06 00:22:00.000 +0200,1,0
desna,Godaca 2,Gomerčić,Z,2020-06-12 03:11:00.000 +0200,1,0
lijeva,Godaca 2,Blašković,Z,2020-12-17 16:38:00.000 +0100,1,0
lijeva,Godaca 2,Blašković,Z,2021-04-20 19:45:00.000 +0200,1,0
lijeva,Godaca 2,Blašković,Z,2021-04-28 22:18:00.000 +0200,1,0
lijeva,Godaca 2,Blašković,Z,2021-05-05 04:46:00.000 +0200,1,0
lijeva,Godaca 2,Blašković,Z,2021-05-17 11:12:00.000 +0200,1,0
lijeva,Godaca 2,Blašković,Z,2021-06-07 05:39:00.000 +0200,1,0
lijeva,Godaca 2,Blašković,Z,2021-06-07 06:25:00.000 +0200,1,0
lijeva,Godaca 2,Blašković,Z,2021-06-08 12:06:00.000 +0200,1,0
lijeva,Godaca 2,Blašković,Z,2021-06-08 16:50:00.000 +0200,1,0
lijeva,Godaca 2,Blašković,Z,2021-06-09 02:53:00.000 +0200,1,0
lijeva,Godaca 2,Blašković,Z,2021-06-09 19:51:00.000 +0200,1,0
lijeva,Godaca 2,Blašković,Z,2021-06-10 12:08:00.000 +0200,1,0
lijeva,Godaca 2,Blašković,Z,2021-06-10 19:35:00.000 +0200,1,0
lijeva,Godaca 2,Blašković,Z,2021-12-27 22:37:00.000 +0100,1,0
lijeva,Godaca 2,Blašković,Z,2022-04-25 06:37:00.000 +0200,1,0
lijeva,Godaca 2,Blašković,Z,2022-04-27 14:55:00.000 +0200,1,0
lijeva,Godaca 2,Blašković,Z,2022-04-29 23:21:00.000 +0200,2,0
lijeva,Godaca 2,Blašković,Z,2022-05-01 23:47:00.000 +0200,1,0
lijeva,Godaca 2,Blašković,Z,2022-05-07 20:30:00.000 +0200,1,0
lijeva,Godaca 2,Blašković,Z,2022-06-03 05:08:00.000 +0200,1,0
lijeva,Godaca 2,Blašković,Z,2022-06-06 21:54:00.000 +0200,1,0
lijeva,Godaca 2,Blašković,Z,2022-10-16 18:21:00.000 +0200,1,0
lijeva,Godaca 2,Blašković,Z,2023-08-25 20:16:00.000 +0200,1,0
lijeva,Godaca 2,Gomerčić,Z,2018-07-03 20:21:00.000 +0200,1,0
lijeva,Godaca 2,Gomerčić,Z,2019-08-19 05:26:00.000 +0200,1,0
lijeva,Godaca 2,Gomerčić,Z,2020-03-01 01:23:00.000 +0100,1,0
lijeva,Godaca 2,Gomerčić,Z,2020-05-13 18:13:00.000 +0200,1,0
lijeva,Godaca 2,Gomerčić,Z,2020-06-12 03:11:00.000 +0200,1,0
lijeva,Godaca 2,Gomerčić,Z,2021-11-02 18:17:00.000 +0100,1,0
desna,Golo trlo 5,Gomerčić,Unknown,2019-10-27 18:53:00.000 +0100,1,0
desna,Golo trlo 5,Gomerčić,Unknown,2019-12-28 21:35:00.000 +0100,1,0
desna,Golo trlo 5,Gomerčić,Unknown,2020-02-01 03:18:00.000 +0100,1,0
lijeva,Golo trlo 5,Gomerčić,Unknown,2019-10-14 05:02:00.000 +0200,1,0
lijeva,Golo trlo 5,Gomerčić,Unknown,2019-12-28 21:35:00.000 +0100,1,0
lijeva,Golo trlo 5,Gomerčić,Unknown,2020-02-01 03:18:00.000 +0100,1,0
desna,Golo trlo 6,Blašković,Z,2022-01-23 21:16:00.000 +0100,1,0
desna,Golo trlo 6,Blašković,Z,2023-01-24 04:43:00.000 +0100,2,1
desna,Golo trlo 6,Gomerčić,Z,2019-11-29 23:26:00.000 +0100,1,0
lijeva,Golo trlo 6,Blašković,Z,2021-01-20 01:15:00.000 +0100,2,1
lijeva,Golo trlo 6,Blašković,Z,2023-01-24 05:27:00.000 +0100,2,1
lijeva,Golo trlo 6,Blašković,Z,2023-02-23 06:15:00.000 +0100,2,1
lijeva,Golo trlo 6,Gomerčić,Z,2019-11-29 23:26:00.000 +0100,1,0
lijeva,Golo trlo 7,Gomerčić,Unknown,2020-05-23 03:04:00.000 +0200,1,0
lijeva,Golo trlo 7,Gomerčić,Unknown,2020-06-22 05:57:00.000 +0200,1,0
lijeva,Golo trlo 7,Selanec,Unknown,2022-02-24 07:06:00.000 +0100,1,0
desna,Golo trlo6 mladunac 2023,Blašković,M,2023-01-24 04:43:00.000 +0100,2,1
lijeva,Golo trlo6 mladunac 2023,Blašković,M,2023-01-24 05:27:00.000 +0100,2,1
lijeva,Golo trlo6 mladunac 2023,Blašković,M,2023-02-23 06:15:00.000 +0100,2,1
back,Goran ZIP L09,Iskrić,M,2020-12-28 16:03:00.000 +0100,1,0
back,Goran ZIP L09,Iskrić,M,2021-10-04 18:03:00.000 +0200,1,0
back,Goran ZIP L09,Iskrić,M,2022-02-08 05:09:00.000 +0100,1,0
back,Goran ZIP L09,Iskrić,M,2022-06-03 07:22:00.000 +0200,1,0
back,Goran ZIP L09,Toplicanec,M,2019-10-15 06:42:00.000 +0200,1,0
back,Goran ZIP L09,Toplicanec,M,2019-11-20 02:44:00.000 +0100,1,0
back,Goran ZIP L09,Toplicanec,M,2021-08-14 05:26:00.000 +0200,1,0
desna,Goran ZIP L09,Blašković,M,2020-07-21 16:18:00.000 +0200,1,0
desna,Goran ZIP L09,Blašković,M,2020-11-06 13:45:00.000 +0100,1,0
desna,Goran ZIP L09,Blašković,M,2021-02-07 05:23:00.000 +0100,1,0
desna,Goran ZIP L09,Blašković,M,2021-02-13 06:47:00.000 +0100,1,0
desna,Goran ZIP L09,Blašković,M,2021-02-23 16:53:00.000 +0100,1,0
desna,Goran ZIP L09,Gomerčić,M,2020-10-01 03:55:00.000 +0200,1,0
desna,Goran ZIP L09,Iskrić,M,2020-10-24 17:51:00.000 +0200,1,0
desna,Goran ZIP L09,Iskrić,M,2020-11-05 17:18:00.000 +0100,1,0
desna,Goran ZIP L09,Iskrić,M,2020-12-04 10:20:00.000 +0100,1,0
desna,Goran ZIP L09,Iskrić,M,2020-12-24 23:30:00.000 +0100,1,0
desna,Goran ZIP L09,Iskrić,M,2020-12-28 16:03:00.000 +0100,1,0
desna,Goran ZIP L09,Iskrić,M,2021-02-01 02:31:00.000 +0100,1,0
desna,Goran ZIP L09,Iskrić,M,2021-02-15 15:49:00.000 +0100,1,0
desna,Goran ZIP L09,Iskrić,M,2021-02-20 12:58:00.000 +0100,1,0
desna,Goran ZIP L09,Iskrić,M,2021-06-28 04:16:00.000 +0200,1,0
desna,Goran ZIP L09,Iskrić,M,2021-09-08 09:28:00.000 +0200,1,0
desna,Goran ZIP L09,Iskrić,M,2021-09-13 03:20:00.000 +0200,1,0
desna,Goran ZIP L09,Iskrić,M,2021-10-13 18:48:00.000 +0200,1,0
desna,Goran ZIP L09,Iskrić,M,2021-11-17 23:10:00.000 +0100,1,0
desna,Goran ZIP L09,Iskrić,M,2021-11-25 16:02:00.000 +0100,1,0
desna,Goran ZIP L09,Iskrić,M,2021-12-11 12:22:00.000 +0100,1,0
desna,Goran ZIP L09,Iskrić,M,2022-01-21 16:42:00.000 +0100,1,0
desna,Goran ZIP L09,Iskrić,M,2022-01-31 14:16:00.000 +0100,1,0
desna,Goran ZIP L09,Iskrić,M,2022-02-08 05:09:00.000 +0100,1,0
desna,Goran ZIP L09,Iskrić,M,2022-02-10 10:12:00.000 +0100,1,0
desna,Goran ZIP L09,Iskrić,M,2022-02-21 12:54:00.000 +0100,1,0
desna,Goran ZIP L09,Iskrić,M,2022-03-02 16:17:00.000 +0100,1,0
desna,Goran ZIP L09,Iskrić,M,2022-03-13 09:34:00.000 +0100,1,0
desna,Goran ZIP L09,Iskrić,M,2022-04-11 00:17:00.000 +0200,1,0
desna,Goran ZIP L09,Iskrić,M,2022-04-11 01:12:00.000 +0200,1,0
desna,Goran ZIP L09,Iskrić,M,2022-04-11 23:20:00.000 +0200,1,0
desna,Goran ZIP L09,Iskrić,M,2022-04-15 03:54:00.000 +0200,1,0
desna,Goran ZIP L09,Iskrić,M,2022-04-23 16:53:00.000 +0200,1,0
desna,Goran ZIP L09,Iskrić,M,2022-04-24 21:32:00.000 +0200,1,0
desna,Goran ZIP L09,Iskrić,M,2022-06-03 07:22:00.000 +0200,1,0
desna,Goran ZIP L09,Modrić,M,2016-10-23 13:35:00.000 +0200,1,0
desna,Goran ZIP L09,Modrić,M,2020-01-30 09:58:00.000 +0100,1,0
desna,Goran ZIP L09,Slijepčević,M,2020-02-08 20:06:00.000 +0100,1,0
desna,Goran ZIP L09,Slijepčević,M,2020-02-20 01:01:00.000 +0100,1,0
desna,Goran ZIP L09,Slijepčević,M,2022-05-20 03:09:00.000 +0200,1,0
desna,Goran ZIP L09,Slijepčević,M,2022-05-29 17:36:00.000 +0200,1,0
desna,Goran ZIP L09,Slijepčević,M,2022-06-13 17:58:00.000 +0200,1,0
desna,Goran ZIP L09,Slijepčević,M,2022-06-30 20:42:00.000 +0200,1,0
desna,Goran ZIP L09,Slijepčević,M,2022-07-16 19:54:00.000 +0200,1,0
desna,Goran ZIP L09,Slijepčević,M,2022-08-01 20:23:00.000 +0200,1,0
desna,Goran ZIP L09,Slijepčević,M,2022-08-22 05:46:00.000 +0200,1,0
desna,Goran ZIP L09,Slijepčević,M,2023-04-16 20:29:00.000 +0200,1,0
desna,Goran ZIP L09,Slijepčević,M,2023-07-08 15:13:00.000 +0200,1,0
desna,Goran ZIP L09,Toplicanec,M,2019-05-21 18:42:00.000 +0200,1,0
desna,Goran ZIP L09,Toplicanec,M,2019-06-04 07:12:00.000 +0200,1,0
desna,Goran ZIP L09,Toplicanec,M,2019-09-04 20:32:00.000 +0200,1,0
desna,Goran ZIP L09,Toplicanec,M,2019-10-15 06:42:00.000 +0200,1,0
desna,Goran ZIP L09,Toplicanec,M,2019-12-28 00:12:00.000 +0100,1,0
desna,Goran ZIP L09,Toplicanec,M,2020-01-07 20:35:00.000 +0100,1,0
desna,Goran ZIP L09,Toplicanec,M,2020-02-06 19:26:00.000 +0100,1,0
desna,Goran ZIP L09,Toplicanec,M,2021-01-23 16:30:00.000 +0100,1,0
desna,Goran ZIP L09,Toplicanec,M,2021-03-12 00:59:00.000 +0100,1,0
desna,Goran ZIP L09,Toplicanec,M,2021-03-27 04:27:00.000 +0100,1,0
desna,Goran ZIP L09,Toplicanec,M,2021-04-05 09:39:00.000 +0200,1,0
desna,Goran ZIP L09,Toplicanec,M,2021-05-04 19:17:00.000 +0200,1,0
desna,Goran ZIP L09,Toplicanec,M,2021-05-09 15:55:00.000 +0200,1,0
desna,Goran ZIP L09,Toplicanec,M,2021-06-11 04:02:00.000 +0200,1,0
desna,Goran ZIP L09,Toplicanec,M,2021-07-11 19:29:00.000 +0200,1,0
desna,Goran ZIP L09,Toplicanec,M,2021-07-21 22:37:00.000 +0200,1,0
desna,Goran ZIP L09,Toplicanec,M,2021-09-24 13:09:00.000 +0200,1,0
desna,Goran ZIP L09,Toplicanec,M,2021-10-09 07:39:00.000 +0200,1,0
desna,Goran ZIP L09,Toplicanec,M,2021-10-19 03:30:00.000 +0200,1,0
desna,Goran ZIP L09,Toplicanec,M,2021-10-26 07:03:00.000 +0200,1,0
desna,Goran ZIP L09,Toplicanec,M,2021-10-28 15:53:00.000 +0200,1,0
desna,Goran ZIP L09,Toplicanec,M,2021-12-08 15:57:00.000 +0100,1,0
desna,Goran ZIP L09,Toplicanec,M,2021-12-08 19:08:00.000 +0100,1,0
desna,Goran ZIP L09,Toplicanec,M,2022-03-14 04:29:00.000 +0100,1,0
desna,Goran ZIP L09,Toplicanec,M,2022-03-20 20:32:00.000 +0100,1,0
desna,Goran ZIP L09,Toplicanec,M,2022-03-24 09:31:00.000 +0100,1,0
front,Goran ZIP L09,Iskrić,M,2021-12-11 12:22:00.000 +0100,1,0
front,Goran ZIP L09,Iskrić,M,2022-03-13 08:34:00.000 +0100,1,0
front,Goran ZIP L09,Toplicanec,M,2019-10-15 06:42:00.000 +0200,1,0
front,Goran ZIP L09,Toplicanec,M,2019-10-20 05:46:00.000 +0200,1,0
front,Goran ZIP L09,Toplicanec,M,2021-02-15 07:15:00.000 +0100,1,0
front,Goran ZIP L09,Toplicanec,M,2021-06-11 04:55:00.000 +0200,1,0
lijeva,Goran ZIP L09,Blašković,M,2020-07-21 16:18:00.000 +0200,1,0
lijeva,Goran ZIP L09,Blašković,M,2020-11-14 05:34:00.000 +0100,1,0
lijeva,Goran ZIP L09,Blašković,M,2020-11-24 03:22:00.000 +0100,1,0
lijeva,Goran ZIP L09,Blašković,M,2020-11-24 09:59:00.000 +0100,1,0
lijeva,Goran ZIP L09,Blašković,M,2020-11-24 14:48:00.000 +0100,1,0
lijeva,Goran ZIP L09,Blašković,M,2020-11-24 16:20:00.000 +0100,1,0
lijeva,Goran ZIP L09,Blašković,M,2021-01-11 21:50:00.000 +0100,1,0
lijeva,Goran ZIP L09,Blašković,M,2021-01-29 21:20:00.000 +0100,1,0
lijeva,Goran ZIP L09,Blašković,M,2021-02-23 16:53:00.000 +0100,1,0
lijeva,Goran ZIP L09,Blašković,M,2021-03-16 17:32:00.000 +0100,1,0
lijeva,Goran ZIP L09,Gomerčić,M,2020-10-01 03:55:00.000 +0200,1,0
lijeva,Goran ZIP L09,Iskrić,M,2020-11-05 17:18:00.000 +0100,1,0
lijeva,Goran ZIP L09,Iskrić,M,2020-12-24 23:30:00.000 +0100,1,0
lijeva,Goran ZIP L09,Iskrić,M,2020-12-28 04:24:00.000 +0100,1,0
lijeva,Goran ZIP L09,Iskrić,M,2021-02-11 10:23:00.000 +0100,1,0
lijeva,Goran ZIP L09,Iskrić,M,2021-02-20 12:58:00.000 +0100,1,0
lijeva,Goran ZIP L09,Iskrić,M,2021-03-08 10:16:00.000 +0100,1,0
lijeva,Goran ZIP L09,Iskrić,M,2021-06-28 04:16:00.000 +0200,1,0
lijeva,Goran ZIP L09,Iskrić,M,2021-09-08 09:28:00.000 +0200,1,0
lijeva,Goran ZIP L09,Iskrić,M,2021-09-13 03:20:00.000 +0200,1,0
lijeva,Goran ZIP L09,Iskrić,M,2021-10-04 18:03:00.000 +0200,1,0
lijeva,Goran ZIP L09,Iskrić,M,2021-10-13 18:48:00.000 +0200,1,0
lijeva,Goran ZIP L09,Iskrić,M,2021-11-03 00:48:00.000 +0100,1,0
lijeva,Goran ZIP L09,Iskrić,M,2021-11-17 23:10:00.000 +0100,1,0
lijeva,Goran ZIP L09,Iskrić,M,2021-11-25 16:02:00.000 +0100,1,0
lijeva,Goran ZIP L09,Iskrić,M,2021-11-29 16:19:00.000 +0100,1,0
lijeva,Goran ZIP L09,Iskrić,M,2021-12-11 12:22:00.000 +0100,1,0
lijeva,Goran ZIP L09,Iskrić,M,2021-12-21 02:10:00.000 +0100,1,0
lijeva,Goran ZIP L09,Iskrić,M,2021-12-28 14:12:00.000 +0100,1,0
lijeva,Goran ZIP L09,Iskrić,M,2022-01-16 08:19:00.000 +0100,1,0
lijeva,Goran ZIP L09,Iskrić,M,2022-01-31 14:16:00.000 +0100,1,0
lijeva,Goran ZIP L09,Iskrić,M,2022-02-08 05:09:00.000 +0100,1,0
lijeva,Goran ZIP L09,Iskrić,M,2022-02-15 17:57:00.000 +0100,1,0
lijeva,Goran ZIP L09,Iskrić,M,2022-02-17 22:51:00.000 +0100,1,0
lijeva,Goran ZIP L09,Iskrić,M,2022-03-13 09:34:00.000 +0100,1,0
lijeva,Goran ZIP L09,Iskrić,M,2022-04-04 03:44:00.000 +0200,1,0
lijeva,Goran ZIP L09,Iskrić,M,2022-04-11 00:17:00.000 +0200,1,0
lijeva,Goran ZIP L09,Iskrić,M,2022-04-15 00:36:00.000 +0200,1,0
lijeva,Goran ZIP L09,Iskrić,M,2022-04-23 16:53:00.000 +0200,1,0
lijeva,Goran ZIP L09,Iskrić,M,2022-04-29 14:38:00.000 +0200,1,0
lijeva,Goran ZIP L09,Iskrić,M,2022-05-01 03:40:00.000 +0200,1,0
lijeva,Goran ZIP L09,Iskrić,M,2022-05-02 12:39:00.000 +0200,1,0
lijeva,Goran ZIP L09,Iskrić,M,2022-08-30 10:45:00.000 +0200,1,0
lijeva,Goran ZIP L09,Modrić,M,2016-10-22 05:18:00.000 +0200,1,0
lijeva,Goran ZIP L09,Slijepčević,M,2020-02-08 20:06:00.000 +0100,1,0
lijeva,Goran ZIP L09,Slijepčević,M,2020-02-20 01:01:00.000 +0100,1,0
lijeva,Goran ZIP L09,Slijepčević,M,2022-07-16 19:54:00.000 +0200,1,0
lijeva,Goran ZIP L09,Slijepčević,M,2023-04-16 20:29:00.000 +0200,1,0
lijeva,Goran ZIP L09,Slijepčević,M,2023-07-08 15:13:00.000 +0200,1,0
lijeva,Goran ZIP L09,Toplicanec,M,2019-02-16 22:04:00.000 +0100,1,0
lijeva,Goran ZIP L09,Toplicanec,M,2019-05-21 18:42:00.000 +0200,1,0
lijeva,Goran ZIP L09,Toplicanec,M,2019-06-01 20:37:00.000 +0200,1,0
lijeva,Goran ZIP L09,Toplicanec,M,2019-09-04 20:32:00.000 +0200,1,0
lijeva,Goran ZIP L09,Toplicanec,M,2019-10-20 05:46:00.000 +0200,1,0
lijeva,Goran ZIP L09,Toplicanec,M,2019-11-20 02:44:00.000 +0100,1,0
lijeva,Goran ZIP L09,Toplicanec,M,2019-12-04 22:49:00.000 +0100,1,0
lijeva,Goran ZIP L09,Toplicanec,M,2020-02-15 03:17:00.000 +0100,1,0
lijeva,Goran ZIP L09,Toplicanec,M,2020-02-20 18:12:00.000 +0100,1,0
lijeva,Goran ZIP L09,Toplicanec,M,2020-03-02 11:23:00.000 +0100,1,0
lijeva,Goran ZIP L09,Toplicanec,M,2020-04-13 03:20:00.000 +0200,1,0
lijeva,Goran ZIP L09,Toplicanec,M,2020-05-12 17:24:00.000 +0200,1,0
lijeva,Goran ZIP L09,Toplicanec,M,2020-12-02 08:00:00.000 +0100,1,0
lijeva,Goran ZIP L09,Toplicanec,M,2020-12-02 09:29:00.000 +0100,1,0
lijeva,Goran ZIP L09,Toplicanec,M,2020-12-15 11:05:00.000 +0100,1,0
lijeva,Goran ZIP L09,Toplicanec,M,2020-12-31 22:53:00.000 +0100,1,0
lijeva,Goran ZIP L09,Toplicanec,M,2021-02-07 05:20:00.000 +0100,1,0
lijeva,Goran ZIP L09,Toplicanec,M,2021-02-13 03:40:00.000 +0100,1,0
lijeva,Goran ZIP L09,Toplicanec,M,2021-02-15 07:15:00.000 +0100,1,0
lijeva,Goran ZIP L09,Toplicanec,M,2021-02-19 12:29:00.000 +0100,1,0
lijeva,Goran ZIP L09,Toplicanec,M,2021-03-11 23:59:00.000 +0100,1,0
lijeva,Goran ZIP L09,Toplicanec,M,2021-03-27 04:27:00.000 +0100,1,0
lijeva,Goran ZIP L09,Toplicanec,M,2021-05-01 20:13:00.000 +0200,1,0
lijeva,Goran ZIP L09,Toplicanec,M,2021-05-13 19:31:00.000 +0200,1,0
lijeva,Goran ZIP L09,Toplicanec,M,2021-05-20 20:30:00.000 +0200,1,0
lijeva,Goran ZIP L09,Toplicanec,M,2021-06-06 19:44:00.000 +0200,1,0
lijeva,Goran ZIP L09,Toplicanec,M,2021-06-22 19:52:00.000 +0200,1,0
lijeva,Goran ZIP L09,Toplicanec,M,2021-06-24 20:54:00.000 +0200,1,0
lijeva,Goran ZIP L09,Toplicanec,M,2021-07-11 20:29:00.000 +0200,1,0
lijeva,Goran ZIP L09,Toplicanec,M,2021-07-20 01:49:00.000 +0200,1,0
lijeva,Goran ZIP L09,Toplicanec,M,2021-07-21 23:42:00.000 +0200,1,0
lijeva,Goran ZIP L09,Toplicanec,M,2021-07-29 03:17:00.000 +0200,1,0
lijeva,Goran ZIP L09,Toplicanec,M,2021-07-30 09:06:00.000 +0200,1,0
lijeva,Goran ZIP L09,Toplicanec,M,2021-08-13 05:43:00.000 +0200,1,0
lijeva,Goran ZIP L09,Toplicanec,M,2021-09-22 16:57:00.000 +0200,1,0
lijeva,Goran ZIP L09,Toplicanec,M,2021-11-09 04:53:00.000 +0100,1,0
lijeva,Goran ZIP L09,Toplicanec,M,2022-02-22 10:22:00.000 +0100,1,0
lijeva,Goran ZIP L09,Toplicanec,M,2022-03-06 01:40:00.000 +0100,1,0
none,Goran ZIP L09,Kusak,M,2015-02-09 02:00:00.000 +0100,1,
desna,Goru,Slijepčević,M,2020-03-07 17:46:00.000 +0100,1,0
desna,Goru,Slijepčević,M,2020-03-09 03:47:00.000 +0100,1,0
desna,Goru,Toplicanec,M,2019-04-26 10:00:00.000 +0200,1,0
desna,Grey,Gomerčić,Unknown,2021-08-21 22:32:00.000 +0200,1,0
desna,Grey,Gomerčić,Unknown,2021-09-12 19:54:00.000 +0200,1,0
desna,Grey,Gomerčić,Unknown,2021-11-10 19:20:00.000 +0100,1,0
lijeva,Grey,Gomerčić,Unknown,2021-11-10 19:20:00.000 +0100,1,0
desna,HaRis,Hadzihajdarevic,Unknown,2022-12-11 20:15:00.000 +0100,1,0
lijeva,Hamlet,Kusak,Unknown,2018-05-16 19:34:00.000 +0200,1,0
desna,Hook,Gomerčić,Unknown,2022-10-19 06:42:00.000 +0200,1,0
lijeva,Hrusica_1,Fležar,M,2019-04-12 06:12:00.000 +0200,1,0
lijeva,Hrusica_1,Fležar,M,2019-05-23 14:56:00.000 +0200,1,0
back,Ibsen,Toplicanec,Z,2021-05-04 05:29:00.000 +0200,1,0
desna,Ibsen,Blašković,Z,2021-01-02 02:15:00.000 +0100,2,1
desna,Ibsen,Blašković,Z,2021-03-01 22:16:00.000 +0100,1,0
desna,Ibsen,Krmpotić,Z,2022-08-29 07:30:00.000 +0200,1,0
desna,Ibsen,Krmpotić,Z,2022-09-19 21:01:00.000 +0200,1,0
desna,Ibsen,Krmpotić,Z,2022-09-21 07:48:00.000 +0200,3,2
desna,Ibsen,Toplicanec,Z,2021-04-05 18:32:00.000 +0200,2,0
desna,Ibsen,Toplicanec,Z,2021-04-17 04:59:00.000 +0200,1,0
desna,Ibsen,Toplicanec,Z,2021-05-04 05:29:00.000 +0200,1,0
desna,Ibsen,Toplicanec,Z,2021-05-10 19:43:00.000 +0200,1,0
desna,Ibsen,Toplicanec,Z,2021-05-21 06:03:00.000 +0200,1,0
desna,Ibsen,Toplicanec,Z,2021-05-21 23:21:00.000 +0200,1,0
desna,Ibsen,Toplicanec,Z,2021-06-01 13:26:00.000 +0200,1,0
desna,Ibsen,Toplicanec,Z,2022-03-22 13:48:00.000 +0100,2,0
lijeva,Ibsen,Blašković,Z,2021-03-01 22:16:00.000 +0100,1,0
lijeva,Ibsen,Krmpotić,Z,2022-09-19 21:01:00.000 +0200,1,0
lijeva,Ibsen,Toplicanec,Z,2021-03-22 12:53:00.000 +0100,1,0
lijeva,Ibsen,Toplicanec,Z,2021-03-26 03:33:00.000 +0100,1,0
lijeva,Ibsen,Toplicanec,Z,2021-04-04 00:15:00.000 +0200,1,0
lijeva,Ibsen,Toplicanec,Z,2021-04-05 18:32:00.000 +0200,2,0
lijeva,Ibsen,Toplicanec,Z,2021-04-17 04:59:00.000 +0200,1,0
lijeva,Ibsen,Toplicanec,Z,2021-04-17 07:07:00.000 +0200,1,0
lijeva,Ibsen,Toplicanec,Z,2022-03-23 06:10:00.000 +0100,1,0
none,Ibsen,Krmpotić,Z,2022-09-21 07:48:00.000 +0200,3,2
desna,Ibsen mladunac1 2022,Krmpotić,M,2022-09-21 07:48:00.000 +0200,3,2
none,Ibsen mladunac1 2022,Krmpotić,M,2022-09-21 07:48:00.000 +0200,3,2
desna,Ibsen mladunac2 2022,Krmpotić,Unknown,2022-09-21 07:48:00.000 +0200,3,2
none,Ibsen mladunac2 2022,Krmpotić,Unknown,2022-09-21 07:48:00.000 +0200,3,2
desna,Ilija,Selanec,Unknown,2018-11-16 01:31:00.000 +0100,1,0
desna,Ilija,Selanec,Unknown,2018-11-27 02:31:00.000 +0100,1,0
desna,Ilija,Selanec,Unknown,2019-02-25 00:06:00.000 +0100,1,0
desna,Ilija,Selanec,Unknown,2020-06-14 03:42:00.000 +0200,1,0
lijeva,Ilija,Selanec,Unknown,2018-11-16 01:31:00.000 +0100,1,0
lijeva,Ilija,Selanec,Unknown,2018-11-27 02:31:00.000 +0100,1,0
lijeva,Ilija,Selanec,Unknown,2018-12-31 04:58:00.000 +0100,1,0
none,Ilija,Selanec,Unknown,2018-12-31 04:58:00.000 +0100,1,0
back,Irena,Tomaić,Z,2020-10-29 16:30:00.000 +0100,1,0
back,Irena,Tomaić,Z,2020-11-10 16:25:00.000 +0100,1,0
desna,Irena,Tomaić,Z,2019-12-25 18:18:00.000 +0100,2,0
desna,Irena,Tomaić,Z,2019-12-28 03:50:00.000 +0100,1,0
desna,Irena,Tomaić,Z,2020-01-01 07:00:00.000 +0100,1,0
desna,Irena,Tomaić,Z,2020-01-21 19:15:00.000 +0100,1,0
desna,Irena,Tomaić,Z,2020-02-04 17:57:00.000 +0100,1,0
desna,Irena,Tomaić,Z,2020-10-09 04:19:00.000 +0200,2,0
desna,Irena,Tomaić,Z,2020-10-23 15:43:00.000 +0200,1,0
desna,Irena,Tomaić,Z,2020-10-28 06:55:00.000 +0100,1,0
desna,Irena,Tomaić,Z,2020-12-19 05:52:00.000 +0100,1,0
desna,Irena,Tomaić,Z,2020-12-29 17:45:00.000 +0100,1,0
desna,Irena,Tomaić,Z,2021-01-05 04:39:00.000 +0100,1,0
desna,Irena,Tomaić,Z,2021-02-15 05:00:00.000 +0100,1,0
desna,Irena,Tomaić,Z,2021-12-13 20:06:00.000 +0100,1,0
desna,Irena,Tomaić,Z,2021-12-14 02:16:00.000 +0100,1,0
desna,Irena,Tomaić,Z,2022-01-05 16:38:00.000 +0100,1,0
desna,Irena,Tomaić,Z,2022-01-15 03:49:00.000 +0100,1,0
desna,Irena,Tomaić,Z,2022-02-27 06:46:00.000 +0100,1,0
desna,Irena,Tomaić,Z,2022-10-25 15:12:00.000 +0200,1,0
desna,Irena,Tomaić,Z,2022-11-19 09:10:00.000 +0100,1,0
desna,Irena,Tomaić,Z,2022-11-23 00:43:00.000 +0100,1,0
desna,Irena,Tomaić,Z,2022-11-23 10:32:00.000 +0100,3,2
desna,Irena,Tomaić,Z,2022-12-07 14:17:00.000 +0100,1,0
desna,Irena,Tomaić,Z,2023-01-05 22:37:00.000 +0100,2,1
front,Irena,Tomaić,Z,2019-12-25 18:18:00.000 +0100,2,0
lijeva,Irena,Tomaić,Z,2019-08-09 19:49:00.000 +0200,1,0
lijeva,Irena,Tomaić,Z,2019-12-25 18:18:00.000 +0100,2,0
lijeva,Irena,Tomaić,Z,2019-12-28 03:50:00.000 +0100,1,0
lijeva,Irena,Tomaić,Z,2020-01-01 07:00:00.000 +0100,1,0
lijeva,Irena,Tomaić,Z,2020-01-09 02:55:00.000 +0100,1,0
lijeva,Irena,Tomaić,Z,2020-02-03 20:07:00.000 +0100,1,0
lijeva,Irena,Tomaić,Z,2020-02-04 17:57:00.000 +0100,1,0
lijeva,Irena,Tomaić,Z,2020-10-09 04:19:00.000 +0200,2,0
lijeva,Irena,Tomaić,Z,2020-10-13 01:05:00.000 +0200,1,0
lijeva,Irena,Tomaić,Z,2020-10-19 03:49:00.000 +0200,1,0
lijeva,Irena,Tomaić,Z,2020-11-10 16:25:00.000 +0100,1,0
lijeva,Irena,Tomaić,Z,2020-12-29 20:03:00.000 +0100,1,0
lijeva,Irena,Tomaić,Z,2021-01-05 04:39:00.000 +0100,1,0
lijeva,Irena,Tomaić,Z,2021-01-05 05:28:00.000 +0100,1,0
lijeva,Irena,Tomaić,Z,2021-02-15 05:00:00.000 +0100,1,0
lijeva,Irena,Tomaić,Z,2021-02-27 01:02:00.000 +0100,1,0
lijeva,Irena,Tomaić,Z,2022-01-15 16:27:00.000 +0100,1,0
lijeva,Irena,Tomaić,Z,2022-02-27 06:46:00.000 +0100,1,0
lijeva,Irena,Tomaić,Z,2022-03-19 13:49:00.000 +0100,1,0
lijeva,Irena,Tomaić,Z,2022-07-19 00:36:00.000 +0200,1,0
lijeva,Irena,Tomaić,Z,2022-09-12 08:00:00.000 +0200,1,0
lijeva,Irena,Tomaić,Z,2022-09-13 08:53:00.000 +0200,1,0
lijeva,Irena,Tomaić,Z,2022-09-13 19:58:00.000 +0200,3,2
lijeva,Irena,Tomaić,Z,2022-10-13 05:06:00.000 +0200,1,0
lijeva,Irena,Tomaić,Z,2022-10-26 15:02:00.000 +0200,1,0
lijeva,Irena,Tomaić,Z,2022-11-23 01:08:00.000 +0100,1,0
lijeva,Irena,Tomaić,Z,2022-12-07 14:17:00.000 +0100,1,0
lijeva,Irena,Tomaić,Z,2023-01-05 22:37:00.000 +0100,2,1
desna,Irena mladunac1 2022,Tomaić,Unknown,2022-11-23 10:32:00.000 +0100,3,2
desna,Irena mladunac2 2022,Tomaić,Unknown,2022-11-23 10:32:00.000 +0100,3,2
desna,Iris,Tomaić,Z,2018-06-03 05:31:00.000 +0200,1,0
desna,Iris,Tomaić,Z,2018-06-16 18:26:00.000 +0200,1,0
desna,Iris,Tomaić,Z,2019-06-28 20:33:00.000 +0200,2,0
desna,Iris,Tomaić,Z,2019-10-01 04:14:00.000 +0200,4,3
lijeva,Iris,Tomaić,Z,2018-06-03 05:31:00.000 +0200,1,0
lijeva,Iris,Tomaić,Z,2019-06-28 20:33:00.000 +0200,2,0
lijeva,Iris,Tomaić,Z,2019-08-15 12:35:00.000 +0200,4,3
lijeva,Iris,Tomaić,Z,2019-10-01 04:14:00.000 +0200,4,3
back,Iva L10,Kusak,Z,2015-11-13 16:41:00.000 +0100,1,0
back,Iva L10,Kusak,Z,2015-12-08 17:35:00.000 +0100,1,0
desna,Iva L10,Kusak,Z,2015-07-08 03:21:00.000 +0200,1,0
desna,Iva L10,Kusak,Z,2015-09-14 10:59:00.000 +0200,1,0
desna,Iva L10,Kusak,Z,2015-11-13 16:41:00.000 +0100,1,0
lijeva,Iva L10,Kusak,Z,2014-10-13 19:04:00.000 +0200,1,0
lijeva,Iva L10,Kusak,Z,2015-03-29 03:57:00.000 +0200,1,0
lijeva,Iva L10,Kusak,Z,2015-04-18 15:32:00.000 +0200,1,0
lijeva,Iva L10,Kusak,Z,2015-04-20 16:54:00.000 +0200,1,0
lijeva,Iva L10,Kusak,Z,2015-04-21 09:21:00.000 +0200,1,0
lijeva,Iva L10,Kusak,Z,2015-12-12 17:00:00.000 +0100,1,0
none,Ivek L03,Kusak,M,2006-11-30 02:00:00.000 +0100,1,0
desna,Ivica L15,Kusak,M,2016-02-21 11:54:00.000 +0100,1,
desna,Ivica L15,Kusak,M,2016-04-17 15:29:00.000 +0200,1,
desna,Ivica L15,Kusak,M,2016-05-06 06:48:00.000 +0200,1,
desna,Ivica L15,Kusak,M,2016-05-06 18:28:00.000 +0200,1,
desna,Ivica L15,Kusak,M,2016-05-08 09:10:00.000 +0200,1,
desna,Ivica L15,Kusak,M,2016-05-17 09:07:00.000 +0200,1,
desna,Ivica L15,Kusak,M,2016-05-30 10:40:00.000 +0200,1,
desna,Ivica L15,Kusak,M,2016-12-23 08:21:00.000 +0100,1,
desna,Ivica L15,Kusak,M,2017-03-30 08:33:00.000 +0200,1,
desna,Ivica L15,Kusak,M,2017-04-01 15:55:00.000 +0200,1,
desna,Ivica L15,Kusak,M,2017-05-14 16:39:00.000 +0200,1,
desna,Ivica L15,Kusak,M,2017-06-13 06:30:00.000 +0200,1,
desna,Ivica L15,Kusak,M,2017-08-23 15:58:00.000 +0200,1,
desna,Ivica L15,Kusak,M,2018-05-21 08:07:00.000 +0200,1,0
desna,Ivica L15,Kusak,M,2018-06-03 04:29:00.000 +0200,1,0
desna,Ivica L15,Kusak,M,2018-07-20 16:42:00.000 +0200,1,0
desna,Ivica L15,Kusak,M,2018-09-02 08:15:00.000 +0200,1,0
desna,Ivica L15,Kusak,M,2018-09-28 13:27:00.000 +0200,1,0
front,Ivica L15,Kusak,M,2015-10-24 20:31:00.000 +0200,1,0
front,Ivica L15,Kusak,M,2017-04-01 15:55:00.000 +0200,1,
lijeva,Ivica L15,Kusak,M,2016-03-14 18:02:00.000 +0100,1,
lijeva,Ivica L15,Kusak,M,2016-04-01 16:54:00.000 +0200,1,
lijeva,Ivica L15,Kusak,M,2016-04-22 17:16:00.000 +0200,1,
lijeva,Ivica L15,Kusak,M,2016-05-06 06:48:00.000 +0200,1,
lijeva,Ivica L15,Kusak,M,2016-06-11 05:45:00.000 +0200,1,
lijeva,Ivica L15,Kusak,M,2016-06-22 06:34:00.000 +0200,1,
lijeva,Ivica L15,Kusak,M,2017-02-08 17:09:00.000 +0100,1,
lijeva,Ivica L15,Kusak,M,2017-03-04 15:45:00.000 +0100,1,
lijeva,Ivica L15,Kusak,M,2017-03-10 16:14:00.000 +0100,1,
lijeva,Ivica L15,Kusak,M,2017-03-21 14:05:00.000 +0100,1,
lijeva,Ivica L15,Kusak,M,2017-03-30 09:09:00.000 +0200,1,
lijeva,Ivica L15,Kusak,M,2017-07-07 23:47:00.000 +0200,1,0
lijeva,Ivica L15,Kusak,M,2017-11-05 03:11:00.000 +0100,1,1
lijeva,Ivica L15,Kusak,M,2018-05-08 11:59:00.000 +0200,1,0
lijeva,Ivica L15,Kusak,M,2018-05-22 07:15:00.000 +0200,1,0
lijeva,Ivica L15,Kusak,M,2018-05-24 16:33:00.000 +0200,1,0
none,Ivica L15,Kusak,M,2017-12-05 12:00:00.000 +0100,1,0
none,Ivica L15,Kusak,M,2017-12-12 23:00:00.000 +0100,1,0
none,Ivica L15,Kusak,M,2017-12-28 05:00:00.000 +0100,1,0
none,Ivica L15,Kusak,M,2018-01-03 07:00:00.000 +0100,1,0
back,Jasmina,Selanec,Z,2018-11-18 21:02:00.000 +0100,3,2
desna,Jasmina,Selanec,Z,2018-11-18 21:02:00.000 +0100,3,2
desna,Jasmina,Selanec,Z,2019-03-31 01:41:00.000 +0100,1,0
none,Jasmina,Fabijanić,Z,2023-05-18 18:34:00.000 +0200,1,0
lijeva,Javorniki1,Fležar,Unknown,2018-08-31 16:38:00.000 +0200,1,0
desna,Jela LCRO21,Paulić,Z,2021-03-10 16:17:00.000 +0100,1,0
desna,Jela LCRO21,Slijepčević,Z,2019-11-11 14:10:00.000 +0100,1,0
desna,Jela LCRO21,Slijepčević,Z,2019-11-25 20:20:00.000 +0100,1,0
desna,Jela LCRO21,Slijepčević,Z,2020-01-29 06:08:00.000 +0100,1,0
desna,Jela LCRO21,Toplicanec,Z,2021-10-03 12:00:00.000 +0200,1,0
front,Jela LCRO21,Paulić,Z,2021-03-10 16:17:00.000 +0100,1,0
lijeva,Jela LCRO21,Slijepčević,Z,2019-11-11 14:10:00.000 +0100,1,0
lijeva,Jela LCRO21,Slijepčević,Z,2019-11-25 20:20:00.000 +0100,1,0
lijeva,Jela LCRO21,Slijepčević,Z,2020-01-29 06:08:00.000 +0100,1,0
lijeva,Jela LCRO21,Toplicanec,Z,2021-10-03 12:00:00.000 +0200,1,0
desna,Jere,Hadzihajdarevic,Unknown,2023-01-05 12:27:00.000 +0100,1,0
desna,Jere,Čmelar,Unknown,2022-10-30 04:37:00.000 +0100,1,0
lijeva,Jere,Čmelar,Unknown,2022-10-30 04:37:00.000 +0100,1,0
desna,Josip L29,Blašković,M,2021-12-23 04:58:00.000 +0100,1,0
desna,Josip L29,Blašković,M,2022-06-28 17:00:00.000 +0200,1,0
desna,Josip L29,Gomerčić,M,2020-08-26 19:57:00.000 +0200,1,0
desna,Josip L29,Salkić,M,2023-03-24 22:30:00.000 +0100,1,0
desna,Josip L29,Tomaić,M,2019-12-11 03:02:00.000 +0100,1,0
desna,Josip L29,Tomaić,M,2019-12-24 14:55:00.000 +0100,1,0
desna,Josip L29,Tomaić,M,2019-12-25 18:18:00.000 +0100,2,0
desna,Josip L29,Tomaić,M,2020-01-13 07:20:00.000 +0100,1,0
desna,Josip L29,Tomaić,M,2020-01-25 05:08:00.000 +0100,1,0
desna,Josip L29,Tomaić,M,2020-02-05 06:18:00.000 +0100,1,0
desna,Josip L29,Tomaić,M,2020-04-07 17:10:00.000 +0200,1,0
desna,Josip L29,Tomaić,M,2021-07-18 07:48:00.000 +0200,1,0
desna,Josip L29,Tomaić,M,2022-04-03 02:29:00.000 +0200,1,0
desna,Josip L29,Tomaić,M,2022-11-22 01:17:00.000 +0100,1,0
desna,Josip L29,Tomaić,M,2023-04-11 04:59:00.000 +0200,1,0
desna,Josip L29,Tomaić,M,2023-05-28 23:37:00.000 +0200,1,0
front,Josip L29,Blašković,M,2022-01-07 12:54:00.000 +0100,1,0
front,Josip L29,Tomaić,M,2019-12-25 18:18:00.000 +0100,2,0
lijeva,Josip L29,Blašković,M,2020-12-07 05:57:00.000 +0100,1,0
lijeva,Josip L29,Blašković,M,2021-02-12 22:33:00.000 +0100,1,0
lijeva,Josip L29,Blašković,M,2021-10-18 05:07:00.000 +0200,1,0
lijeva,Josip L29,Blašković,M,2021-12-17 18:12:00.000 +0100,1,0
lijeva,Josip L29,Gomerčić,M,2020-08-26 19:57:00.000 +0200,1,0
lijeva,Josip L29,Tomaić,M,2019-12-19 05:02:00.000 +0100,1,0
lijeva,Josip L29,Tomaić,M,2019-12-24 14:55:00.000 +0100,1,0
lijeva,Josip L29,Tomaić,M,2019-12-25 18:18:00.000 +0100,2,0
lijeva,Josip L29,Tomaić,M,2020-01-25 05:08:00.000 +0100,1,0
lijeva,Josip L29,Tomaić,M,2020-02-05 06:18:00.000 +0100,1,0
lijeva,Josip L29,Tomaić,M,2020-02-28 15:04:00.000 +0100,1,0
lijeva,Josip L29,Tomaić,M,2021-05-14 16:47:00.000 +0200,1,0
lijeva,Josip L29,Tomaić,M,2021-07-18 07:48:00.000 +0200,1,0
lijeva,Josip L29,Tomaić,M,2021-11-09 04:36:00.000 +0100,1,0
lijeva,Josip L29,Tomaić,M,2021-12-06 02:02:00.000 +0100,1,0
lijeva,Josip L29,Tomaić,M,2022-12-08 07:45:00.000 +0100,1,0
lijeva,Josip L29,Tomaić,M,2023-01-18 14:50:00.000 +0100,1,0
lijeva,Josip L29,Tomaić,M,2023-02-01 13:00:00.000 +0100,1,0
lijeva,Josip L29,Toplicanec,M,2023-03-15 16:00:00.000 +0100,1,0
none,Josip L29,Blašković,M,2023-03-30 12:00:00.000 +0200,1,0
none,Josip L29,Tomaić,M,2022-02-23 00:00:00.000 +0100,1,0
none,Josip L29,Tomaić,M,2022-03-17 21:00:00.000 +0100,1,0
none,Josip L29,Tomaić,M,2022-04-03 05:00:00.000 +0200,1,0
none,Josip L29,Tomaić,M,2022-04-15 12:00:00.000 +0200,1,0
none,Josip L29,Tomaić,M,2023-03-01 15:00:00.000 +0100,1,0
none,Josip L29,Toplicanec,M,2023-02-14 21:00:00.000 +0100,1,0
desna,Jure,Blašković,Z,2023-03-21 18:28:00.000 +0100,2,0
desna,Jure,Blašković,Z,2023-04-08 17:05:00.000 +0200,1,0
desna,Jure,Tomaić,Z,2022-10-11 10:12:00.000 +0200,1,0
desna,Jure,Tomaić,Z,2022-10-28 16:38:00.000 +0200,1,0
desna,Jure,Tomaić,Z,2022-12-20 04:44:00.000 +0100,1,0
desna,Jure,Toplicanec,Z,2023-07-13 12:00:00.000 +0200,2,1
desna,Jurjeva_1,Fležar,Z,2018-10-30 01:24:00.000 +0100,1,1
desna,Jurjeva_3,Fležar,M,2018-12-26 08:03:00.000 +0100,1,0
desna,Kain,Blašković,Unknown,2021-03-02 02:30:00.000 +0100,1,0
desna,Kain,Toplicanec,Unknown,2021-02-11 03:41:00.000 +0100,1,0
desna,Kain,Toplicanec,Unknown,2021-03-22 12:49:00.000 +0100,1,0
desna,Kain,Toplicanec,Unknown,2021-04-05 18:32:00.000 +0200,2,0
desna,Kain,Toplicanec,Unknown,2021-04-05 22:37:00.000 +0200,1,0
desna,Kain,Toplicanec,Unknown,2022-03-22 13:48:00.000 +0100,2,0
desna,Kain,Čmelar,Unknown,2023-01-13 18:24:00.000 +0100,1,0
desna,Kain,Čmelar,Unknown,2023-01-14 07:42:00.000 +0100,1,0
desna,Kain,Čmelar,Unknown,2023-02-23 23:27:00.000 +0100,1,0
desna,Kain,Čmelar,Unknown,2023-03-07 05:24:00.000 +0100,1,0
desna,Kain,Čmelar,Unknown,2023-03-14 22:43:00.000 +0100,1,0
desna,Kain,Čmelar,Unknown,2023-03-20 23:42:00.000 +0100,1,0
desna,Kain,Čmelar,Unknown,2023-04-02 16:41:00.000 +0200,1,0
lijeva,Kain,Blašković,Unknown,2021-03-02 02:30:00.000 +0100,1,0
lijeva,Kain,Blašković,Unknown,2021-03-06 08:08:00.000 +0100,1,0
lijeva,Kain,Paulić,Unknown,2021-05-04 04:56:00.000 +0200,1,0
lijeva,Kain,Toplicanec,Unknown,2021-03-20 16:53:00.000 +0100,1,0
lijeva,Kain,Toplicanec,Unknown,2021-04-05 18:32:00.000 +0200,2,0
lijeva,Kain,Čmelar,Unknown,2023-01-13 18:24:00.000 +0100,1,0
lijeva,Kain,Čmelar,Unknown,2023-01-14 07:42:00.000 +0100,1,0
lijeva,Kain,Čmelar,Unknown,2023-03-15 13:33:00.000 +0100,1,0
lijeva,Kain,Čmelar,Unknown,2023-03-20 23:42:00.000 +0100,1,0
lijeva,Kain,Čmelar,Unknown,2023-04-02 16:41:00.000 +0200,1,0
lijeva,Kain,Čmelar,Unknown,2023-04-04 18:02:00.000 +0200,1,0
lijeva,Kain,Čmelar,Unknown,2023-04-12 05:58:00.000 +0200,1,0
lijeva,Kain,Čmelar,Unknown,2023-04-21 21:56:00.000 +0200,1,0
desna,Kali,Blašković,Unknown,2021-06-05 19:45:00.000 +0200,1,0
lijeva,Kambrce_1,Fležar,Unknown,2019-12-21 07:37:00.000 +0100,1,0
lijeva,Kan,Rukavina,Unknown,2021-06-29 02:00:00.000 +0200,1,0
lijeva,Kan,Rukavina,Unknown,2021-07-08 21:52:00.000 +0200,1,0
desna,Kapela,Gomerčić,Unknown,2018-11-05 06:52:00.000 +0100,1,0
desna,Kapela,Ivanov,Unknown,2020-03-18 17:23:00.000 +0100,1,0
front,Kapela,Ivanov,Unknown,2020-03-18 17:23:00.000 +0100,1,0
front,Kapela 2,Ivanov,Unknown,2019-09-12 06:08:00.000 +0200,1,0
lijeva,Kapela 2,Gomerčić,Unknown,2019-02-09 23:15:00.000 +0100,1,0
lijeva,Kapela 2,Ivanov,Unknown,2019-09-12 06:08:00.000 +0200,1,0
none,Karlo,Slijepčević,M,2022-10-01 17:00:00.000 +0200,1,1
desna,Kazo L23 ,Blašković,M,2022-02-19 12:00:00.000 +0100,1,0
desna,Kazo L23 ,Kusak,M,2018-10-06 04:33:00.000 +0200,1,0
desna,Kazo L23 ,Kusak,M,2019-04-26 19:05:00.000 +0200,1,0
desna,Kazo L23 ,Kusak,M,2020-02-20 04:01:00.000 +0100,1,0
desna,Kazo L23 ,Kusak,M,2021-03-31 19:27:00.000 +0200,1,0
desna,Kazo L23 ,Kusak,M,2021-04-14 14:41:00.000 +0200,1,0
desna,Kazo L23 ,Toplicanec,M,2020-02-20 06:00:00.000 +0100,1,0
lijeva,Kazo L23 ,Kusak,M,2019-04-25 19:19:00.000 +0200,1,0
lijeva,Kazo L23 ,Kusak,M,2019-04-26 05:03:00.000 +0200,1,0
lijeva,Kazo L23 ,Kusak,M,2020-03-03 12:00:00.000 +0100,1,0
lijeva,Kazo L23 ,Toplicanec,M,2019-09-22 04:11:00.000 +0200,1,0
lijeva,Kazo L23 ,Toplicanec,M,2020-02-20 06:00:00.000 +0100,1,0
lijeva,Kazo L23 ,Toplicanec,M,2020-05-12 18:52:00.000 +0200,1,0
back,Kiko,Hadzihajdarevic,Unknown,2023-05-11 19:06:00.000 +0200,1,0
back,Kiko,Hadzihajdarevic,Unknown,2023-09-09 03:17:00.000 +0200,1,0
desna,Kiko,Hadzihajdarevic,Unknown,2022-12-28 20:41:00.000 +0100,1,0
desna,Kiko,Hadzihajdarevic,Unknown,2023-12-19 01:57:00.000 +0100,1,0
desna,Kiko,Čmelar,Unknown,2022-09-26 03:17:00.000 +0200,1,0
desna,Kiko,Čmelar,Unknown,2022-10-16 01:01:00.000 +0200,1,0
desna,Kiko,Čmelar,Unknown,2022-11-04 02:19:00.000 +0100,1,0
desna,Kiko,Čmelar,Unknown,2022-11-07 05:09:00.000 +0100,1,0
desna,Kiko,Čmelar,Unknown,2022-11-12 21:26:00.000 +0100,1,0
desna,Kiko,Čmelar,Unknown,2022-11-27 21:40:00.000 +0100,1,0
desna,Kiko,Čmelar,Unknown,2022-12-04 04:29:00.000 +0100,1,0
lijeva,Kiko,Hadzihajdarevic,Unknown,2023-01-16 05:51:00.000 +0100,1,0
lijeva,Kiko,Hadzihajdarevic,Unknown,2023-05-11 19:06:00.000 +0200,1,0
lijeva,Kiko,Hadzihajdarevic,Unknown,2023-06-04 02:36:00.000 +0200,1,0
lijeva,Kiko,Hadzihajdarevic,Unknown,2023-09-09 03:17:00.000 +0200,1,0
lijeva,Kiko,Ivanov,Unknown,2022-09-16 18:00:00.000 +0200,1,0
lijeva,Kiko,Čmelar,Unknown,2022-10-07 02:52:00.000 +0200,1,0
lijeva,Kiko,Čmelar,Unknown,2022-10-09 20:08:00.000 +0200,1,0
lijeva,Kiko,Čmelar,Unknown,2022-10-16 01:01:00.000 +0200,1,0
lijeva,Kiko,Čmelar,Unknown,2022-11-04 02:19:00.000 +0100,1,0
lijeva,Kiko,Čmelar,Unknown,2022-11-07 05:09:00.000 +0100,1,0
lijeva,Kiko,Čmelar,Unknown,2022-11-13 07:16:00.000 +0100,1,0
lijeva,Kiko,Čmelar,Unknown,2022-11-27 21:40:00.000 +0100,1,0
lijeva,Kiko,Čmelar,Unknown,2022-12-04 04:29:00.000 +0100,1,0
none,Kiko,Hadzihajdarevic,Unknown,2023-12-29 04:32:00.000 +0100,1,0
desna,Kira,Blašković,Z,2021-01-02 02:15:00.000 +0100,2,1
desna,Kira,Toplicanec,Z,2020-02-29 15:38:00.000 +0100,2,1
desna,Kira,Toplicanec,Z,2020-03-08 09:47:00.000 +0100,2,1
desna,Kira,Toplicanec,Z,2021-05-02 04:54:00.000 +0200,1,0
desna,Kira,Toplicanec,Z,2021-06-05 00:31:00.000 +0200,1,0
desna,Kira,Toplicanec,Z,2021-10-14 15:50:00.000 +0200,1,0
desna,Kira,Toplicanec,Z,2021-10-26 23:55:00.000 +0200,1,0
desna,Kira,Toplicanec,Z,2021-11-14 08:00:00.000 +0100,1,0
desna,Kira,Toplicanec,Z,2022-04-04 23:58:00.000 +0200,1,0
desna,Kira,Toplicanec,Z,2022-04-05 00:07:00.000 +0200,1,0
desna,Kira,Toplicanec,Z,2022-11-07 13:57:00.000 +0100,1,0
desna,Kira,Toplicanec,Z,2022-11-07 17:48:00.000 +0100,1,0
desna,Kira,Toplicanec,Z,2022-12-03 18:09:00.000 +0100,1,0
desna,Kira,Toplicanec,Z,2022-12-18 14:58:00.000 +0100,1,0
desna,Kira,Toplicanec,Z,2023-03-10 20:22:00.000 +0100,1,0
lijeva,Kira,Toplicanec,Z,2020-02-29 15:38:00.000 +0100,2,1
lijeva,Kira,Toplicanec,Z,2021-02-12 17:17:00.000 +0100,1,0
lijeva,Kira,Toplicanec,Z,2021-03-22 13:05:00.000 +0100,1,0
lijeva,Kira,Toplicanec,Z,2021-10-24 02:27:00.000 +0200,1,0
lijeva,Kira,Toplicanec,Z,2022-01-30 14:28:00.000 +0100,1,0
desna,Klif,Iskrić,M,2022-03-21 12:36:00.000 +0100,1,0
desna,Klif,Iskrić,M,2022-03-22 18:14:00.000 +0100,1,0
lijeva,Klif,Iskrić,M,2022-03-21 12:36:00.000 +0100,1,0
lijeva,Klif,Iskrić,M,2022-03-22 18:14:00.000 +0100,1,0
lijeva,Klif,Iskrić,M,2022-03-23 10:13:00.000 +0100,1,0
desna,Klimenta mladunac1 2019,Špalj,Unknown,2019-11-22 12:40:00.000 +0100,2,2
desna,Klimenta mladunac2 2019,Špalj,Unknown,2019-11-22 12:40:00.000 +0100,2,2
desna,Koda,Iskrić,Unknown,2021-10-10 06:34:00.000 +0200,1,0
desna,Koda,Rukavina,Unknown,2021-05-09 01:11:00.000 +0200,1,0
lijeva,Koda,Iskrić,Unknown,2021-10-10 06:34:00.000 +0200,1,0
lijeva,Koda,Iskrić,Unknown,2021-10-22 03:01:00.000 +0200,1,0
none,Koko L04,Gomerčić,M,2007-01-04 14:40:00.000 +0100,1,1
desna,Kras L34,Gomerčić,M,2023-03-24 12:14:00.000 +0100,1,0
lijeva,Kras L34,Gomerčić,M,2023-03-24 12:14:00.000 +0100,1,0
lijeva,Kras L34,Slijepčević,M,2023-06-24 20:03:00.000 +0200,1,0
lijeva,Kras L34,Slijepčević,M,2024-02-18 19:03:00.000 +0100,1,0
none,Kras L34,Blašković,M,2023-05-11 12:00:00.000 +0200,1,0
none,Kras L34,Blašković,M,2023-05-17 12:00:00.000 +0200,1,0
none,Kras L34,Toplicanec,M,2023-03-27 22:00:00.000 +0200,1,0
none,Kras L34,Toplicanec,M,2023-03-30 20:00:00.000 +0200,1,0
desna,L10 Velebit,Rukavina,Unknown,2018-09-16 19:00:00.000 +0200,1,0
desna,L10 Velebit,Selanec,Unknown,2019-01-17 02:09:00.000 +0100,1,0
desna,L11 Mladunac1 2020,Selanec,Unknown,2020-12-05 03:02:00.000 +0100,3,2
lijeva,L11 Mladunac1 2020,Selanec,Unknown,2020-12-05 03:02:00.000 +0100,3,2
desna,L11 Mladunac2 2020,Selanec,Unknown,2020-12-05 03:02:00.000 +0100,3,2
lijeva,L11 Mladunac2 2020,Selanec,Unknown,2020-12-05 03:02:00.000 +0100,3,2
desna,L11 Velebit,Selanec,Z,2019-02-13 03:17:00.000 +0100,1,0
desna,L11 Velebit,Selanec,Z,2020-12-05 03:02:00.000 +0100,3,2
lijeva,L11 Velebit,Kusak,Z,2016-02-03 23:11:00.000 +0100,1,
lijeva,L11 Velebit,Selanec,Z,2019-02-13 03:17:00.000 +0100,1,0
lijeva,L11 Velebit,Selanec,Z,2020-12-05 03:02:00.000 +0100,3,2
lijeva,L11 Velebit,Sindičić,Z,2016-02-04 01:11:00.000 +0100,1,0
desna,L13 Mladunac 2020,Rukavina,Unknown,2020-10-22 08:16:00.000 +0200,2,1
back,L13 Velebit,Rukavina,Z,2019-08-31 10:27:00.000 +0200,1,0
desna,L13 Velebit,Krmpotić,Z,2022-09-20 21:37:00.000 +0200,1,0
desna,L13 Velebit,Rukavina,Z,2019-04-28 05:06:00.000 +0200,1,0
desna,L13 Velebit,Rukavina,Z,2019-08-31 10:27:00.000 +0200,1,0
desna,L13 Velebit,Rukavina,Z,2020-01-08 05:11:00.000 +0100,1,0
desna,L13 Velebit,Rukavina,Z,2020-10-22 08:16:00.000 +0200,2,1
front,L13 Velebit,Rukavina,Z,2020-01-08 05:11:00.000 +0100,1,0
lijeva,L13 Velebit,Krmpotić,Z,2022-09-20 21:37:00.000 +0200,1,0
lijeva,L13 Velebit,Rukavina,Z,2020-01-08 05:11:00.000 +0100,1,0
lijeva,L15 Mladunac 2020,Blašković,Unknown,2020-08-29 12:13:00.000 +0200,2,1
desna,L15 Velebit,Blašković,Z,2020-11-02 15:00:00.000 +0100,1,0
lijeva,L15 Velebit,Blašković,Z,2020-08-29 12:13:00.000 +0200,2,1
lijeva,L15 Velebit,Blašković,Z,2020-11-02 15:00:00.000 +0100,1,0
lijeva,L15 Velebit,Tomaić,Z,2019-11-12 08:21:00.000 +0100,1,0
lijeva,L19 Velebit,Rukavina,Unknown,2018-07-29 20:02:00.000 +0200,1,0
lijeva,L19 Velebit,Rukavina,Unknown,2018-10-30 08:31:00.000 +0100,1,0
none,L19 Velebit,Rukavina,Unknown,2018-10-30 08:31:00.000 +0100,1,0
desna,L3 Velebit,Tomaić,Unknown,2018-04-23 23:34:00.000 +0200,1,0
desna,L3 Velebit,Tomaić,Unknown,2018-07-11 07:51:00.000 +0200,1,0
desna,L4 Velebit,Rukavina,Unknown,2018-05-29 23:40:00.000 +0200,1,0
desna,L4 Velebit,Rukavina,Unknown,2018-06-25 21:30:00.000 +0200,1,0
desna,L4 Velebit,Tomaić,Unknown,2019-06-12 05:00:00.000 +0200,1,0
desna,L6 Velebit,Selanec,Unknown,2019-02-27 22:30:00.000 +0100,1,0
desna,L6 Velebit,Tomaić,Unknown,2018-04-17 03:55:00.000 +0200,1,0
desna,L6 Velebit,Tomaić,Unknown,2018-04-17 14:10:00.000 +0200,1,0
desna,L6 Velebit,Tomaić,Unknown,2018-06-17 19:12:00.000 +0200,1,0
lijeva,L6 Velebit,Selanec,Unknown,2019-05-15 09:47:00.000 +0200,1,0
lijeva,L6 Velebit,Tomaić,Unknown,2018-04-05 15:12:00.000 +0200,1,0
lijeva,L6 Velebit,Tomaić,Unknown,2018-04-07 14:55:00.000 +0200,1,0
lijeva,L6 Velebit,Tomaić,Unknown,2018-05-04 14:33:00.000 +0200,1,0
none,L6 Velebit,Selanec,Unknown,2019-05-15 09:47:00.000 +0200,1,0
desna,L9 Velebit,Rukavina,M,2019-05-11 18:09:00.000 +0200,1,0
desna,L9 Velebit,Rukavina,M,2019-08-08 19:16:00.000 +0200,1,0
desna,L9 Velebit,Rukavina,M,2019-12-01 18:29:00.000 +0100,1,0
desna,L9 Velebit,Rukavina,M,2019-12-28 05:44:00.000 +0100,1,0
desna,L9 Velebit,Rukavina,M,2020-01-06 05:39:00.000 +0100,1,0
desna,L9 Velebit,Rukavina,M,2020-03-18 01:34:00.000 +0100,1,0
desna,L9 Velebit,Rukavina,M,2020-03-18 04:22:00.000 +0100,1,0
desna,L9 Velebit,Rukavina,M,2020-04-27 05:21:00.000 +0200,1,0
desna,L9 Velebit,Tomaić,M,2019-05-02 12:31:00.000 +0200,1,0
desna,L9 Velebit,Tomaić,M,2019-08-17 03:52:00.000 +0200,1,0
desna,L9 Velebit,Tomaić,M,2019-11-29 15:59:00.000 +0100,1,1
desna,L9 Velebit,Toplicanec,M,2020-04-21 07:11:00.000 +0200,1,0
front,L9 Velebit,Rukavina,M,2020-04-27 05:21:00.000 +0200,1,0
lijeva,L9 Velebit,Rukavina,M,2019-03-30 01:00:00.000 +0100,1,0
lijeva,L9 Velebit,Rukavina,M,2019-05-11 18:09:00.000 +0200,1,0
lijeva,L9 Velebit,Tomaić,M,2019-05-09 16:45:00.000 +0200,1,0
lijeva,L9 Velebit,Tomaić,M,2019-05-24 08:46:00.000 +0200,1,0
lijeva,L9 Velebit,Tomaić,M,2019-08-25 15:30:00.000 +0200,1,0
lijeva,L9 Velebit,Tomaić,M,2019-11-29 15:59:00.000 +0100,1,1
none,L9 Velebit,Rukavina,M,2018-10-02 10:04:00.000 +0200,1,0
none,L9 Velebit,Rukavina,M,2019-01-04 14:35:00.000 +0100,1,0
none,LCRO16,Slijepčević,Z,2017-12-07 16:00:00.000 +0100,1,1
none,LCRO17,Slijepčević,Z,2017-01-31 05:00:00.000 +0100,1,0
desna,LCRO18,Sindičić,M,2018-09-07 00:00:00.000 +0200,1,0
lijeva,LCRO18,Sindičić,M,2018-09-07 00:00:00.000 +0200,1,0
desna,LCRO19,Slijepčević,M,2020-11-05 18:59:00.000 +0100,1,1
none,LCRO19,Slijepčević,M,2020-11-05 18:59:00.000 +0100,1,1
lijeva,LCRO20,Toplicanec,M,2021-04-20 13:30:00.000 +0200,1,1
none,LCRO23,Sindičić,Unknown,2023-07-20 10:20:00.000 +0200,1,0
none,LCRO25 mladunka,Blašković,Z,2023-10-21 15:30:00.000 +0200,1,1
lijeva,LEO,Kusak,Unknown,2015-07-29 08:25:00.000 +0200,1,0
back,Lara L27,Iskrić,Z,2021-08-31 02:26:00.000 +0200,1,0
desna,Lara L27,Iskrić,Z,2021-08-31 02:26:00.000 +0200,1,0
desna,Lara L27,Reljić,Z,2021-04-24 10:00:00.000 +0200,1,0
lijeva,Lara L27,Iskrić,Z,2021-08-31 02:26:00.000 +0200,1,0
lijeva,Lara L27,Reljić,Z,2021-04-24 10:00:00.000 +0200,1,0
lijeva,Lara L27,Slijepčević,Z,2020-11-18 19:20:00.000 +0100,4,3
desna,Larisa Ares,Fabijanić,Unknown,2020-11-26 09:19:00.000 +0100,1,0
desna,Larisa Ares,Fabijanić,Unknown,2021-01-27 13:27:00.000 +0100,1,0
desna,Larisa Ares,Sindičić,Unknown,2020-03-04 16:08:00.000 +0100,1,0
desna,Larisa Ares,Sindičić,Unknown,2020-04-08 15:08:00.000 +0200,1,0
desna,Larisa Ares,Sindičić,Unknown,2020-04-21 13:03:00.000 +0200,1,0
desna,Larisa Ares,Toplicanec,Unknown,2019-03-05 13:00:00.000 +0100,1,0
desna,Larisa Ares,Toplicanec,Unknown,2019-12-26 18:49:00.000 +0100,1,0
none,Larisa Ares,Gomerčić,Unknown,2019-03-15 03:00:00.000 +0100,1,0
desna,Lenon,Fabijanić,Unknown,2021-07-01 23:50:00.000 +0200,1,0
desna,Lenon,Fabijanić,Unknown,2021-10-12 15:27:00.000 +0200,1,0
desna,Lenon,Grubišić,Unknown,2022-09-27 00:11:00.000 +0200,1,0
lijeva,Lineae,Frketić,Unknown,2022-05-06 11:26:00.000 +0200,1,0
lijeva,Lineae,Kusak,Unknown,2022-10-09 02:10:00.000 +0200,1,0
desna,Lineae R,Kusak,Unknown,2022-09-10 04:38:00.000 +0200,1,0
desna,Lino,Tomaić,Unknown,2020-10-10 16:23:00.000 +0200,1,0
back,Lipa,Iskrić,Z,2020-12-11 08:21:00.000 +0100,1,0
desna,Lipa,Slijepčević,Z,2020-03-07 17:16:00.000 +0100,1,0
lijeva,Lipa,Iskrić,Z,2020-12-11 08:21:00.000 +0100,1,0
lijeva,Lipa,Slijepčević,Z,2020-03-07 17:16:00.000 +0100,1,0
desna,Lira,Fabijanić,Unknown,2021-05-30 20:57:00.000 +0200,1,0
desna,Lira,Fabijanić,Unknown,2021-06-13 22:12:00.000 +0200,1,0
desna,Lira,Fabijanić,Unknown,2021-06-28 18:18:00.000 +0200,1,0
desna,Lira,Fabijanić,Unknown,2021-07-07 02:13:00.000 +0200,1,0
desna,Lira,Grubišić,Unknown,2022-09-18 21:35:00.000 +0200,1,0
front,Lira,Fabijanić,Unknown,2021-07-24 04:42:00.000 +0200,1,0
lijeva,Lira,Grubišić,Unknown,2022-09-18 21:35:00.000 +0200,1,0
lijeva,Lira,Grubišić,Unknown,2022-09-24 02:47:00.000 +0200,1,0
desna,Loki,Rukavina,M,2021-06-06 16:45:00.000 +0200,1,0
desna,Louis,Blašković,M,2021-09-11 20:40:00.000 +0200,1,0
desna,Louis,Rukavina,M,2021-08-10 11:40:00.000 +0200,1,0
lijeva,Louis,Blašković,M,2021-09-11 20:40:00.000 +0200,1,0
lijeva,Louis,Rukavina,M,2021-08-03 12:43:00.000 +0200,1,0
lijeva,Louis,Rukavina,M,2021-08-10 11:40:00.000 +0200,1,0
desna,Lovinac 2018,Gomerčić,Unknown,2018-10-18 20:28:00.000 +0200,1,0
desna,Lubomir,Blašković,M,2023-03-31 03:01:00.000 +0200,1,0
desna,Lubomir,Gomerčić,M,2022-06-14 14:49:00.000 +0200,1,0
front,Lubomir,Blašković,M,2023-03-29 15:58:00.000 +0200,1,0
lijeva,Lubomir,Blašković,M,2023-03-26 18:49:00.000 +0200,1,0
lijeva,Lubomir,Blašković,M,2023-04-06 20:05:00.000 +0200,1,0
lijeva,Lubomir,Gomerčić,M,2022-06-14 14:49:00.000 +0200,1,0
none,Lubomir,Blašković,M,2022-09-02 12:00:00.000 +0200,1,0
none,Lubomir,Blašković,M,2023-04-13 12:00:00.000 +0200,1,0
front,Luce,Kusak,Z,2017-04-22 12:00:00.000 +0200,1,
lijeva,Luce,Kusak,Z,2014-08-05 07:11:00.000 +0200,4,3
lijeva,Luce,Kusak,Z,2015-07-16 19:23:00.000 +0200,1,0
lijeva,Luce,Kusak,Z,2015-08-04 02:54:00.000 +0200,1,0
lijeva,Luce,Kusak,Z,2015-08-26 18:44:00.000 +0200,1,0
lijeva,Luce,Kusak,Z,2015-10-20 05:28:00.000 +0200,1,0
lijeva,Luce,Kusak,Z,2015-10-24 08:04:00.000 +0200,1,0
lijeva,Luce,Kusak,Z,2015-11-19 15:45:00.000 +0100,1,0
lijeva,Luce,Kusak,Z,2016-11-22 21:34:00.000 +0100,1,
lijeva,Lucija mladunce,Blašković,Z,2023-10-23 16:25:00.000 +0200,1,1
desna,Luka,Tomaić,Unknown,2012-11-18 18:10:00.000 +0100,1,0
lijeva,Luka,Tomaić,Unknown,2014-02-19 19:10:00.000 +0100,1,0
front,Luna L05,Slijepčević,Z,2007-11-06 02:00:00.000 +0100,1,
none,Luna L05,Slijepčević,Z,2014-04-24 04:43:00.000 +0200,1,
desna,Lux,Rukavina,Z,2019-07-11 03:53:00.000 +0200,1,0
desna,Lux,Rukavina,Z,2020-07-16 17:25:00.000 +0200,1,0
desna,Lux,Rukavina,Z,2020-11-03 06:01:00.000 +0100,2,1
desna,Lux,Selanec,Z,2022-04-03 19:02:00.000 +0200,1,0
lijeva,Lux,Blašković,Z,2021-05-29 09:21:00.000 +0200,1,0
lijeva,Lux,Rukavina,Z,2020-07-14 03:54:00.000 +0200,1,0
lijeva,Lux,Selanec,Z,2022-05-07 10:25:00.000 +0200,1,0
lijeva,Lux,Špalj,Z,2021-07-09 03:55:00.000 +0200,1,0
desna,Lux Mladunac 2020,Rukavina,Unknown,2020-11-03 06:01:00.000 +0100,2,1
desna,Mailo,Kusak,Unknown,2020-11-29 16:54:00.000 +0100,1,0
desna,Mailo,Kusak,Unknown,2021-02-13 07:18:00.000 +0100,1,0
desna,Mailo,Kusak,Unknown,2021-02-13 12:19:00.000 +0100,1,0
desna,Mala_Gora1,Fležar,Z,2019-03-17 11:01:00.000 +0100,1,0
desna,Mala_Gora1,Fležar,Z,2019-03-28 08:40:00.000 +0100,1,0
desna,Mala_Gora1,Fležar,Z,2019-04-06 05:30:00.000 +0200,1,0
lijeva,Mala_Gora1,Fležar,Z,2018-09-07 06:54:00.000 +0200,1,0
lijeva,Mala_Gora1,Fležar,Z,2018-10-21 23:16:00.000 +0200,1,0
lijeva,Mala_Gora1,Fležar,Z,2019-03-19 10:30:00.000 +0100,1,0
lijeva,Mala_Gora1,Fležar,Z,2019-04-06 05:30:00.000 +0200,1,0
desna,Mali,Blašković,Unknown,2020-06-14 07:53:00.000 +0200,1,0
desna,Mali,Toplicanec,Unknown,2019-11-12 22:57:00.000 +0100,1,0
desna,Mali,Toplicanec,Unknown,2019-12-10 09:23:00.000 +0100,1,1
desna,Mali,Toplicanec,Unknown,2020-02-29 15:38:00.000 +0100,2,1
desna,Mali,Toplicanec,Unknown,2020-03-04 08:25:00.000 +0100,1,0
desna,Mali,Toplicanec,Unknown,2020-03-08 09:47:00.000 +0100,2,1
lijeva,Mali,Toplicanec,Unknown,2019-11-12 22:57:00.000 +0100,1,0
lijeva,Mali,Toplicanec,Unknown,2020-02-29 15:38:00.000 +0100,2,1
lijeva,Mali,Toplicanec,Unknown,2020-03-02 21:42:00.000 +0100,1,1
back,Malia,Kusak,Unknown,2021-06-13 06:04:00.000 +0200,1,0
lijeva,Malia,Kusak,Unknown,2019-06-28 13:08:00.000 +0200,1,0
lijeva,Malia,Kusak,Unknown,2019-08-07 04:38:00.000 +0200,1,0
lijeva,Malia,Kusak,Unknown,2019-08-09 09:38:00.000 +0200,1,
lijeva,Malia,Kusak,Unknown,2019-12-19 22:18:00.000 +0100,1,0
lijeva,Malia,Kusak,Unknown,2020-04-10 16:50:00.000 +0200,1,0
lijeva,Malia,Kusak,Unknown,2020-11-13 12:32:00.000 +0100,1,0
lijeva,Malia,Kusak,Unknown,2021-02-15 02:12:00.000 +0100,1,0
lijeva,Malia,Kusak,Unknown,2021-02-21 01:57:00.000 +0100,1,0
lijeva,Malia,Kusak,Unknown,2021-02-25 18:47:00.000 +0100,1,0
lijeva,Malia,Kusak,Unknown,2021-04-19 18:40:00.000 +0200,1,0
lijeva,Malia,Kusak,Unknown,2021-08-11 13:57:00.000 +0200,1,0
lijeva,Malia,Kusak,Unknown,2021-12-13 23:01:00.000 +0100,1,0
desna,Malibu,Selanec,Unknown,2018-12-13 11:23:00.000 +0100,1,0
desna,Malibu,Selanec,Unknown,2020-06-20 09:24:00.000 +0200,1,0
none,Malibu,Fabijanić,Unknown,2023-04-14 01:41:00.000 +0200,1,0
desna,Malibu L,Frketić,Unknown,2022-03-28 15:42:00.000 +0200,1,0
desna,Malibu L,Selanec,Unknown,2021-03-31 23:31:00.000 +0200,3,0
lijeva,Malibu L,Selanec,Unknown,2021-03-31 23:31:00.000 +0200,3,0
none,Malibu L,Fabijanić,Unknown,2022-03-28 14:40:00.000 +0200,1,0
none,Malibu L,Fabijanić,Unknown,2022-11-29 00:27:00.000 +0100,1,0
desna,Maniti,Rukavina,Unknown,2023-04-03 18:16:00.000 +0200,1,0
back,Marko ZIP L16,Slijepčević,M,2018-09-30 04:33:00.000 +0200,1,0
back,Marko ZIP L16,Slijepčević,M,2020-09-12 08:02:00.000 +0200,1,0
back,Marko ZIP L16,Slijepčević,M,2020-09-27 15:32:00.000 +0200,1,0
desna,Marko ZIP L16,Slijepčević,M,2018-02-15 15:00:00.000 +0100,1,0
desna,Marko ZIP L16,Slijepčević,M,2018-06-03 10:03:00.000 +0200,1,0
desna,Marko ZIP L16,Slijepčević,M,2018-06-04 19:16:00.000 +0200,1,0
desna,Marko ZIP L16,Slijepčević,M,2018-07-29 21:32:00.000 +0200,1,0
desna,Marko ZIP L16,Slijepčević,M,2018-10-04 05:04:00.000 +0200,1,0
desna,Marko ZIP L16,Slijepčević,M,2018-12-13 00:45:00.000 +0100,1,0
desna,Marko ZIP L16,Slijepčević,M,2019-01-15 16:50:00.000 +0100,1,0
desna,Marko ZIP L16,Slijepčević,M,2019-01-31 01:09:00.000 +0100,1,0
desna,Marko ZIP L16,Slijepčević,M,2019-02-05 15:24:00.000 +0100,1,0
desna,Marko ZIP L16,Slijepčević,M,2019-03-19 21:35:00.000 +0100,1,0
desna,Marko ZIP L16,Slijepčević,M,2019-03-22 08:35:00.000 +0100,1,0
desna,Marko ZIP L16,Slijepčević,M,2019-04-27 21:34:00.000 +0200,1,0
desna,Marko ZIP L16,Slijepčević,M,2019-09-14 14:06:00.000 +0200,1,0
desna,Marko ZIP L16,Slijepčević,M,2019-11-11 05:09:00.000 +0100,1,0
desna,Marko ZIP L16,Slijepčević,M,2020-01-21 01:41:00.000 +0100,1,0
desna,Marko ZIP L16,Slijepčević,M,2020-02-27 04:18:00.000 +0100,1,0
desna,Marko ZIP L16,Slijepčević,M,2020-06-09 21:36:00.000 +0200,1,0
desna,Marko ZIP L16,Slijepčević,M,2020-06-28 20:26:00.000 +0200,1,0
desna,Marko ZIP L16,Slijepčević,M,2020-09-20 08:11:00.000 +0200,1,0
desna,Marko ZIP L16,Toplicanec,M,2020-02-21 05:22:00.000 +0100,1,0
lijeva,Marko ZIP L16,Slijepčević,M,2018-06-18 22:07:00.000 +0200,1,0
lijeva,Marko ZIP L16,Slijepčević,M,2018-12-20 16:32:00.000 +0100,1,0
lijeva,Marko ZIP L16,Slijepčević,M,2019-11-11 05:09:00.000 +0100,1,0
lijeva,Marko ZIP L16,Slijepčević,M,2020-02-27 04:18:00.000 +0100,1,0
lijeva,Marko ZIP L16,Slijepčević,M,2020-09-12 08:02:00.000 +0200,1,0
lijeva,Marko ZIP L16,Slijepčević,M,2020-09-27 15:32:00.000 +0200,1,0
lijeva,Marko ZIP L16,Toplicanec,M,2020-02-25 10:59:00.000 +0100,1,0
back,Marta,Slijepčević,Z,2019-04-13 16:58:00.000 +0200,1,0
back,Marta,Slijepčević,Z,2019-09-16 18:58:00.000 +0200,1,0
back,Marta,Slijepčević,Z,2019-12-24 18:36:00.000 +0100,1,0
back,Marta,Slijepčević,Z,2020-01-24 11:38:00.000 +0100,3,2
desna,Marta,Fležar,Z,2018-11-17 22:20:00.000 +0100,1,0
desna,Marta,Iskrić,Z,2020-11-08 05:35:00.000 +0100,1,0
desna,Marta,Iskrić,Z,2020-11-18 21:20:00.000 +0100,4,3
desna,Marta,Iskrić,Z,2021-02-16 15:33:00.000 +0100,1,0
desna,Marta,Iskrić,Z,2021-04-03 07:19:00.000 +0200,1,0
desna,Marta,Slijepčević,Z,2019-02-02 22:23:00.000 +0100,1,0
desna,Marta,Slijepčević,Z,2019-12-24 18:36:00.000 +0100,1,0
desna,Marta,Slijepčević,Z,2020-01-06 12:25:00.000 +0100,1,0
desna,Marta,Slijepčević,Z,2020-02-08 18:05:00.000 +0100,3,2
desna,Marta,Slijepčević,Z,2020-04-03 01:09:00.000 +0200,1,0
desna,Marta,Slijepčević,Z,2020-09-27 12:07:00.000 +0200,1,0
front,Marta,Iskrić,Z,2021-02-16 15:33:00.000 +0100,1,0
front,Marta,Slijepčević,Z,2019-04-13 16:58:00.000 +0200,1,0
lijeva,Marta,Iskrić,Z,2020-11-18 21:20:00.000 +0100,4,3
lijeva,Marta,Iskrić,Z,2021-01-28 07:36:00.000 +0100,2,1
lijeva,Marta,Iskrić,Z,2021-02-16 15:33:00.000 +0100,1,0
lijeva,Marta,Slijepčević,Z,2019-04-13 16:58:00.000 +0200,1,0
lijeva,Marta,Slijepčević,Z,2020-11-18 19:20:00.000 +0100,4,3
none,Marta,Iskrić,Z,2020-11-18 21:20:00.000 +0100,4,3
desna,Marta L28 LCRO22,Gomerčić,Z,2022-01-03 16:00:00.000 +0100,1,0
lijeva,Marta L28 LCRO22,Gomerčić,Z,2022-01-03 16:00:00.000 +0100,1,0
desna,Martin L14,Sindičić,M,2018-01-29 12:30:00.000 +0100,1,0
desna,Martin L14,Sindičić,M,2018-02-27 14:50:00.000 +0100,1,0
desna,Martin L14,Slijepčević,M,2018-04-11 23:48:00.000 +0200,1,0
front,Martin L14,Sindičić,M,2017-07-11 12:00:00.000 +0200,1,1
lijeva,Martin L14,Sindičić,M,2018-01-29 12:30:00.000 +0100,1,0
lijeva,Martin L14,Slijepčević,M,2018-04-14 20:36:00.000 +0200,1,0
none,Martin L14,Gomerčić,M,2018-02-06 16:29:00.000 +0100,1,0
desna,Martin mali 2020,Iskrić,Unknown,2021-04-02 17:39:00.000 +0200,1,0
front,Martin mali 2020,Iskrić,Unknown,2021-04-02 17:39:00.000 +0200,1,0
lijeva,Martin mali 2020,Iskrić,Unknown,2021-04-02 17:39:00.000 +0200,1,0
lijeva,Martin mladunac 2020,Iskrić,Unknown,2020-10-20 07:38:00.000 +0200,1,1
none,Martina L22,Sindičić,Z,2020-08-06 00:00:00.000 +0200,1,0
back,Matea,Blašković,Z,2021-02-03 00:51:00.000 +0100,1,0
desna,Matea,Blašković,Z,2021-02-03 00:51:00.000 +0100,1,0
lijeva,Matea,Blašković,Z,2020-12-21 22:47:00.000 +0100,1,0
lijeva,Matea,Rukavina,Z,2020-12-14 04:04:00.000 +0100,1,0
lijeva,Matea,Selanec,Z,2022-02-18 18:30:00.000 +0100,1,0
none,Matea,Fabijanić,Z,2021-09-16 11:38:00.000 +0200,4,3
none,Matea,Fabijanić,Z,2021-10-17 18:53:00.000 +0200,4,3
none,Matea mladunac1 2021,Fabijanić,Unknown,2021-09-16 11:38:00.000 +0200,4,3
none,Matea mladunac1 2021,Fabijanić,Unknown,2021-10-17 18:53:00.000 +0200,4,3
none,Matea mladunac2 2021,Fabijanić,Unknown,2021-09-16 11:38:00.000 +0200,4,3
none,Matea mladunac2 2021,Fabijanić,Unknown,2021-10-17 18:53:00.000 +0200,4,3
desna,Mavric HR041,Slijepčević,Unknown,2017-11-18 15:00:00.000 +0100,1,1
lijeva,Mavric HR041,Slijepčević,Unknown,2017-11-18 15:00:00.000 +0100,1,1
desna,Maza,Selanec,Unknown,2020-11-09 17:46:00.000 +0100,1,0
lijeva,Maza,Selanec,Unknown,2020-11-09 17:46:00.000 +0100,1,0
desna,Medina Gora 2016,Gužvica,Unknown,2016-05-30 02:24:00.000 +0200,1,0
desna,Megi,Čmelar,Z,2022-12-07 19:32:00.000 +0100,2,1
front,Megi,Čmelar,Z,2022-12-07 19:32:00.000 +0100,2,1
lijeva,Megi,Čmelar,Z,2022-12-07 19:32:00.000 +0100,2,1
desna,Megi mladunac 2022,Čmelar,Unknown,2022-12-07 19:32:00.000 +0100,2,1
front,Megi mladunac 2022,Čmelar,Unknown,2022-12-07 19:32:00.000 +0100,2,1
lijeva,Megi mladunac 2022,Čmelar,Unknown,2022-12-07 19:32:00.000 +0100,2,1
desna,Miha,Tomaić,Unknown,2020-07-30 22:43:00.000 +0200,3,2
lijeva,Miha,Tomaić,Unknown,2020-08-19 06:16:00.000 +0200,3,2
desna,Miki HR098,Slijepčević,Unknown,2017-04-01 00:55:00.000 +0200,1,0
back,Mila,Iskrić,Unknown,2021-10-18 19:48:00.000 +0200,1,0
back,Mila,Iskrić,Unknown,2022-01-15 21:16:00.000 +0100,2,1
back,Mila,Iskrić,Unknown,2022-03-02 06:50:00.000 +0100,1,1
back,Mila,Paulić,Unknown,2021-08-23 05:24:00.000 +0200,2,1
desna,Mila,Iskrić,Unknown,2021-08-24 16:46:00.000 +0200,2,1
desna,Mila,Iskrić,Unknown,2021-10-18 19:48:00.000 +0200,1,0
desna,Mila,Iskrić,Unknown,2021-12-02 09:33:00.000 +0100,2,1
desna,Mila,Iskrić,Unknown,2021-12-13 11:54:00.000 +0100,2,1
desna,Mila,Iskrić,Unknown,2022-01-10 06:30:00.000 +0100,1,1
desna,Mila,Iskrić,Unknown,2022-01-11 19:44:00.000 +0100,2,1
desna,Mila,Iskrić,Unknown,2022-01-12 04:04:00.000 +0100,1,1
desna,Mila,Iskrić,Unknown,2022-01-12 11:26:00.000 +0100,1,1
desna,Mila,Iskrić,Unknown,2022-02-14 04:39:00.000 +0100,2,1
desna,Mila,Iskrić,Unknown,2022-03-02 04:55:00.000 +0100,1,1
desna,Mila,Iskrić,Unknown,2022-05-31 18:42:00.000 +0200,1,0
desna,Mila,Iskrić,Unknown,2022-12-25 02:02:00.000 +0100,1,0
desna,Mila,Paulić,Unknown,2021-08-22 22:35:00.000 +0200,2,1
desna,Mila,Paulić,Unknown,2021-08-23 05:24:00.000 +0200,2,1
desna,Mila,Paulić,Unknown,2021-09-12 18:43:00.000 +0200,1,1
desna,Mila,Paulić,Unknown,2021-09-12 18:44:00.000 +0200,1,1
front,Mila,Iskrić,Unknown,2021-11-21 10:15:00.000 +0100,2,1
front,Mila,Iskrić,Unknown,2022-02-16 14:09:00.000 +0100,2,1
front,Mila,Iskrić,Unknown,2022-05-21 01:43:00.000 +0200,1,0
front,Mila,Iskrić,Unknown,2022-12-25 02:02:00.000 +0100,1,0
front,Mila,Paulić,Unknown,2021-08-22 22:35:00.000 +0200,2,1
front,Mila,Paulić,Unknown,2021-08-23 05:24:00.000 +0200,2,1
lijeva,Mila,Iskrić,Unknown,2021-12-02 09:33:00.000 +0100,2,1
lijeva,Mila,Iskrić,Unknown,2022-01-11 19:44:00.000 +0100,2,1
lijeva,Mila,Iskrić,Unknown,2022-01-15 21:16:00.000 +0100,2,1
lijeva,Mila,Iskrić,Unknown,2022-02-14 04:39:00.000 +0100,2,1
lijeva,Mila,Iskrić,Unknown,2022-02-16 14:09:00.000 +0100,2,1
lijeva,Mila,Iskrić,Unknown,2022-03-02 04:55:00.000 +0100,1,1
lijeva,Mila,Iskrić,Unknown,2022-03-02 06:50:00.000 +0100,1,1
lijeva,Mila,Iskrić,Unknown,2022-05-21 01:43:00.000 +0200,1,0
lijeva,Mila,Iskrić,Unknown,2022-05-31 20:00:00.000 +0200,1,0
lijeva,Mila,Iskrić,Unknown,2022-06-21 03:49:00.000 +0200,1,0
lijeva,Mila,Iskrić,Unknown,2022-12-25 02:02:00.000 +0100,1,0
lijeva,Mila,Paulić,Unknown,2021-08-23 05:24:00.000 +0200,1,1
lijeva,Mila,Paulić,Unknown,2021-08-23 05:24:00.000 +0200,2,1
lijeva,Mila,Paulić,Unknown,2021-09-12 18:44:00.000 +0200,1,1
lijeva,Mila,Paulić,Unknown,2021-09-12 18:45:00.000 +0200,2,1
none,Mila,Iskrić,Unknown,2021-11-21 10:15:00.000 +0100,2,1
none,Mila,Iskrić,Unknown,2021-12-16 12:33:00.000 +0100,2,1
desna,Miley ,Blašković,Z,2022-11-08 04:20:00.000 +0100,2,1
desna,Miley ,Blašković,Z,2022-11-08 08:06:00.000 +0100,1,0
desna,Miley ,Blašković,Z,2022-11-10 03:34:00.000 +0100,1,0
desna,Miley ,Blašković,Z,2022-11-10 06:32:00.000 +0100,2,1
desna,Miley ,Gomerčić,Z,2022-10-21 07:11:00.000 +0200,3,2
desna,Miley ,Gomerčić,Z,2022-10-22 01:55:00.000 +0200,2,1
lijeva,Miley ,Blašković,Z,2022-11-08 04:20:00.000 +0100,2,1
lijeva,Miley ,Gomerčić,Z,2022-10-21 07:11:00.000 +0200,3,2
lijeva,Miley ,Gomerčić,Z,2022-10-22 01:55:00.000 +0200,2,1
desna,Miley mladunac1 2022,Gomerčić,Unknown,2022-10-21 07:11:00.000 +0200,3,2
lijeva,Miley mladunac1 2022,Gomerčić,Unknown,2022-10-21 07:11:00.000 +0200,3,2
desna,Miley mladunac2 2022,Blašković,Unknown,2022-11-10 06:32:00.000 +0100,2,1
desna,Miley mladunac2 2022,Gomerčić,Unknown,2022-10-21 07:11:00.000 +0200,3,2
lijeva,Miley mladunac2 2022,Gomerčić,Unknown,2022-10-21 07:11:00.000 +0200,3,2
lijeva,Milka,Rukavina,Z,2017-07-01 00:00:00.000 +0200,1,0
lijeva,Milka,Rukavina,Z,2018-08-15 11:26:00.000 +0200,1,0
lijeva,Milka,Rukavina,Z,2018-08-28 09:24:00.000 +0200,1,0
lijeva,Milka,Rukavina,Z,2018-09-17 06:05:00.000 +0200,3,2
lijeva,Milka,Rukavina,Z,2018-10-11 07:06:00.000 +0200,1,0
lijeva,Milka,Rukavina,Z,2019-09-16 18:32:00.000 +0200,1,0
none,Milka,Rukavina,Z,2018-11-25 05:01:00.000 +0100,1,0
desna,Milo,Tomaić,Unknown,2021-07-15 06:35:00.000 +0200,1,0
lijeva,Milo,Tomaić,Unknown,2021-06-28 17:14:00.000 +0200,1,0
lijeva,Mislav,Blašković,Unknown,2021-02-13 20:19:00.000 +0100,1,0
lijeva,Mislav,Rukavina,Unknown,2020-11-11 18:12:00.000 +0100,1,0
desna,Mićun,Kusak,Unknown,2020-12-30 17:16:00.000 +0100,1,0
desna,Mićun,Kusak,Unknown,2020-12-31 07:05:00.000 +0100,1,0
desna,Mićun,Kusak,Unknown,2021-01-18 00:56:00.000 +0100,1,0
desna,Mićun,Kusak,Unknown,2021-02-15 17:24:00.000 +0100,1,0
desna,Mićun,Kusak,Unknown,2021-05-02 04:54:00.000 +0200,1,0
desna,Mićun,Kusak,Unknown,2021-05-13 18:15:00.000 +0200,1,0
back,Miška,Slijepčević,Z,2018-10-12 02:11:00.000 +0200,2,1
desna,Miška,Slijepčević,Z,2018-02-01 18:49:00.000 +0100,1,0
desna,Miška,Slijepčević,Z,2018-10-12 02:11:00.000 +0200,2,1
desna,Miška,Slijepčević,Z,2018-11-16 18:43:00.000 +0100,1,0
desna,Miška,Slijepčević,Z,2018-11-28 09:29:00.000 +0100,2,1
desna,Miška,Slijepčević,Z,2018-12-25 03:28:00.000 +0100,2,1
desna,Miška,Slijepčević,Z,2019-08-18 18:51:00.000 +0200,1,0
desna,Miška,Slijepčević,Z,2019-11-04 16:53:00.000 +0100,1,0
front,Miška,Slijepčević,Z,2018-10-12 02:11:00.000 +0200,2,1
front,Miška,Slijepčević,Z,2019-09-03 08:56:00.000 +0200,1,0
front,Miška,Slijepčević,Z,2019-10-12 00:08:00.000 +0200,1,0
lijeva,Miška,Slijepčević,Z,2018-10-12 02:11:00.000 +0200,2,1
lijeva,Miška,Slijepčević,Z,2018-12-25 03:28:00.000 +0100,2,1
lijeva,Miška,Slijepčević,Z,2019-08-18 18:51:00.000 +0200,1,0
lijeva,Miška,Slijepčević,Z,2019-09-03 08:56:00.000 +0200,1,0
none,Miška,Slijepčević,Z,2018-10-12 02:11:00.000 +0200,2,1
back,Mišo,Fležar,M,2018-12-21 11:56:00.000 +0100,1,0
desna,Mišo,Slijepčević,M,2018-06-20 06:30:00.000 +0200,1,0
desna,Mišo,Slijepčević,M,2018-07-22 03:03:00.000 +0200,1,0
desna,Mišo,Slijepčević,M,2018-09-01 21:08:00.000 +0200,1,0
desna,Mišo,Slijepčević,M,2018-09-22 08:07:00.000 +0200,1,0
desna,Mišo,Slijepčević,M,2018-10-02 05:49:00.000 +0200,1,0
desna,Mišo,Slijepčević,M,2018-10-13 10:40:00.000 +0200,1,0
desna,Mišo,Slijepčević,M,2018-10-13 19:18:00.000 +0200,1,0
front,Mišo,Slijepčević,M,2018-06-16 05:21:00.000 +0200,1,0
front,Mišo,Slijepčević,M,2018-10-13 10:40:00.000 +0200,1,0
lijeva,Mišo,Fležar,M,2018-12-18 15:27:00.000 +0100,1,0
lijeva,Mišo,Fležar,M,2018-12-29 00:44:00.000 +0100,1,0
lijeva,Mišo,Slijepčević,M,2018-06-20 06:30:00.000 +0200,1,0
lijeva,Mišo,Slijepčević,M,2018-07-22 03:03:00.000 +0200,1,0
lijeva,Mišo,Slijepčević,M,2018-09-01 21:08:00.000 +0200,1,0
lijeva,Mišo,Slijepčević,M,2018-09-29 16:01:00.000 +0200,1,0
lijeva,Mišo,Slijepčević,M,2018-10-02 05:49:00.000 +0200,1,0
lijeva,Mišo,Slijepčević,M,2018-10-13 10:40:00.000 +0200,1,0
lijeva,Mišo,Slijepčević,M,2018-10-13 19:18:00.000 +0200,1,0
back,Mladen LCRO24,Iskrić,M,2021-12-12 14:03:00.000 +0100,1,0
back,Mladen LCRO24,Slijepčević,M,2020-08-05 04:13:00.000 +0200,1,0
desna,Mladen LCRO24,Gomerčić,M,2023-02-08 06:20:00.000 +0100,1,0
desna,Mladen LCRO24,Iskrić,M,2021-02-12 20:22:00.000 +0100,1,0
desna,Mladen LCRO24,Iskrić,M,2021-02-16 01:39:00.000 +0100,1,0
desna,Mladen LCRO24,Iskrić,M,2021-07-05 10:02:00.000 +0200,1,0
desna,Mladen LCRO24,Iskrić,M,2021-08-03 23:51:00.000 +0200,1,0
desna,Mladen LCRO24,Iskrić,M,2021-11-12 21:29:00.000 +0100,1,0
desna,Mladen LCRO24,Iskrić,M,2021-12-03 18:37:00.000 +0100,1,0
desna,Mladen LCRO24,Iskrić,M,2021-12-03 22:42:00.000 +0100,1,0
desna,Mladen LCRO24,Iskrić,M,2022-01-07 09:47:00.000 +0100,1,0
desna,Mladen LCRO24,Iskrić,M,2022-01-16 18:01:00.000 +0100,1,0
desna,Mladen LCRO24,Iskrić,M,2022-02-08 01:50:00.000 +0100,1,0
desna,Mladen LCRO24,Iskrić,M,2022-02-08 05:41:00.000 +0100,1,0
desna,Mladen LCRO24,Iskrić,M,2022-03-06 03:07:00.000 +0100,1,0
desna,Mladen LCRO24,Paulić,M,2021-02-27 05:34:00.000 +0100,1,0
desna,Mladen LCRO24,Paulić,M,2021-04-19 15:45:00.000 +0200,1,0
desna,Mladen LCRO24,Paulić,M,2021-04-28 15:38:00.000 +0200,1,0
desna,Mladen LCRO24,Paulić,M,2021-05-04 02:28:00.000 +0200,1,0
desna,Mladen LCRO24,Paulić,M,2021-08-31 05:02:00.000 +0200,1,0
desna,Mladen LCRO24,Slijepčević,M,2020-08-05 04:13:00.000 +0200,1,0
desna,Mladen LCRO24,Slijepčević,M,2020-09-10 11:19:00.000 +0200,1,0
desna,Mladen LCRO24,Slijepčević,M,2023-02-22 16:07:00.000 +0100,1,0
desna,Mladen LCRO24,Toplicanec,M,2023-10-14 12:00:00.000 +0200,1,0
front,Mladen LCRO24,Iskrić,M,2021-12-12 16:38:00.000 +0100,1,0
front,Mladen LCRO24,Iskrić,M,2022-01-07 14:52:00.000 +0100,1,0
lijeva,Mladen LCRO24,Blašković,M,2020-11-25 18:33:00.000 +0100,1,0
lijeva,Mladen LCRO24,Iskrić,M,2021-02-12 20:22:00.000 +0100,1,0
lijeva,Mladen LCRO24,Iskrić,M,2021-08-04 12:14:00.000 +0200,1,0
lijeva,Mladen LCRO24,Iskrić,M,2021-11-12 21:29:00.000 +0100,1,0
lijeva,Mladen LCRO24,Iskrić,M,2021-11-22 10:55:00.000 +0100,1,0
lijeva,Mladen LCRO24,Iskrić,M,2021-12-03 22:42:00.000 +0100,1,0
lijeva,Mladen LCRO24,Iskrić,M,2021-12-12 16:38:00.000 +0100,1,0
lijeva,Mladen LCRO24,Iskrić,M,2022-01-07 14:52:00.000 +0100,1,0
lijeva,Mladen LCRO24,Paulić,M,2021-06-24 02:27:00.000 +0200,1,0
lijeva,Mladen LCRO24,Slijepčević,M,2020-08-05 04:13:00.000 +0200,1,0
lijeva,Mladen LCRO24,Toplicanec,M,2021-06-20 22:43:00.000 +0200,1,0
lijeva,Mladen LCRO24,Toplicanec,M,2021-06-24 18:50:00.000 +0200,1,0
lijeva,Mladen LCRO24,Toplicanec,M,2021-07-15 07:08:00.000 +0200,1,0
lijeva,Mladen LCRO24,Toplicanec,M,2021-07-28 20:03:00.000 +0200,1,0
desna,Mladi 2022,Toplicanec,M,2021-12-19 03:24:00.000 +0100,1,0
desna,Mladunac Loznica 2022,Tomaić,Unknown,2022-10-20 09:52:00.000 +0200,2,1
lijeva,Mladunac Loznica 2022,Tomaić,Unknown,2022-10-20 09:52:00.000 +0200,2,1
desna,Mladunac Rizvanusa 2022,Blašković,Unknown,2022-10-03 17:43:00.000 +0200,1,1
lijeva,Mladunac Rizvanusa 2022,Blašković,Unknown,2022-10-03 17:43:00.000 +0200,1,1
desna,Mrva,Rukavina,Unknown,2023-04-23 01:25:00.000 +0200,1,0
desna,Mrva,Rukavina,Unknown,2023-05-18 19:01:00.000 +0200,1,0
desna,Mrva,Čmelar,Unknown,2022-11-22 00:49:00.000 +0100,1,0
back,Nebula,Čmelar,Unknown,2022-11-04 18:42:00.000 +0100,1,0
lijeva,Nebula,Blašković,Unknown,2022-09-25 06:46:00.000 +0200,1,0
lijeva,Nebula,Čmelar,Unknown,2022-10-05 04:30:00.000 +0200,1,0
lijeva,Nebula,Čmelar,Unknown,2022-11-04 18:42:00.000 +0100,1,0
desna,Nepoznati 2,Kusak,M,2022-10-20 12:43:00.000 +0200,1,0
desna,Nepoznati 2,Toplicanec,M,2022-02-12 11:29:00.000 +0100,1,0
desna,Nepoznati 2,Toplicanec,M,2022-03-19 10:04:00.000 +0100,1,0
desna,Nepoznati 2,Toplicanec,M,2022-04-30 11:45:00.000 +0200,1,0
lijeva,Nepoznati 2,Kusak,M,2022-10-04 06:40:00.000 +0200,1,0
lijeva,Nepoznati 2,Kusak,M,2022-10-18 22:57:00.000 +0200,1,0
lijeva,Nepoznati 2,Toplicanec,M,2021-12-24 13:59:00.000 +0100,1,0
back,Nik,Toplicanec,Unknown,2019-03-24 19:08:00.000 +0100,1,0
lijeva,Nik,Rukavina,Unknown,2020-02-25 22:24:00.000 +0100,1,0
lijeva,Nik,Selanec,Unknown,2019-04-28 07:23:00.000 +0200,1,0
lijeva,Nik,Sindičić,Unknown,2014-09-13 19:49:00.000 +0200,1,0
lijeva,Nik,Tomaić,Unknown,2012-06-03 04:35:00.000 +0200,1,0
lijeva,Nik,Toplicanec,Unknown,2019-03-24 19:08:00.000 +0100,1,0
desna,Nikolina,Blašković,Z,2021-11-30 08:46:00.000 +0100,1,0
desna,Nikolina,Blašković,Z,2021-11-30 10:45:00.000 +0100,1,0
desna,Nikolina,Gomerčić,Z,2018-12-31 00:42:00.000 +0100,2,1
desna,Nikolina,Sindičić,Z,2022-12-13 18:04:00.000 +0100,1,0
desna,Nikolina,Slijepčević,Z,2020-11-03 23:22:00.000 +0100,3,2
front,Nikolina,Slijepčević,Z,2020-11-03 23:22:00.000 +0100,3,2
lijeva,Nikolina,Blašković,Z,2021-11-30 08:46:00.000 +0100,1,0
lijeva,Nikolina,Blašković,Z,2021-11-30 10:45:00.000 +0100,1,0
lijeva,Nikolina,Blašković,Z,2022-06-03 19:21:00.000 +0200,1,0
lijeva,Nikolina,Blašković,Z,2023-01-16 06:55:00.000 +0100,1,0
lijeva,Nikolina,Blašković,Z,2023-05-26 20:33:00.000 +0200,1,0
lijeva,Nikolina,Gomerčić,Z,2018-11-03 06:46:00.000 +0100,1,0
lijeva,Nikolina,Slijepčević,Z,2020-10-26 07:25:00.000 +0100,1,0
lijeva,Nikolina,Slijepčević,Z,2020-11-02 22:44:00.000 +0100,1,0
desna,Njiva,Špalj,Unknown,2023-05-08 22:22:00.000 +0200,1,0
desna,Njiva,Špalj,Unknown,2023-05-09 21:00:00.000 +0200,1,0
lijeva,Njiva,Špalj,Unknown,2023-05-08 23:09:00.000 +0200,1,0
lijeva,Njiva,Špalj,Unknown,2023-05-09 21:00:00.000 +0200,1,0
lijeva,Njiva,Špalj,Unknown,2023-05-09 21:42:00.000 +0200,1,0
desna,Novi Ričićko,Blašković,Z,2020-11-18 19:16:00.000 +0100,1,0
desna,Novi Ričićko,Kusak,Z,2023-03-16 16:15:00.000 +0100,1,0
desna,Novi Ričićko,Kusak,Z,2023-04-02 09:34:00.000 +0200,1,0
desna,Novi Ričićko,Toplicanec,Z,2020-01-27 03:26:00.000 +0100,1,0
lijeva,Novi Ričićko,Blašković,Z,2020-11-18 19:16:00.000 +0100,1,0
lijeva,Novi Ričićko,Kusak,Z,2023-03-23 19:54:00.000 +0100,2,0
lijeva,Novi Ričićko,Toplicanec,Z,2021-04-03 02:27:00.000 +0200,1,0
lijeva,Novi Ričićko,Toplicanec,Z,2021-04-05 22:29:00.000 +0200,1,0
lijeva,Novi Ričićko,Toplicanec,Z,2022-11-25 00:15:00.000 +0100,1,0
desna,Novi Sveto Brdo,Selanec,Unknown,2020-08-09 18:28:00.000 +0200,1,0
desna,Odin,Blašković,M,2022-03-17 08:51:00.000 +0100,1,0
lijeva,Odin,Blašković,M,2022-03-17 08:51:00.000 +0100,1,0
lijeva,Odin,Blašković,M,2022-03-20 04:35:00.000 +0100,1,0
lijeva,Odin,Rukavina,M,2021-09-28 17:39:00.000 +0200,1,0
desna,Oli,Selanec,Unknown,2021-03-31 23:31:00.000 +0200,3,0
lijeva,Oli,Selanec,Unknown,2021-03-31 23:31:00.000 +0200,3,0
desna,Olivia,Gomerčić,Z,2022-12-23 23:00:00.000 +0100,2,1
lijeva,Olivia,Blašković,Z,2021-01-20 01:15:00.000 +0100,2,1
lijeva,Olivia,Gomerčić,Z,2022-12-23 20:59:00.000 +0100,2,1
desna,Orbis,Blašković,Unknown,2020-10-18 19:06:00.000 +0200,1,0
desna,Orbis,Blašković,Unknown,2022-02-09 17:11:00.000 +0100,1,0
desna,Orbis,Blašković,Unknown,2022-04-03 10:37:00.000 +0200,1,0
desna,Orbis,Blašković,Unknown,2022-04-03 15:00:00.000 +0200,1,0
desna,Orbis,Blašković,Unknown,2023-04-05 19:35:00.000 +0200,1,0
desna,Orbis,Gomerčić,Unknown,2019-09-28 20:19:00.000 +0200,1,0
desna,Orbis,Gomerčić,Unknown,2019-12-08 03:03:00.000 +0100,1,0
desna,Orbis,Gomerčić,Unknown,2019-12-19 02:40:00.000 +0100,1,0
desna,Orbis,Gomerčić,Unknown,2019-12-22 04:18:00.000 +0100,1,0
desna,Orbis,Gomerčić,Unknown,2019-12-25 06:24:00.000 +0100,1,0
desna,Orbis,Gomerčić,Unknown,2020-02-06 21:29:00.000 +0100,1,0
desna,Orbis,Gomerčić,Unknown,2020-02-25 02:47:00.000 +0100,1,0
desna,Orbis,Gomerčić,Unknown,2021-09-24 01:24:00.000 +0200,1,0
desna,Orbis,Gomerčić,Unknown,2022-03-12 20:17:00.000 +0100,1,0
desna,Orbis,Kusak,Unknown,2022-07-23 18:33:00.000 +0200,1,0
desna,Orbis,Mladjen,Unknown,2023-04-06 06:26:00.000 +0200,1,0
desna,Orbis,Mladjen,Unknown,2023-09-08 15:26:00.000 +0200,1,0
lijeva,Orbis,Blašković,Unknown,2020-10-18 19:06:00.000 +0200,1,0
lijeva,Orbis,Blašković,Unknown,2021-03-11 22:01:00.000 +0100,1,0
lijeva,Orbis,Blašković,Unknown,2021-12-25 20:24:00.000 +0100,1,0
lijeva,Orbis,Blašković,Unknown,2022-01-05 03:09:00.000 +0100,1,0
lijeva,Orbis,Blašković,Unknown,2022-02-22 21:39:00.000 +0100,1,0
lijeva,Orbis,Blašković,Unknown,2022-03-02 03:08:00.000 +0100,1,0
lijeva,Orbis,Blašković,Unknown,2022-03-12 21:18:00.000 +0100,1,0
lijeva,Orbis,Blašković,Unknown,2022-08-19 10:39:00.000 +0200,1,0
lijeva,Orbis,Blašković,Unknown,2022-09-24 11:25:00.000 +0200,1,0
lijeva,Orbis,Blašković,Unknown,2023-02-23 21:22:00.000 +0100,1,0
lijeva,Orbis,Blašković,Unknown,2023-03-06 19:41:00.000 +0100,1,0
lijeva,Orbis,Gomerčić,Unknown,2019-12-08 03:03:00.000 +0100,1,0
lijeva,Orbis,Gomerčić,Unknown,2019-12-19 02:40:00.000 +0100,1,0
lijeva,Orbis,Gomerčić,Unknown,2019-12-22 04:18:00.000 +0100,1,0
lijeva,Orbis,Gomerčić,Unknown,2019-12-25 06:24:00.000 +0100,1,0
lijeva,Orbis,Gomerčić,Unknown,2020-02-06 21:29:00.000 +0100,1,0
lijeva,Orbis,Gomerčić,Unknown,2020-02-25 02:47:00.000 +0100,1,0
lijeva,Orbis,Gomerčić,Unknown,2020-03-04 00:34:00.000 +0100,1,0
lijeva,Orbis,Gomerčić,Unknown,2020-05-14 06:15:00.000 +0200,1,0
lijeva,Orbis,Gomerčić,Unknown,2020-08-23 02:37:00.000 +0200,1,0
lijeva,Orbis,Gomerčić,Unknown,2021-09-26 01:02:00.000 +0200,1,0
lijeva,Orbis,Gomerčić,Unknown,2022-09-18 11:27:00.000 +0200,1,0
lijeva,Orbis,Kusak,Unknown,2020-12-02 00:52:00.000 +0100,1,0
lijeva,Orbis,Kusak,Unknown,2021-06-18 21:31:00.000 +0200,1,0
lijeva,Orbis,Kusak,Unknown,2021-07-21 22:06:00.000 +0200,1,0
lijeva,Orbis,Kusak,Unknown,2022-04-28 23:50:00.000 +0200,1,0
lijeva,Orbis,Kusak,Unknown,2022-05-22 15:59:00.000 +0200,1,0
lijeva,Orbis,Kusak,Unknown,2022-05-23 22:07:00.000 +0200,1,0
lijeva,Orbis,Kusak,Unknown,2022-06-07 01:31:00.000 +0200,1,0
lijeva,Orbis,Kusak,Unknown,2022-06-19 16:51:00.000 +0200,1,0
lijeva,Orbis,Kusak,Unknown,2022-07-12 02:25:00.000 +0200,1,0
lijeva,Orbis,Mladjen,Unknown,2023-04-29 14:01:00.000 +0200,1,0
lijeva,Orbis,Mladjen,Unknown,2023-06-20 05:57:00.000 +0200,1,0
lijeva,Orbis,Mladjen,Unknown,2023-08-26 17:33:00.000 +0200,1,0
lijeva,Orbis,Mladjen,Unknown,2023-10-24 14:11:00.000 +0200,1,0
lijeva,Orbis,Čmelar,Unknown,2022-10-10 23:09:00.000 +0200,1,0
lijeva,Osilnica_1,Fležar,Unknown,2018-10-21 01:48:00.000 +0200,1,0
desna,Osilnica_2,Fležar,Unknown,2018-05-08 14:00:00.000 +0200,1,0
desna,Osilnica_2,Fležar,Unknown,2018-12-19 21:31:00.000 +0100,1,0
desna,Osilnica_2,Fležar,Unknown,2019-01-10 23:36:00.000 +0100,1,0
desna,Osilnica_2,Fležar,Unknown,2019-02-12 23:16:00.000 +0100,1,0
desna,Osinjak,Rukavina,Unknown,2023-06-20 09:14:00.000 +0200,1,0
desna,Pakleni,Sindičić,Unknown,2014-03-14 07:59:00.000 +0100,1,0
none,Pakleni,Sindičić,Unknown,2013-12-10 11:21:00.000 +0100,1,0
back,Pandora L31,Blašković,M,2021-06-18 05:36:00.000 +0200,1,0
back,Pandora L31,Krmpotić,M,2022-10-15 19:23:00.000 +0200,1,0
desna,Pandora L31,Blašković,M,2021-05-30 04:27:00.000 +0200,1,0
desna,Pandora L31,Blašković,M,2022-02-28 12:41:00.000 +0100,1,0
desna,Pandora L31,Blašković,M,2022-02-28 20:29:00.000 +0100,1,0
desna,Pandora L31,Blašković,M,2023-01-19 01:58:00.000 +0100,1,0
desna,Pandora L31,Blašković,M,2023-01-31 21:15:00.000 +0100,1,0
desna,Pandora L31,Blašković,M,2023-03-23 19:13:00.000 +0100,1,0
desna,Pandora L31,Blašković,M,2023-04-12 04:06:00.000 +0200,1,0
desna,Pandora L31,Gomerčić,M,2019-08-10 23:03:00.000 +0200,1,0
desna,Pandora L31,Gomerčić,M,2021-01-26 06:10:00.000 +0100,1,0
desna,Pandora L31,Rukavina,M,2021-05-26 20:34:00.000 +0200,1,0
desna,Pandora L31,Rukavina,M,2021-05-27 01:27:00.000 +0200,1,0
desna,Pandora L31,Rukavina,M,2021-06-01 07:21:00.000 +0200,1,0
desna,Pandora L31,Rukavina,M,2021-06-03 08:18:00.000 +0200,1,0
desna,Pandora L31,Rukavina,M,2021-07-29 03:05:00.000 +0200,1,0
desna,Pandora L31,Rukavina,M,2021-10-31 03:23:00.000 +0100,1,0
desna,Pandora L31,Rukavina,M,2021-11-23 17:05:00.000 +0100,1,0
desna,Pandora L31,Salkić,M,2023-10-23 13:00:00.000 +0200,1,0
desna,Pandora L31,Sindičić,M,2020-03-09 06:28:00.000 +0100,1,0
desna,Pandora L31,Sindičić,M,2020-05-14 01:07:00.000 +0200,1,0
desna,Pandora L31,Tomaić,M,2020-05-31 17:33:00.000 +0200,1,0
desna,Pandora L31,Tomaić,M,2020-06-06 01:05:00.000 +0200,1,0
desna,Pandora L31,Tomaić,M,2020-09-02 02:13:00.000 +0200,1,0
desna,Pandora L31,Tomaić,M,2020-09-02 21:32:00.000 +0200,1,0
desna,Pandora L31,Tomaić,M,2020-09-09 18:28:00.000 +0200,1,0
desna,Pandora L31,Tomaić,M,2020-10-31 06:47:00.000 +0100,1,0
desna,Pandora L31,Tomaić,M,2020-12-07 23:44:00.000 +0100,1,0
desna,Pandora L31,Tomaić,M,2021-01-26 07:42:00.000 +0100,1,0
desna,Pandora L31,Tomaić,M,2021-02-08 03:07:00.000 +0100,1,0
desna,Pandora L31,Tomaić,M,2021-02-13 18:26:00.000 +0100,1,0
desna,Pandora L31,Tomaić,M,2021-03-02 02:44:00.000 +0100,1,0
desna,Pandora L31,Tomaić,M,2021-08-22 04:54:00.000 +0200,1,0
desna,Pandora L31,Tomaić,M,2021-08-29 19:54:00.000 +0200,1,0
desna,Pandora L31,Tomaić,M,2021-11-13 07:54:00.000 +0100,1,0
desna,Pandora L31,Tomaić,M,2022-02-23 15:30:00.000 +0100,1,0
desna,Pandora L31,Tomaić,M,2022-07-15 10:11:00.000 +0200,1,0
desna,Pandora L31,Tomaić,M,2022-07-28 12:25:00.000 +0200,1,0
desna,Pandora L31,Tomaić,M,2022-08-15 18:20:00.000 +0200,1,0
front,Pandora L31,Blašković,M,2021-06-18 05:36:00.000 +0200,1,0
front,Pandora L31,Tomaić,M,2021-08-07 19:04:00.000 +0200,1,0
lijeva,Pandora L31,Blašković,M,2021-04-07 21:04:00.000 +0200,1,0
lijeva,Pandora L31,Blašković,M,2021-05-30 04:27:00.000 +0200,1,0
lijeva,Pandora L31,Blašković,M,2022-03-27 16:33:00.000 +0200,1,0
lijeva,Pandora L31,Blašković,M,2023-02-04 05:04:00.000 +0100,1,0
lijeva,Pandora L31,Blašković,M,2023-03-20 16:55:00.000 +0100,1,0
lijeva,Pandora L31,Gomerčić,M,2019-08-10 23:03:00.000 +0200,1,0
lijeva,Pandora L31,Rukavina,M,2020-05-13 09:34:00.000 +0200,1,0
lijeva,Pandora L31,Rukavina,M,2020-07-29 23:49:00.000 +0200,1,0
lijeva,Pandora L31,Rukavina,M,2020-10-08 23:18:00.000 +0200,1,0
lijeva,Pandora L31,Rukavina,M,2021-02-20 19:38:00.000 +0100,1,0
lijeva,Pandora L31,Salkić,M,2024-03-12 14:00:00.000 +0100,1,0
lijeva,Pandora L31,Sindičić,M,2020-05-09 20:27:00.000 +0200,1,0
lijeva,Pandora L31,Tomaić,M,2020-04-07 03:05:00.000 +0200,1,0
lijeva,Pandora L31,Tomaić,M,2020-08-22 05:55:00.000 +0200,1,0
lijeva,Pandora L31,Tomaić,M,2020-10-25 17:35:00.000 +0100,1,0
lijeva,Pandora L31,Tomaić,M,2021-01-26 07:42:00.000 +0100,1,0
lijeva,Pandora L31,Tomaić,M,2021-02-08 03:07:00.000 +0100,1,0
lijeva,Pandora L31,Tomaić,M,2021-02-13 18:26:00.000 +0100,1,0
lijeva,Pandora L31,Tomaić,M,2021-05-25 01:53:00.000 +0200,1,0
lijeva,Pandora L31,Tomaić,M,2021-07-22 02:07:00.000 +0200,1,0
lijeva,Pandora L31,Tomaić,M,2021-08-07 19:04:00.000 +0200,1,0
lijeva,Pandora L31,Tomaić,M,2021-08-22 04:54:00.000 +0200,1,0
lijeva,Pandora L31,Tomaić,M,2021-08-29 19:54:00.000 +0200,1,0
lijeva,Pandora L31,Tomaić,M,2021-10-12 10:23:00.000 +0200,1,0
lijeva,Pandora L31,Tomaić,M,2022-02-23 15:30:00.000 +0100,1,0
none,Pandora L31,Blašković,M,2022-04-19 20:00:00.000 +0200,1,0
none,Pandora L31,Blašković,M,2022-05-25 20:00:00.000 +0200,1,0
none,Pandora L31,Tomaić,M,2023-01-21 20:00:00.000 +0100,1,0
desna,Pangea,Blašković,Z,2023-02-06 17:14:00.000 +0100,1,0
desna,Pangea,Kusak,Z,2022-10-13 07:29:00.000 +0200,1,0
desna,Pangea,Kusak,Z,2022-11-07 04:05:00.000 +0100,2,1
desna,Pangea,Kusak,Z,2023-02-25 18:33:00.000 +0100,2,1
desna,Pangea,Kusak,Z,2023-03-23 03:23:00.000 +0100,1,0
lijeva,Pangea,Blašković,Z,2022-12-28 22:39:00.000 +0100,1,0
lijeva,Pangea,Blašković,Z,2023-01-01 21:22:00.000 +0100,2,1
lijeva,Pangea,Kusak,Z,2022-10-18 21:09:00.000 +0200,1,0
lijeva,Pangea,Kusak,Z,2022-10-30 18:24:00.000 +0100,1,0
back,Paul,Slijepčević,M,2019-12-11 05:24:00.000 +0100,1,0
back,Paul,Slijepčević,M,2020-01-18 02:44:00.000 +0100,1,0
desna,Paul,Slijepčević,M,2018-04-28 16:35:00.000 +0200,1,0
desna,Paul,Slijepčević,M,2018-10-03 03:56:00.000 +0200,1,0
desna,Paul,Slijepčević,M,2018-10-27 21:30:00.000 +0200,1,0
desna,Paul,Slijepčević,M,2018-11-07 06:30:00.000 +0100,1,0
desna,Paul,Slijepčević,M,2018-12-21 06:47:00.000 +0100,1,0
desna,Paul,Slijepčević,M,2018-12-28 02:31:00.000 +0100,1,0
desna,Paul,Slijepčević,M,2019-01-13 16:38:00.000 +0100,1,0
desna,Paul,Slijepčević,M,2019-02-09 03:31:00.000 +0100,1,0
desna,Paul,Slijepčević,M,2019-02-18 00:49:00.000 +0100,1,0
desna,Paul,Slijepčević,M,2019-03-02 05:17:00.000 +0100,1,0
desna,Paul,Slijepčević,M,2019-03-03 06:17:00.000 +0100,1,0
desna,Paul,Slijepčević,M,2019-10-12 18:41:00.000 +0200,1,0
desna,Paul,Slijepčević,M,2019-10-15 18:24:00.000 +0200,1,0
desna,Paul,Slijepčević,M,2019-11-20 04:19:00.000 +0100,1,0
desna,Paul,Slijepčević,M,2019-11-28 23:17:00.000 +0100,1,0
front,Paul,Slijepčević,M,2018-12-03 18:16:00.000 +0100,1,0
front,Paul,Slijepčević,M,2019-01-13 16:38:00.000 +0100,1,0
lijeva,Paul,Slijepčević,M,2018-10-26 01:47:00.000 +0200,1,0
lijeva,Paul,Slijepčević,M,2018-10-27 21:30:00.000 +0200,1,0
lijeva,Paul,Slijepčević,M,2018-11-23 23:49:00.000 +0100,1,0
lijeva,Paul,Slijepčević,M,2018-11-29 19:11:00.000 +0100,1,0
lijeva,Paul,Slijepčević,M,2018-12-05 17:20:00.000 +0100,1,0
lijeva,Paul,Slijepčević,M,2018-12-21 06:47:00.000 +0100,1,0
lijeva,Paul,Slijepčević,M,2019-01-12 17:42:00.000 +0100,1,0
lijeva,Paul,Slijepčević,M,2019-01-30 16:50:00.000 +0100,1,0
lijeva,Paul,Slijepčević,M,2019-02-17 19:02:00.000 +0100,1,0
lijeva,Paul,Slijepčević,M,2019-02-18 00:49:00.000 +0100,1,0
lijeva,Paul,Slijepčević,M,2019-02-28 13:01:00.000 +0100,1,0
lijeva,Paul,Slijepčević,M,2019-03-02 02:16:00.000 +0100,1,0
lijeva,Paul,Slijepčević,M,2019-03-02 05:17:00.000 +0100,1,0
lijeva,Paul,Slijepčević,M,2019-10-12 18:41:00.000 +0200,1,0
lijeva,Paul,Slijepčević,M,2019-11-28 23:17:00.000 +0100,1,0
lijeva,Paul,Slijepčević,M,2019-12-11 05:24:00.000 +0100,1,0
lijeva,Paul,Slijepčević,M,2020-01-18 02:44:00.000 +0100,1,0
back,Pačo,Tomaić,M,2018-05-29 02:04:00.000 +0200,1,0
back,Pačo,Tomaić,M,2020-10-18 19:17:00.000 +0200,1,0
desna,Pačo,Gomerčić,M,2019-11-05 03:16:00.000 +0100,1,0
desna,Pačo,Tomaić,M,2018-04-23 03:24:00.000 +0200,1,0
desna,Pačo,Tomaić,M,2018-05-06 15:41:00.000 +0200,1,0
desna,Pačo,Tomaić,M,2018-05-30 04:48:00.000 +0200,1,0
desna,Pačo,Tomaić,M,2018-06-17 22:08:00.000 +0200,1,0
desna,Pačo,Tomaić,M,2018-07-15 05:35:00.000 +0200,1,0
desna,Pačo,Tomaić,M,2018-07-29 03:29:00.000 +0200,1,0
desna,Pačo,Tomaić,M,2018-07-29 08:27:00.000 +0200,1,0
desna,Pačo,Tomaić,M,2018-08-15 23:35:00.000 +0200,1,0
desna,Pačo,Tomaić,M,2019-06-28 20:33:00.000 +0200,2,0
desna,Pačo,Tomaić,M,2019-12-01 21:51:00.000 +0100,2,0
desna,Pačo,Tomaić,M,2019-12-14 19:54:00.000 +0100,1,0
desna,Pačo,Tomaić,M,2019-12-27 04:21:00.000 +0100,1,0
desna,Pačo,Tomaić,M,2020-02-18 01:48:00.000 +0100,1,0
desna,Pačo,Tomaić,M,2020-03-31 13:30:00.000 +0200,1,0
desna,Pačo,Tomaić,M,2020-03-31 15:30:00.000 +0200,1,0
desna,Pačo,Tomaić,M,2020-05-13 17:34:00.000 +0200,1,0
desna,Pačo,Tomaić,M,2020-10-08 10:35:00.000 +0200,1,0
desna,Pačo,Tomaić,M,2022-02-13 09:05:00.000 +0100,1,0
desna,Pačo,Tomaić,M,2022-03-28 22:40:00.000 +0200,1,0
desna,Pačo,Tomaić,M,2022-03-29 20:34:00.000 +0200,1,0
front,Pačo,Tomaić,M,2018-05-06 15:41:00.000 +0200,1,0
front,Pačo,Tomaić,M,2020-01-30 10:10:00.000 +0100,1,0
front,Pačo,Tomaić,M,2020-02-19 00:48:00.000 +0100,1,0
lijeva,Pačo,Gomerčić,M,2019-11-05 03:16:00.000 +0100,1,0
lijeva,Pačo,Tomaić,M,2018-05-02 18:58:00.000 +0200,1,0
lijeva,Pačo,Tomaić,M,2018-08-15 23:35:00.000 +0200,1,0
lijeva,Pačo,Tomaić,M,2019-05-25 22:16:00.000 +0200,1,0
lijeva,Pačo,Tomaić,M,2019-06-28 20:33:00.000 +0200,2,0
lijeva,Pačo,Tomaić,M,2019-06-30 03:57:00.000 +0200,1,0
lijeva,Pačo,Tomaić,M,2019-11-25 05:05:00.000 +0100,1,0
lijeva,Pačo,Tomaić,M,2019-12-01 21:51:00.000 +0100,2,0
lijeva,Pačo,Tomaić,M,2019-12-13 17:19:00.000 +0100,1,0
lijeva,Pačo,Tomaić,M,2019-12-14 19:54:00.000 +0100,1,0
lijeva,Pačo,Tomaić,M,2019-12-27 04:21:00.000 +0100,1,0
lijeva,Pačo,Tomaić,M,2020-02-27 13:52:00.000 +0100,1,0
lijeva,Pačo,Tomaić,M,2022-01-23 05:43:00.000 +0100,1,0
lijeva,Pačo,Tomaić,M,2022-03-06 17:18:00.000 +0100,1,0
lijeva,Pačo,Tomaić,M,2022-03-28 05:38:00.000 +0200,1,0
lijeva,Pačo,Tomaić,M,2022-04-05 03:07:00.000 +0200,1,0
none,Pačo,Tomaić,M,2019-01-03 20:07:00.000 +0100,1,0
none,Pačo,Tomaić,M,2019-02-25 07:13:00.000 +0100,1,0
none,Pačo,Tomaić,M,2019-03-05 10:05:00.000 +0100,1,0
back,Pepi,Iskrić,M,2021-12-21 15:05:00.000 +0100,1,0
back,Pepi,Iskrić,M,2022-06-01 02:39:00.000 +0200,1,0
desna,Pepi,Iskrić,M,2021-12-21 15:05:00.000 +0100,1,0
desna,Pepi,Iskrić,M,2022-06-01 02:39:00.000 +0200,1,0
desna,Pepi,Iskrić,M,2022-06-10 19:40:00.000 +0200,1,0
desna,Pepi,Kusak,M,2022-10-28 18:51:00.000 +0200,1,0
desna,Pepi,Kusak,M,2023-03-26 13:42:00.000 +0200,1,0
desna,Pepi,Kusak,M,2023-04-19 14:11:00.000 +0200,1,0
desna,Pepi,Slijepčević,M,2023-04-06 21:24:00.000 +0200,1,0
desna,Pepi,Slijepčević,M,2023-04-29 23:47:00.000 +0200,1,0
front,Pepi,Iskrić,M,2022-06-10 19:40:00.000 +0200,1,0
lijeva,Pepi,Iskrić,M,2021-12-21 15:05:00.000 +0100,1,0
lijeva,Pepi,Iskrić,M,2022-01-07 03:44:00.000 +0100,1,0
lijeva,Pepi,Iskrić,M,2022-04-07 02:16:00.000 +0200,1,0
lijeva,Pepi,Iskrić,M,2022-06-01 02:39:00.000 +0200,1,0
lijeva,Pepi,Iskrić,M,2022-06-10 19:40:00.000 +0200,1,0
lijeva,Pino L25,Toplicanec,M,2020-05-30 10:00:00.000 +0200,1,0
desna,Plase,Kusak,M,2015-09-05 10:42:00.000 +0200,1,0
desna,Plase,Kusak,M,2015-10-30 17:06:00.000 +0100,1,0
desna,Plase,Kusak,M,2015-12-09 20:01:00.000 +0100,1,0
desna,Plase,Kusak,M,2016-01-16 14:45:00.000 +0100,1,
desna,Plase,Kusak,M,2016-03-14 18:10:00.000 +0100,1,
desna,Plase,Kusak,M,2016-05-12 17:13:00.000 +0200,1,
desna,Plase,Kusak,M,2016-06-26 11:39:00.000 +0200,1,
desna,Platak 1,Čmelar,Unknown,2023-01-13 07:56:00.000 +0100,1,0
desna,Platak 1,Čmelar,Unknown,2023-01-27 07:03:00.000 +0100,1,0
desna,Platak 1,Čmelar,Unknown,2023-02-01 05:14:00.000 +0100,1,0
desna,Platak 1,Čmelar,Unknown,2023-02-03 20:56:00.000 +0100,1,0
desna,Platak 1,Čmelar,Unknown,2023-02-08 18:48:00.000 +0100,1,0
desna,Platak 1,Čmelar,Unknown,2023-02-09 23:36:00.000 +0100,1,0
desna,Platak 1,Čmelar,Unknown,2023-03-11 16:46:00.000 +0100,1,0
desna,Platak 1,Čmelar,Unknown,2023-03-17 19:32:00.000 +0100,1,0
lijeva,Platak 1,Čmelar,Unknown,2023-01-13 07:56:00.000 +0100,1,0
lijeva,Platak 1,Čmelar,Unknown,2023-01-27 07:03:00.000 +0100,1,0
lijeva,Platak 1,Čmelar,Unknown,2023-02-01 05:14:00.000 +0100,1,0
lijeva,Platak 1,Čmelar,Unknown,2023-02-03 20:56:00.000 +0100,1,0
lijeva,Platak 1,Čmelar,Unknown,2023-02-08 18:48:00.000 +0100,1,0
lijeva,Platak 1,Čmelar,Unknown,2023-02-09 23:36:00.000 +0100,1,0
lijeva,Platak 1,Čmelar,Unknown,2023-03-11 16:46:00.000 +0100,1,0
lijeva,Platak 1,Čmelar,Unknown,2023-03-17 19:32:00.000 +0100,1,0
desna,Platak 4,Čmelar,Unknown,2023-02-19 22:10:00.000 +0100,1,0
desna,Platak 4,Čmelar,Unknown,2023-03-06 03:31:00.000 +0100,1,0
desna,Platak 4,Čmelar,Unknown,2023-03-10 00:29:00.000 +0100,1,0
desna,Platak 4,Čmelar,Unknown,2023-03-10 22:20:00.000 +0100,1,0
desna,Platak 4,Čmelar,Unknown,2023-03-12 21:38:00.000 +0100,1,0
desna,Platak 4,Čmelar,Unknown,2023-03-14 00:08:00.000 +0100,1,0
desna,Platak 5,Čmelar,Unknown,2023-02-15 20:11:00.000 +0100,1,0
desna,Platak 5,Čmelar,Unknown,2023-02-27 06:33:00.000 +0100,1,0
desna,Platak 5,Čmelar,Unknown,2023-03-12 04:00:00.000 +0100,1,0
desna,Platak 5,Čmelar,Unknown,2023-03-25 20:29:00.000 +0100,1,0
desna,Platak 5,Čmelar,Unknown,2023-04-17 19:01:00.000 +0200,1,0
desna,Platak 5,Čmelar,Unknown,2023-04-21 18:53:00.000 +0200,1,0
lijeva,Platak 5,Čmelar,Unknown,2023-02-15 20:11:00.000 +0100,1,0
lijeva,Platak 5,Čmelar,Unknown,2023-02-18 04:58:00.000 +0100,1,0
lijeva,Platak 5,Čmelar,Unknown,2023-02-27 06:33:00.000 +0100,1,0
lijeva,Platak 5,Čmelar,Unknown,2023-03-12 04:00:00.000 +0100,1,0
lijeva,Platak 5,Čmelar,Unknown,2023-03-25 20:29:00.000 +0100,1,0
lijeva,Platak 5,Čmelar,Unknown,2023-04-17 19:01:00.000 +0200,1,0
lijeva,Platak 5,Čmelar,Unknown,2023-04-21 18:53:00.000 +0200,1,0
desna,Platak 6,Čmelar,Unknown,2023-03-02 17:36:00.000 +0100,1,0
lijeva,Platak 7,Čmelar,Unknown,2023-03-15 06:39:00.000 +0100,1,0
desna,Plješivica BiH,Hadzihajdarevic,Unknown,2022-12-17 21:29:00.000 +0100,1,0
desna,Plješivica BiH,Čmelar,Unknown,2022-10-03 19:43:00.000 +0200,1,0
desna,Plješivica BiH,Čmelar,Unknown,2022-10-20 23:17:00.000 +0200,1,0
lijeva,Plješivica BiH,Rukavina,Unknown,2022-06-13 01:53:00.000 +0200,1,0
lijeva,Plješivica BiH,Rukavina,Unknown,2022-09-03 03:50:00.000 +0200,1,0
lijeva,Plješivica BiH,Rukavina,Unknown,2022-09-22 00:46:00.000 +0200,1,0
lijeva,Plješivica BiH,Rukavina,Unknown,2022-10-25 18:22:00.000 +0200,1,0
lijeva,Plješivica BiH,Rukavina,Unknown,2023-11-10 19:37:00.000 +0100,1,0
lijeva,Plješivica BiH,Rukavina,Unknown,2023-11-10 21:35:00.000 +0100,1,0
lijeva,Plješivica BiH,Slijepčević,Unknown,2020-01-25 17:58:00.000 +0100,1,0
lijeva,Plješivica BiH,Čmelar,Unknown,2022-10-20 23:17:00.000 +0200,1,0
lijeva,PoljanskaGora_1,Fležar,Unknown,2018-10-02 18:07:00.000 +0200,1,0
lijeva,PoljanskaGora_1,Fležar,Unknown,2018-10-02 18:33:00.000 +0200,1,0
desna,Predator,Slijepčević,Unknown,2020-01-22 01:27:00.000 +0100,1,0
desna,Prpa,Blašković,M,2022-10-12 10:39:00.000 +0200,1,0
desna,Prpa,Blašković,M,2022-10-19 09:39:00.000 +0200,1,0
desna,Prpa,Blašković,M,2023-06-18 09:00:00.000 +0200,1,0
desna,Prpa,Rukavina,M,2020-05-27 17:02:00.000 +0200,1,0
desna,Prpa,Rukavina,M,2020-05-27 21:29:00.000 +0200,1,0
desna,Prpa,Rukavina,M,2020-06-23 12:33:00.000 +0200,1,0
desna,Prpa,Rukavina,M,2020-07-24 09:11:00.000 +0200,1,0
desna,Prpa,Rukavina,M,2020-11-18 21:32:00.000 +0100,1,0
desna,Prpa,Rukavina,M,2021-06-27 06:44:00.000 +0200,1,0
desna,Prpa,Rukavina,M,2021-11-03 06:57:00.000 +0100,1,0
desna,Prpa,Rukavina,M,2022-05-03 06:56:00.000 +0200,1,0
desna,Prpa,Salkić,M,2022-12-07 05:05:00.000 +0100,1,0
desna,Prpa,Salkić,M,2022-12-31 23:38:00.000 +0100,1,0
desna,Prpa,Salkić,M,2023-03-21 01:54:00.000 +0100,1,0
desna,Prpa,Salkić,M,2023-03-27 07:23:00.000 +0200,1,0
desna,Prpa,Salkić,M,2023-04-05 23:59:00.000 +0200,1,0
desna,Prpa,Salkić,M,2023-06-09 07:22:00.000 +0200,1,0
desna,Prpa,Salkić,M,2023-07-16 11:50:00.000 +0200,1,0
desna,Prpa,Salkić,M,2023-07-21 23:23:00.000 +0200,1,0
desna,Prpa,Salkić,M,2023-07-22 02:16:00.000 +0200,1,0
desna,Prpa,Salkić,M,2023-11-22 07:37:00.000 +0100,1,0
desna,Prpa,Slijepčević,M,2020-10-22 08:21:00.000 +0200,1,0
lijeva,Prpa,Blazevic,M,2024-02-13 23:23:00.000 +0100,1,0
lijeva,Prpa,Blašković,M,2021-03-02 08:11:00.000 +0100,1,0
lijeva,Prpa,Blašković,M,2022-12-27 17:33:00.000 +0100,1,0
lijeva,Prpa,Blašković,M,2023-03-23 08:30:00.000 +0100,1,0
lijeva,Prpa,Rukavina,M,2020-05-10 06:00:00.000 +0200,1,0
lijeva,Prpa,Rukavina,M,2020-05-27 21:29:00.000 +0200,1,0
lijeva,Prpa,Rukavina,M,2020-06-23 12:33:00.000 +0200,1,0
lijeva,Prpa,Rukavina,M,2020-07-24 09:11:00.000 +0200,1,0
lijeva,Prpa,Rukavina,M,2020-07-26 23:34:00.000 +0200,1,0
lijeva,Prpa,Rukavina,M,2021-04-01 22:01:00.000 +0200,1,0
lijeva,Prpa,Rukavina,M,2021-06-01 02:41:00.000 +0200,1,0
lijeva,Prpa,Rukavina,M,2021-06-03 05:17:00.000 +0200,1,0
lijeva,Prpa,Rukavina,M,2021-06-21 02:59:00.000 +0200,1,0
lijeva,Prpa,Rukavina,M,2021-06-23 07:53:00.000 +0200,1,0
lijeva,Prpa,Rukavina,M,2021-07-26 23:34:00.000 +0200,1,0
lijeva,Prpa,Rukavina,M,2021-09-05 02:18:00.000 +0200,1,0
lijeva,Prpa,Rukavina,M,2021-10-06 11:23:00.000 +0200,1,0
lijeva,Prpa,Rukavina,M,2021-11-18 11:21:00.000 +0100,1,0
lijeva,Prpa,Salkić,M,2023-03-20 16:45:00.000 +0100,1,0
lijeva,Prpa,Salkić,M,2023-03-25 12:03:00.000 +0100,1,0
lijeva,Prpa,Salkić,M,2023-03-28 18:06:00.000 +0200,1,0
lijeva,Prpa,Salkić,M,2023-07-14 20:56:00.000 +0200,1,0
front,R3,Tomaić,Unknown,2018-09-13 04:45:00.000 +0200,1,0
lijeva,R3,Tomaić,Unknown,2018-08-11 16:11:00.000 +0200,1,0
none,R3,Rukavina,Unknown,2018-10-06 22:14:00.000 +0200,1,0
desna,R4,Tomaić,Unknown,2018-09-15 22:07:00.000 +0200,1,0
desna,R4,Tomaić,Unknown,2018-09-20 18:32:00.000 +0200,1,0
desna,R6,Rukavina,Unknown,2019-08-22 00:02:00.000 +0200,1,0
desna,Ram,Tomaić,Unknown,2020-11-21 05:30:00.000 +0100,1,0
lijeva,Ram,Tomaić,Unknown,2020-11-21 05:30:00.000 +0100,1,0
lijeva,Rea,Toplicanec,Z,2021-04-23 18:07:00.000 +0200,1,0
lijeva,Rea,Toplicanec,Z,2021-04-28 23:49:00.000 +0200,1,0
lijeva,Rea,Toplicanec,Z,2021-05-02 22:04:00.000 +0200,1,0
lijeva,Rea,Toplicanec,Z,2021-05-16 02:57:00.000 +0200,1,0
lijeva,Rea,Toplicanec,Z,2021-05-17 18:10:00.000 +0200,1,0
desna,Ren,Toplicanec,M,2022-04-26 17:10:00.000 +0200,1,0
desna,Ren,Toplicanec,M,2022-05-24 18:19:00.000 +0200,1,0
lijeva,Ren,Blašković,M,2023-03-23 05:28:00.000 +0100,1,0
lijeva,Ren,Toplicanec,M,2021-06-11 05:03:00.000 +0200,1,0
lijeva,Ren,Toplicanec,M,2021-07-08 20:02:00.000 +0200,1,0
lijeva,Ren,Toplicanec,M,2021-07-24 05:55:00.000 +0200,1,0
lijeva,Ren,Toplicanec,M,2021-10-21 18:21:00.000 +0200,1,0
desna,Ris Larmina D,Iskrić,Unknown,2021-03-22 03:37:00.000 +0100,1,0
lijeva,Ris Larmina L,Iskrić,Unknown,2021-04-01 12:24:00.000 +0200,1,0
lijeva,Ris Rudine L,Gomerčić,M,2023-03-19 03:49:00.000 +0100,1,0
lijeva,Ris Rudine L,Gomerčić,M,2023-04-09 08:23:00.000 +0200,1,0
lijeva,Ris Rudine L,Iskrić,M,2020-12-11 17:05:00.000 +0100,1,0
desna,Risovac 1,Blašković,Unknown,2023-03-29 03:08:00.000 +0200,1,0
desna,Risovac 1,Blašković,Unknown,2023-04-12 20:57:00.000 +0200,1,0
desna,Risovac 1,Toplicanec,Unknown,2022-09-30 07:28:00.000 +0200,1,0
lijeva,Risovac 1,Blašković,Unknown,2023-01-14 20:34:00.000 +0100,1,0
lijeva,Risovac 1,Blašković,Unknown,2023-03-22 17:53:00.000 +0100,1,0
lijeva,Risovac 1,Toplicanec,Unknown,2022-09-20 05:16:00.000 +0200,1,0
lijeva,Risovac 1,Toplicanec,Unknown,2022-10-02 02:19:00.000 +0200,1,0
lijeva,Risovac 1,Toplicanec,Unknown,2022-10-19 03:56:00.000 +0200,1,0
lijeva,Risovac 1,Toplicanec,Unknown,2022-10-19 04:56:00.000 +0200,1,0
desna,Risovac 2D,Blašković,Unknown,2023-04-02 08:25:00.000 +0200,1,0
desna,Risovac 3 R,Toplicanec,Unknown,2022-09-13 02:48:00.000 +0200,1,0
desna,Risovac 3 R,Toplicanec,Unknown,2022-09-14 01:56:00.000 +0200,1,0
desna,Risovac 3 R,Toplicanec,Unknown,2022-09-14 04:53:00.000 +0200,1,0
desna,Risovac 3 R,Toplicanec,Unknown,2022-09-15 07:31:00.000 +0200,1,0
desna,Risovac 3 R,Toplicanec,Unknown,2022-09-21 10:48:00.000 +0200,1,0
desna,Risovac 3 R,Toplicanec,Unknown,2022-10-12 01:32:00.000 +0200,1,0
lijeva,Risovac 4 L,Toplicanec,Unknown,2022-09-12 10:43:00.000 +0200,1,0
lijeva,Risovac 4 L,Toplicanec,Unknown,2022-09-15 05:19:00.000 +0200,1,0
lijeva,Risovac 4 L,Toplicanec,Unknown,2022-09-18 12:14:00.000 +0200,1,0
lijeva,Risovac 4 L,Toplicanec,Unknown,2022-09-21 09:46:00.000 +0200,1,0
lijeva,Risovac 4 L,Toplicanec,Unknown,2022-09-27 01:19:00.000 +0200,1,0
lijeva,Risovac 4 L,Toplicanec,Unknown,2022-10-19 10:53:00.000 +0200,1,0
back,Rista L18,Iskrić,M,2020-09-30 21:30:00.000 +0200,1,0
back,Rista L18,Iskrić,M,2020-10-23 07:11:00.000 +0200,1,0
back,Rista L18,Iskrić,M,2021-01-01 12:40:00.000 +0100,1,0
back,Rista L18,Iskrić,M,2021-07-12 19:33:00.000 +0200,1,0
back,Rista L18,Iskrić,M,2022-05-20 02:32:00.000 +0200,1,0
back,Rista L18,Iskrić,M,2022-06-10 08:41:00.000 +0200,1,0
desna,Rista L18,Iskrić,M,2020-09-30 21:30:00.000 +0200,1,0
desna,Rista L18,Iskrić,M,2020-10-13 02:57:00.000 +0200,1,0
desna,Rista L18,Iskrić,M,2020-10-23 07:11:00.000 +0200,1,0
desna,Rista L18,Iskrić,M,2021-01-01 12:40:00.000 +0100,1,0
desna,Rista L18,Iskrić,M,2021-01-29 06:30:00.000 +0100,1,0
desna,Rista L18,Iskrić,M,2021-08-15 10:36:00.000 +0200,1,0
desna,Rista L18,Iskrić,M,2022-05-20 02:32:00.000 +0200,1,0
desna,Rista L18,Slijepčević,M,2019-09-13 08:14:00.000 +0200,1,0
desna,Rista L18,Slijepčević,M,2019-09-26 05:20:00.000 +0200,1,0
lijeva,Rista L18,Gomerčić,M,2023-02-23 09:28:00.000 +0100,1,0
lijeva,Rista L18,Iskrić,M,2020-10-13 02:57:00.000 +0200,1,0
lijeva,Rista L18,Iskrić,M,2022-06-10 08:41:00.000 +0200,1,0
lijeva,Rista L18,Iskrić,M,2022-06-24 09:56:00.000 +0200,1,0
lijeva,Rista L18,Slijepčević,M,2019-09-13 08:14:00.000 +0200,1,0
lijeva,Rista L18,Slijepčević,M,2019-09-26 05:20:00.000 +0200,1,0
lijeva,Rista L18,Slijepčević,M,2020-04-01 02:21:00.000 +0200,1,0
lijeva,Rista L18,Toplicanec,M,2020-03-04 07:00:00.000 +0100,1,0
none,Rista L18,Slijepčević,M,2020-04-26 12:00:00.000 +0200,1,0
none,Rista L18,Toplicanec,M,2019-09-24 09:30:00.000 +0200,1,0
desna,Rog_1,Fležar,Z,2018-10-24 12:09:00.000 +0200,1,1
lijeva,Rog_1,Fležar,Z,2018-10-24 12:09:00.000 +0200,1,1
desna,Root,Blašković,Unknown,2023-01-28 07:09:00.000 +0100,1,0
desna,Root,Blašković,Unknown,2023-03-18 10:39:00.000 +0100,1,0
desna,Root,Krmpotić,Unknown,2023-03-25 17:27:00.000 +0100,1,0
desna,Root,Krmpotić,Unknown,2023-04-08 00:15:00.000 +0200,1,0
desna,Root,Tomaić,Unknown,2022-06-18 06:35:00.000 +0200,1,0
desna,Root,Tomaić,Unknown,2022-11-11 14:53:00.000 +0100,1,0
lijeva,Root,Blašković,Unknown,2023-03-19 02:06:00.000 +0100,1,0
lijeva,Root,Krmpotić,Unknown,2023-03-25 17:27:00.000 +0100,1,0
lijeva,Root,Tomaić,Unknown,2022-06-18 06:35:00.000 +0200,1,0
lijeva,Root,Tomaić,Unknown,2022-11-11 14:53:00.000 +0100,1,0
desna,Rosa,Tomaić,Z,2021-08-26 06:39:00.000 +0200,1,0
desna,Rosa,Tomaić,Z,2021-09-12 14:52:00.000 +0200,1,0
desna,Rosa,Tomaić,Z,2022-10-27 16:34:00.000 +0200,3,2
lijeva,Rosa,Tomaić,Z,2021-08-26 06:39:00.000 +0200,1,0
lijeva,Rosa,Tomaić,Z,2021-08-26 15:08:00.000 +0200,1,0
desna,Rosa mladunac1 2022,Tomaić,Unknown,2022-10-27 16:34:00.000 +0200,3,2
desna,Rosa mladunac2 2022,Tomaić,Unknown,2022-10-27 16:34:00.000 +0200,3,2
lijeva,Rozeta ricicko,Toplicanec,Unknown,2023-03-11 02:02:00.000 +0100,1,0
lijeva,Rozeta ricicko,Toplicanec,Unknown,2023-04-04 08:58:00.000 +0200,1,0
lijeva,Rubrum,Selanec,Unknown,2020-12-01 10:28:00.000 +0100,1,0
desna,Rudine 2D,Slijepčević,Unknown,2023-01-05 18:07:00.000 +0100,1,0
desna,Rudine mali 2020,Iskrić,Unknown,2021-02-25 03:25:00.000 +0100,2,2
none,Rudine mali 2020,Iskrić,Unknown,2021-02-25 03:25:00.000 +0100,2,2
lijeva,Saborsko,Toplicanec,Unknown,2019-09-11 20:26:00.000 +0200,1,0
desna,Saša,Iskrić,M,2020-10-06 23:58:00.000 +0200,1,0
desna,Saša,Iskrić,M,2020-10-27 19:07:00.000 +0100,1,0
desna,Saša,Paulić,M,2021-03-04 02:59:00.000 +0100,1,0
desna,Saša,Paulić,M,2021-03-17 09:39:00.000 +0100,1,0
desna,Saša,Slijepčević,M,2019-11-14 21:14:00.000 +0100,3,2
front,Saša,Iskrić,M,2020-10-23 14:04:00.000 +0200,1,0
front,Saša,Paulić,M,2021-03-17 09:39:00.000 +0100,1,0
lijeva,Saša,Iskrić,M,2020-10-06 23:58:00.000 +0200,1,0
lijeva,Saša,Iskrić,M,2020-10-23 14:04:00.000 +0200,1,0
back,Shiny,Mladjen,Unknown,2023-02-16 19:25:00.000 +0100,2,0
desna,Shiny,Blašković,Unknown,2022-09-30 19:02:00.000 +0200,3,2
front,Shiny,Mladjen,Unknown,2023-02-15 10:36:00.000 +0100,2,1
lijeva,Shiny,Kusak,Unknown,2020-10-30 22:00:00.000 +0100,1,0
none,Shiny,Blašković,Unknown,2022-09-30 19:02:00.000 +0200,3,2
none,Shiny,Blašković,Unknown,2022-09-30 23:12:00.000 +0200,3,2
none,Shiny,Blašković,Unknown,2022-10-01 04:05:00.000 +0200,3,2
none,Shiny,Mladjen,Unknown,2023-02-14 06:41:00.000 +0100,3,2
none,Shiny,Mladjen,Unknown,2023-02-15 10:36:00.000 +0100,2,1
none,Shiny,Mladjen,Unknown,2023-02-16 19:25:00.000 +0100,2,0
back,Shiny mladunac1 2022,Mladjen,Unknown,2023-02-16 19:25:00.000 +0100,2,0
desna,Shiny mladunac1 2022,Blašković,Unknown,2022-09-30 19:02:00.000 +0200,3,2
lijeva,Shiny mladunac1 2022,Blašković,Unknown,2022-10-01 04:18:00.000 +0200,2,2
none,Shiny mladunac1 2022,Blašković,Unknown,2022-09-30 19:02:00.000 +0200,3,2
none,Shiny mladunac1 2022,Blašković,Unknown,2022-09-30 23:12:00.000 +0200,3,2
none,Shiny mladunac1 2022,Blašković,Unknown,2022-10-01 04:05:00.000 +0200,3,2
none,Shiny mladunac1 2022,Mladjen,Unknown,2023-02-14 06:41:00.000 +0100,3,2
none,Shiny mladunac1 2022,Mladjen,Unknown,2023-02-16 19:25:00.000 +0100,2,0
back,Shiny mladunac2 2022,Mladjen,Unknown,2023-02-16 19:25:00.000 +0100,2,0
desna,Shiny mladunac2 2022,Blašković,Unknown,2022-09-30 19:02:00.000 +0200,3,2
lijeva,Shiny mladunac2 2022,Blašković,Unknown,2022-10-01 04:18:00.000 +0200,2,2
none,Shiny mladunac2 2022,Blašković,Unknown,2022-09-30 19:02:00.000 +0200,3,2
none,Shiny mladunac2 2022,Blašković,Unknown,2022-09-30 23:12:00.000 +0200,3,2
none,Shiny mladunac2 2022,Blašković,Unknown,2022-10-01 04:05:00.000 +0200,3,2
none,Shiny mladunac2 2022,Mladjen,Unknown,2023-02-14 06:41:00.000 +0100,3,2
none,Shiny mladunac2 2022,Mladjen,Unknown,2023-02-16 19:25:00.000 +0100,2,0
desna,Silva,Blašković,Unknown,2022-01-28 06:58:00.000 +0100,1,0
desna,Silvia ,Rukavina,Z,2019-05-01 01:50:00.000 +0200,1,0
desna,Silvia ,Rukavina,Z,2019-06-10 13:04:00.000 +0200,1,0
desna,Silvia ,Rukavina,Z,2019-09-26 03:59:00.000 +0200,3,2
desna,Silvia ,Rukavina,Z,2019-10-17 22:55:00.000 +0200,1,0
desna,Silvia ,Rukavina,Z,2020-11-10 17:39:00.000 +0100,1,0
front,Silvia ,Rukavina,Z,2019-05-01 01:50:00.000 +0200,1,0
lijeva,Silvia ,Rukavina,Z,2019-05-01 01:50:00.000 +0200,1,0
lijeva,Silvia ,Rukavina,Z,2019-09-26 03:59:00.000 +0200,3,2
desna,Slavko L35,Kusak,M,2023-02-11 11:49:00.000 +0100,1,0
desna,Slavko L35,Toplicanec,M,2021-12-18 19:40:00.000 +0100,1,0
desna,Slavko L35,Toplicanec,M,2022-01-03 22:35:00.000 +0100,1,0
desna,Slavko L35,Toplicanec,M,2022-01-08 22:14:00.000 +0100,1,0
desna,Slavko L35,Toplicanec,M,2022-01-09 01:39:00.000 +0100,1,0
desna,Slavko L35,Toplicanec,M,2022-01-10 19:07:00.000 +0100,1,0
desna,Slavko L35,Toplicanec,M,2022-01-11 00:24:00.000 +0100,1,0
desna,Slavko L35,Toplicanec,M,2022-02-01 17:43:00.000 +0100,1,0
desna,Slavko L35,Toplicanec,M,2022-02-02 04:21:00.000 +0100,1,0
desna,Slavko L35,Toplicanec,M,2022-02-06 23:50:00.000 +0100,1,0
desna,Slavko L35,Toplicanec,M,2022-02-18 03:15:00.000 +0100,1,0
desna,Slavko L35,Toplicanec,M,2022-02-20 17:31:00.000 +0100,1,0
desna,Slavko L35,Toplicanec,M,2022-03-02 20:39:00.000 +0100,1,0
desna,Slavko L35,Toplicanec,M,2022-04-14 00:53:00.000 +0200,1,0
desna,Slavko L35,Toplicanec,M,2022-05-19 17:57:00.000 +0200,1,0
desna,Slavko L35,Toplicanec,M,2022-07-03 16:12:00.000 +0200,1,0
desna,Slavko L35,Toplicanec,M,2022-07-17 05:38:00.000 +0200,1,0
desna,Slavko L35,Toplicanec,M,2022-08-06 07:55:00.000 +0200,1,0
desna,Slavko L35,Toplicanec,M,2022-09-24 00:28:00.000 +0200,1,0
desna,Slavko L35,Toplicanec,M,2022-10-01 11:43:00.000 +0200,1,0
desna,Slavko L35,Toplicanec,M,2022-10-04 18:22:00.000 +0200,1,0
desna,Slavko L35,Toplicanec,M,2022-10-20 04:23:00.000 +0200,1,0
desna,Slavko L35,Toplicanec,M,2022-11-02 20:37:00.000 +0100,1,0
desna,Slavko L35,Toplicanec,M,2022-11-25 22:39:00.000 +0100,1,0
desna,Slavko L35,Toplicanec,M,2023-01-17 06:01:00.000 +0100,1,0
desna,Slavko L35,Toplicanec,M,2023-01-28 18:02:00.000 +0100,1,0
desna,Slavko L35,Toplicanec,M,2023-01-31 20:58:00.000 +0100,1,0
desna,Slavko L35,Toplicanec,M,2023-02-07 19:34:00.000 +0100,1,0
desna,Slavko L35,Toplicanec,M,2023-02-20 01:52:00.000 +0100,1,0
desna,Slavko L35,Toplicanec,M,2023-02-24 22:15:00.000 +0100,1,0
desna,Slavko L35,Toplicanec,M,2023-02-27 23:39:00.000 +0100,1,0
desna,Slavko L35,Toplicanec,M,2023-04-14 19:38:00.000 +0200,1,0
desna,Slavko L35,Toplicanec,M,2023-05-23 04:33:00.000 +0200,1,0
desna,Slavko L35,Toplicanec,M,2023-07-21 11:30:00.000 +0200,1,0
front,Slavko L35,Toplicanec,M,2022-04-04 03:35:00.000 +0200,1,0
lijeva,Slavko L35,Kusak,M,2023-02-15 08:42:00.000 +0100,1,0
lijeva,Slavko L35,Kusak,M,2023-02-22 17:43:00.000 +0100,1,0
lijeva,Slavko L35,Kusak,M,2023-03-08 18:47:00.000 +0100,1,0
lijeva,Slavko L35,Toplicanec,M,2022-01-09 20:31:00.000 +0100,1,0
lijeva,Slavko L35,Toplicanec,M,2022-01-22 18:17:00.000 +0100,1,0
lijeva,Slavko L35,Toplicanec,M,2022-02-26 06:46:00.000 +0100,1,0
lijeva,Slavko L35,Toplicanec,M,2022-03-06 09:21:00.000 +0100,1,0
lijeva,Slavko L35,Toplicanec,M,2022-03-25 04:20:00.000 +0100,1,0
lijeva,Slavko L35,Toplicanec,M,2022-06-13 22:16:00.000 +0200,1,0
lijeva,Slavko L35,Toplicanec,M,2022-07-18 04:25:00.000 +0200,1,0
lijeva,Slavko L35,Toplicanec,M,2022-07-23 20:00:00.000 +0200,1,0
lijeva,Slavko L35,Toplicanec,M,2022-08-11 08:02:00.000 +0200,1,0
lijeva,Slavko L35,Toplicanec,M,2022-08-27 01:32:00.000 +0200,1,0
lijeva,Slavko L35,Toplicanec,M,2022-08-30 00:51:00.000 +0200,1,0
lijeva,Slavko L35,Toplicanec,M,2022-09-02 19:03:00.000 +0200,1,0
lijeva,Slavko L35,Toplicanec,M,2022-10-03 23:19:00.000 +0200,1,0
lijeva,Slavko L35,Toplicanec,M,2022-10-25 18:54:00.000 +0200,1,0
lijeva,Slavko L35,Toplicanec,M,2022-11-01 17:51:00.000 +0100,1,0
lijeva,Slavko L35,Toplicanec,M,2022-11-14 07:06:00.000 +0100,1,0
lijeva,Slavko L35,Toplicanec,M,2022-12-11 22:19:00.000 +0100,1,0
lijeva,Slavko L35,Toplicanec,M,2022-12-25 17:30:00.000 +0100,1,0
lijeva,Slavko L35,Toplicanec,M,2023-01-20 19:39:00.000 +0100,1,0
lijeva,Slavko L35,Toplicanec,M,2023-02-24 22:48:00.000 +0100,1,0
lijeva,Slavko L35,Toplicanec,M,2023-02-27 18:28:00.000 +0100,1,0
lijeva,Slavko L35,Toplicanec,M,2023-03-03 13:01:00.000 +0100,1,0
lijeva,Slavko L35,Toplicanec,M,2023-03-11 13:22:00.000 +0100,1,0
lijeva,Slavko L35,Toplicanec,M,2023-03-13 13:49:00.000 +0100,1,0
lijeva,Slavko L35,Toplicanec,M,2023-03-13 18:28:00.000 +0100,1,0
lijeva,Slavko L35,Toplicanec,M,2023-03-26 11:58:00.000 +0200,1,0
lijeva,Slavko L35,Toplicanec,M,2023-04-05 02:10:00.000 +0200,1,0
lijeva,Slavko L35,Toplicanec,M,2023-04-20 02:02:00.000 +0200,1,0
lijeva,Slavko L35,Toplicanec,M,2023-05-11 14:40:00.000 +0200,1,0
lijeva,Slavko L35,Toplicanec,M,2023-05-13 20:06:00.000 +0200,1,0
none,Slavko L35,Toplicanec,M,2023-10-05 12:00:00.000 +0200,1,0
desna,Sleepy Hollow,Kusak,Unknown,2015-11-01 04:36:00.000 +0100,1,0
desna,Sphynx,Kusak,Unknown,2017-03-25 16:01:00.000 +0100,1,
desna,Sphynx,Kusak,Unknown,2017-04-04 22:03:00.000 +0200,1,
desna,Sphynx,Slijepčević,Unknown,2017-03-06 19:38:00.000 +0100,1,0
back,Spot,Iskrić,Z,2021-01-01 17:26:00.000 +0100,1,0
back,Spot,Iskrić,Z,2022-01-15 21:16:00.000 +0100,2,1
back,Spot,Paulić,Z,2021-08-23 05:24:00.000 +0200,2,1
back,Spot,Slijepčević,Z,2019-09-12 07:34:00.000 +0200,2,1
desna,Spot,Iskrić,Z,2021-02-05 18:33:00.000 +0100,1,0
desna,Spot,Iskrić,Z,2021-03-02 04:11:00.000 +0100,2,0
desna,Spot,Iskrić,Z,2021-03-09 01:10:00.000 +0100,1,0
desna,Spot,Iskrić,Z,2021-08-24 16:46:00.000 +0200,2,1
desna,Spot,Iskrić,Z,2021-12-02 09:33:00.000 +0100,2,1
desna,Spot,Iskrić,Z,2021-12-13 11:54:00.000 +0100,2,1
desna,Spot,Iskrić,Z,2022-01-11 19:44:00.000 +0100,2,1
desna,Spot,Iskrić,Z,2022-01-13 07:05:00.000 +0100,1,0
desna,Spot,Iskrić,Z,2022-02-14 04:39:00.000 +0100,2,1
desna,Spot,Iskrić,Z,2022-08-20 09:23:00.000 +0200,2,1
desna,Spot,Iskrić,Z,2022-08-20 14:55:00.000 +0200,2,1
desna,Spot,Iskrić,Z,2022-10-03 00:37:00.000 +0200,2,1
desna,Spot,Iskrić,Z,2022-10-03 03:40:00.000 +0200,2,1
desna,Spot,Paulić,Z,2021-08-22 22:35:00.000 +0200,2,1
desna,Spot,Paulić,Z,2021-08-23 05:24:00.000 +0200,2,1
desna,Spot,Paulić,Z,2021-09-12 23:20:00.000 +0200,1,0
desna,Spot,Slijepčević,Z,2018-09-15 05:52:00.000 +0200,1,0
desna,Spot,Slijepčević,Z,2018-12-10 21:30:00.000 +0100,3,2
desna,Spot,Slijepčević,Z,2018-12-17 11:16:00.000 +0100,3,2
desna,Spot,Slijepčević,Z,2018-12-19 07:53:00.000 +0100,3,2
desna,Spot,Slijepčević,Z,2018-12-19 15:38:00.000 +0100,3,2
desna,Spot,Slijepčević,Z,2018-12-20 07:36:00.000 +0100,3,2
desna,Spot,Slijepčević,Z,2018-12-28 06:50:00.000 +0100,3,2
desna,Spot,Slijepčević,Z,2019-02-15 06:10:00.000 +0100,1,0
desna,Spot,Slijepčević,Z,2019-07-08 13:51:00.000 +0200,1,0
desna,Spot,Slijepčević,Z,2019-07-13 09:30:00.000 +0200,2,1
desna,Spot,Slijepčević,Z,2019-07-14 15:46:00.000 +0200,2,1
desna,Spot,Slijepčević,Z,2019-07-15 04:20:00.000 +0200,1,0
desna,Spot,Slijepčević,Z,2019-07-15 09:47:00.000 +0200,1,0
desna,Spot,Slijepčević,Z,2019-07-15 23:42:00.000 +0200,1,0
desna,Spot,Slijepčević,Z,2019-07-16 05:58:00.000 +0200,1,0
desna,Spot,Slijepčević,Z,2019-07-16 19:35:00.000 +0200,1,0
desna,Spot,Slijepčević,Z,2019-07-17 00:14:00.000 +0200,1,0
desna,Spot,Slijepčević,Z,2019-09-12 00:10:00.000 +0200,2,1
desna,Spot,Slijepčević,Z,2019-09-12 07:34:00.000 +0200,2,1
desna,Spot,Slijepčević,Z,2019-09-22 04:03:00.000 +0200,2,1
desna,Spot,Slijepčević,Z,2019-09-26 19:40:00.000 +0200,2,1
desna,Spot,Slijepčević,Z,2019-10-14 07:24:00.000 +0200,2,1
desna,Spot,Slijepčević,Z,2019-10-17 18:44:00.000 +0200,2,1
desna,Spot,Slijepčević,Z,2019-10-30 18:18:00.000 +0100,2,1
desna,Spot,Slijepčević,Z,2019-11-09 10:03:00.000 +0100,2,1
desna,Spot,Slijepčević,Z,2019-11-10 04:20:00.000 +0100,1,0
desna,Spot,Slijepčević,Z,2020-03-22 17:29:00.000 +0100,1,0
desna,Spot,Slijepčević,Z,2020-03-29 20:28:00.000 +0200,1,0
desna,Spot,Slijepčević,Z,2020-04-01 02:11:00.000 +0200,1,0
desna,Spot,Slijepčević,Z,2020-04-03 19:23:00.000 +0200,1,0
desna,Spot,Slijepčević,Z,2020-04-14 17:34:00.000 +0200,1,0
desna,Spot,Slijepčević,Z,2020-05-06 00:26:00.000 +0200,1,0
desna,Spot,Slijepčević,Z,2020-05-20 14:45:00.000 +0200,1,0
desna,Spot,Slijepčević,Z,2020-07-21 20:00:00.000 +0200,1,0
desna,Spot,Slijepčević,Z,2020-08-07 03:07:00.000 +0200,1,0
desna,Spot,Slijepčević,Z,2020-08-12 15:24:00.000 +0200,1,0
desna,Spot,Slijepčević,Z,2020-08-13 17:59:00.000 +0200,1,0
desna,Spot,Slijepčević,Z,2020-08-28 23:55:00.000 +0200,1,0
desna,Spot,Slijepčević,Z,2020-09-03 04:16:00.000 +0200,1,0
desna,Spot,Slijepčević,Z,2023-03-05 01:23:00.000 +0100,2,1
desna,Spot,Slijepčević,Z,2023-03-05 08:18:00.000 +0100,3,1
desna,Spot,Čmelar,Z,2023-03-15 02:37:00.000 +0100,1,0
desna,Spot,Čmelar,Z,2023-04-22 02:35:00.000 +0200,1,0
front,Spot,Iskrić,Z,2021-11-21 10:15:00.000 +0100,2,1
front,Spot,Iskrić,Z,2022-02-16 14:09:00.000 +0100,2,1
front,Spot,Iskrić,Z,2022-08-20 14:55:00.000 +0200,2,1
front,Spot,Iskrić,Z,2022-10-03 03:40:00.000 +0200,2,1
front,Spot,Paulić,Z,2021-08-22 22:35:00.000 +0200,2,1
front,Spot,Paulić,Z,2021-08-23 05:24:00.000 +0200,2,1
front,Spot,Slijepčević,Z,2019-09-22 04:03:00.000 +0200,2,1
lijeva,Spot,Iskrić,Z,2020-11-30 22:35:00.000 +0100,1,0
lijeva,Spot,Iskrić,Z,2021-01-01 17:26:00.000 +0100,1,0
lijeva,Spot,Iskrić,Z,2021-02-05 18:33:00.000 +0100,1,0
lijeva,Spot,Iskrić,Z,2021-04-21 07:10:00.000 +0200,1,0
lijeva,Spot,Iskrić,Z,2021-12-02 09:33:00.000 +0100,2,1
lijeva,Spot,Iskrić,Z,2022-01-11 19:44:00.000 +0100,2,1
lijeva,Spot,Iskrić,Z,2022-01-15 21:16:00.000 +0100,2,1
lijeva,Spot,Iskrić,Z,2022-02-14 04:39:00.000 +0100,2,1
lijeva,Spot,Iskrić,Z,2022-02-16 14:09:00.000 +0100,2,1
lijeva,Spot,Iskrić,Z,2022-03-08 01:27:00.000 +0100,1,0
lijeva,Spot,Iskrić,Z,2022-08-20 09:23:00.000 +0200,2,1
lijeva,Spot,Iskrić,Z,2022-10-03 00:37:00.000 +0200,2,1
lijeva,Spot,Paulić,Z,2021-08-23 05:24:00.000 +0200,1,1
lijeva,Spot,Paulić,Z,2021-08-23 05:24:00.000 +0200,2,1
lijeva,Spot,Paulić,Z,2021-09-12 18:44:00.000 +0200,1,0
lijeva,Spot,Paulić,Z,2021-09-12 18:45:00.000 +0200,2,1
lijeva,Spot,Paulić,Z,2021-09-12 20:55:00.000 +0200,1,0
lijeva,Spot,Slijepčević,Z,2018-09-15 05:52:00.000 +0200,1,0
lijeva,Spot,Slijepčević,Z,2018-12-11 01:20:00.000 +0100,3,2
lijeva,Spot,Slijepčević,Z,2019-02-15 06:10:00.000 +0100,1,0
lijeva,Spot,Slijepčević,Z,2019-07-08 13:51:00.000 +0200,1,0
lijeva,Spot,Slijepčević,Z,2019-07-14 15:46:00.000 +0200,2,1
lijeva,Spot,Slijepčević,Z,2019-07-16 05:58:00.000 +0200,1,0
lijeva,Spot,Slijepčević,Z,2019-07-17 00:14:00.000 +0200,1,0
lijeva,Spot,Slijepčević,Z,2019-09-12 00:10:00.000 +0200,2,1
lijeva,Spot,Slijepčević,Z,2019-09-12 07:34:00.000 +0200,2,1
lijeva,Spot,Slijepčević,Z,2019-09-22 04:03:00.000 +0200,2,1
lijeva,Spot,Slijepčević,Z,2019-10-14 07:24:00.000 +0200,2,1
lijeva,Spot,Slijepčević,Z,2019-10-30 18:18:00.000 +0100,2,1
lijeva,Spot,Slijepčević,Z,2019-11-09 10:03:00.000 +0100,2,1
lijeva,Spot,Slijepčević,Z,2020-02-02 18:55:00.000 +0100,2,1
lijeva,Spot,Slijepčević,Z,2020-04-01 02:11:00.000 +0200,1,0
lijeva,Spot,Slijepčević,Z,2020-04-15 05:34:00.000 +0200,1,0
lijeva,Spot,Slijepčević,Z,2020-05-08 22:50:00.000 +0200,1,0
lijeva,Spot,Slijepčević,Z,2020-09-29 20:04:00.000 +0200,1,0
lijeva,Spot,Slijepčević,Z,2023-03-05 08:18:00.000 +0100,3,1
lijeva,Spot,Slijepčević,Z,2023-03-08 00:51:00.000 +0100,1,0
lijeva,Spot,Slijepčević,Z,2024-02-20 06:50:00.000 +0100,1,0
lijeva,Spot,Čmelar,Z,2023-02-18 02:29:00.000 +0100,1,0
lijeva,Spot,Čmelar,Z,2023-03-15 02:37:00.000 +0100,1,0
none,Spot,Iskrić,Z,2021-11-21 10:15:00.000 +0100,2,1
none,Spot,Iskrić,Z,2021-12-16 12:33:00.000 +0100,2,1
none,Spot,Slijepčević,Z,2018-12-19 00:38:00.000 +0100,3,2
none,Spot,Slijepčević,Z,2019-03-10 14:30:00.000 +0100,2,0
desna,Spot mladunac 2022,Iskrić,Unknown,2022-08-20 09:23:00.000 +0200,1,1
desna,Spot mladunac 2022,Iskrić,Unknown,2022-08-20 09:23:00.000 +0200,2,1
desna,Spot mladunac 2022,Iskrić,Unknown,2022-08-20 14:55:00.000 +0200,2,1
desna,Spot mladunac 2022,Iskrić,Unknown,2022-10-03 00:37:00.000 +0200,2,1
desna,Spot mladunac 2022,Iskrić,Unknown,2022-10-03 03:40:00.000 +0200,2,1
desna,Spot mladunac 2022,Slijepčević,Unknown,2023-03-05 01:23:00.000 +0100,2,1
desna,Spot mladunac 2022,Slijepčević,Unknown,2023-03-05 08:18:00.000 +0100,3,1
front,Spot mladunac 2022,Iskrić,Unknown,2022-08-20 14:55:00.000 +0200,2,1
front,Spot mladunac 2022,Iskrić,Unknown,2022-10-03 03:40:00.000 +0200,2,1
front,Spot mladunac 2022,Iskrić,Unknown,2022-10-13 17:40:00.000 +0200,1,1
lijeva,Spot mladunac 2022,Iskrić,Unknown,2022-08-20 09:23:00.000 +0200,1,1
lijeva,Spot mladunac 2022,Iskrić,Unknown,2022-08-20 09:23:00.000 +0200,2,1
lijeva,Spot mladunac 2022,Iskrić,Unknown,2022-10-03 00:37:00.000 +0200,2,1
lijeva,Spot mladunac 2022,Iskrić,Unknown,2022-10-13 17:40:00.000 +0200,1,1
lijeva,Spot mladunac 2022,Slijepčević,Unknown,2023-03-05 08:18:00.000 +0100,3,1
back,Spot_mladunac 2019,Slijepčević,Unknown,2019-09-12 07:34:00.000 +0200,2,1
desna,Spot_mladunac 2019,Slijepčević,Unknown,2019-07-13 09:30:00.000 +0200,2,1
desna,Spot_mladunac 2019,Slijepčević,Unknown,2019-07-14 06:46:00.000 +0200,1,1
desna,Spot_mladunac 2019,Slijepčević,Unknown,2019-07-14 15:46:00.000 +0200,2,1
desna,Spot_mladunac 2019,Slijepčević,Unknown,2019-09-12 00:10:00.000 +0200,2,1
desna,Spot_mladunac 2019,Slijepčević,Unknown,2019-09-12 07:34:00.000 +0200,2,1
desna,Spot_mladunac 2019,Slijepčević,Unknown,2019-09-22 04:03:00.000 +0200,2,1
desna,Spot_mladunac 2019,Slijepčević,Unknown,2019-09-26 19:40:00.000 +0200,2,1
desna,Spot_mladunac 2019,Slijepčević,Unknown,2019-10-14 07:24:00.000 +0200,2,1
desna,Spot_mladunac 2019,Slijepčević,Unknown,2019-10-17 18:44:00.000 +0200,2,1
desna,Spot_mladunac 2019,Slijepčević,Unknown,2019-10-30 18:18:00.000 +0100,2,1
desna,Spot_mladunac 2019,Slijepčević,Unknown,2019-11-09 10:03:00.000 +0100,2,1
desna,Spot_mladunac 2019,Slijepčević,Unknown,2019-11-09 21:31:00.000 +0100,2,1
desna,Spot_mladunac 2019,Slijepčević,Unknown,2019-11-10 04:20:00.000 +0100,1,0
front,Spot_mladunac 2019,Slijepčević,Unknown,2019-09-22 04:03:00.000 +0200,2,1
lijeva,Spot_mladunac 2019,Slijepčević,Unknown,2019-07-14 15:46:00.000 +0200,2,1
lijeva,Spot_mladunac 2019,Slijepčević,Unknown,2019-09-12 00:10:00.000 +0200,2,1
lijeva,Spot_mladunac 2019,Slijepčević,Unknown,2019-09-12 07:34:00.000 +0200,2,1
lijeva,Spot_mladunac 2019,Slijepčević,Unknown,2019-09-22 04:03:00.000 +0200,2,1
lijeva,Spot_mladunac 2019,Slijepčević,Unknown,2019-10-14 07:24:00.000 +0200,2,1
lijeva,Spot_mladunac 2019,Slijepčević,Unknown,2019-10-30 18:18:00.000 +0100,2,1
lijeva,Spot_mladunac 2019,Slijepčević,Unknown,2019-11-09 10:03:00.000 +0100,2,1
lijeva,Spot_mladunac 2019,Slijepčević,Unknown,2020-02-02 18:55:00.000 +0100,2,1
back,Stella L13,Kusak,Unknown,2018-06-16 18:40:00.000 +0200,1,0
desna,Stella L13,Ivanov,Unknown,2019-11-20 05:46:00.000 +0100,1,0
desna,Stella L13,Ivanov,Unknown,2019-11-20 05:49:00.000 +0100,1,0
desna,Stella L13,Ivanov,Unknown,2020-03-10 17:59:00.000 +0100,1,0
desna,Stella L13,Kusak,Unknown,2015-08-11 02:13:00.000 +0200,1,0
desna,Stella L13,Kusak,Unknown,2017-04-04 20:03:00.000 +0200,1,
desna,Stella L13,Kusak,Unknown,2017-06-28 09:20:00.000 +0200,1,
desna,Stella L13,Kusak,Unknown,2018-04-21 15:14:00.000 +0200,1,0
desna,Stella L13,Kusak,Unknown,2018-05-02 14:59:00.000 +0200,1,0
desna,Stella L13,Kusak,Unknown,2018-06-16 19:37:00.000 +0200,1,0
desna,Stella L13,Kusak,Unknown,2019-05-16 19:11:00.000 +0200,1,0
desna,Stella L13,Kusak,Unknown,2020-02-16 20:09:00.000 +0100,1,0
desna,Stella L13,Kusak,Unknown,2020-10-20 14:42:00.000 +0200,1,0
front,Stella L13,Ivanov,Unknown,2020-03-10 17:59:00.000 +0100,1,0
lijeva,Stella L13,Kusak,Unknown,2016-04-06 16:24:00.000 +0200,1,
lijeva,Stella L13,Kusak,Unknown,2016-05-26 03:04:00.000 +0200,1,
lijeva,Stella L13,Kusak,Unknown,2016-06-06 12:00:00.000 +0200,1,0
lijeva,Stella L13,Kusak,Unknown,2016-09-30 07:40:00.000 +0200,1,
lijeva,Stella L13,Kusak,Unknown,2016-10-17 06:38:00.000 +0200,1,
lijeva,Stella L13,Kusak,Unknown,2017-03-04 15:50:00.000 +0100,1,
lijeva,Stella L13,Kusak,Unknown,2017-04-12 07:24:00.000 +0200,1,
lijeva,Stella L13,Kusak,Unknown,2017-07-17 09:03:00.000 +0200,1,
lijeva,Stella L13,Kusak,Unknown,2018-05-01 08:40:00.000 +0200,1,0
lijeva,Stella L13,Kusak,Unknown,2018-05-10 08:50:00.000 +0200,1,0
lijeva,Stella L13,Kusak,Unknown,2018-09-03 03:35:00.000 +0200,4,3
lijeva,Stella L13,Kusak,Unknown,2018-09-13 06:44:00.000 +0200,3,2
lijeva,Stella L13,Kusak,Unknown,2018-10-25 09:04:00.000 +0200,1,0
lijeva,Stella L13,Kusak,Unknown,2021-03-03 14:59:00.000 +0100,1,0
lijeva,Stella L13,Kusak,Unknown,2021-06-11 16:52:00.000 +0200,1,0
none,Stella L13,Kusak,Unknown,2017-11-05 20:00:00.000 +0100,1,0
none,Stella L13,Kusak,Unknown,2020-04-09 17:10:00.000 +0200,1,0
none,Sterna mladunac2 2021,Tomaić,Unknown,2021-12-29 03:45:00.000 +0100,3,2
desna,Stipe L20,Gomerčić,M,2019-10-11 19:05:00.000 +0200,1,0
desna,Stipe L20,Gomerčić,M,2019-11-26 08:04:00.000 +0100,1,0
desna,Stipe L20,Gomerčić,M,2019-11-26 21:26:00.000 +0100,1,0
desna,Stipe L20,Gomerčić,M,2019-12-10 04:29:00.000 +0100,1,0
desna,Stipe L20,Gomerčić,M,2020-02-18 14:51:00.000 +0100,1,0
desna,Stipe L20,Gomerčić,M,2020-02-28 01:05:00.000 +0100,1,0
desna,Stipe L20,Gomerčić,M,2020-04-29 18:58:00.000 +0200,1,0
desna,Stipe L20,Kusak,M,2019-08-07 19:09:00.000 +0200,1,0
desna,Stipe L20,Slijepčević,M,2019-09-28 20:00:00.000 +0200,1,0
lijeva,Stipe L20,Gomerčić,M,2019-10-23 08:30:00.000 +0200,1,0
lijeva,Stipe L20,Gomerčić,M,2019-11-26 08:04:00.000 +0100,1,0
lijeva,Stipe L20,Gomerčić,M,2019-11-26 21:26:00.000 +0100,1,0
lijeva,Stipe L20,Gomerčić,M,2019-12-10 04:29:00.000 +0100,1,0
lijeva,Stipe L20,Gomerčić,M,2020-02-12 05:05:00.000 +0100,1,0
lijeva,Stipe L20,Gomerčić,M,2020-02-27 09:11:00.000 +0100,1,0
lijeva,Stipe L20,Gomerčić,M,2020-04-10 07:40:00.000 +0200,1,0
lijeva,Stipe L20,Gomerčić,M,2020-04-29 18:58:00.000 +0200,1,0
lijeva,Stipe L20,Kusak,M,2019-09-28 19:31:00.000 +0200,1,0
lijeva,Stipe L20,Slijepčević,M,2019-09-28 20:00:00.000 +0200,1,0
none,Stipe L20,Kusak,M,2020-03-03 07:00:00.000 +0100,1,0
none,Stipe L20,Kusak,M,2020-04-19 20:00:00.000 +0200,1,0
desna,Stojna_1,Fležar,Unknown,2019-03-31 23:55:00.000 +0200,1,0
none,Stojna_1,Fležar,Unknown,2019-03-11 19:08:00.000 +0100,1,0
desna,Stojna_2,Fležar,Unknown,2017-11-01 17:15:00.000 +0100,1,0
desna,Stojna_2,Fležar,Unknown,2018-03-22 10:12:00.000 +0100,1,0
lijeva,Stojna_2,Fležar,Unknown,2018-01-20 09:43:00.000 +0100,1,0
none,Stojna_2,Fležar,Unknown,2019-03-11 17:57:00.000 +0100,1,0
desna,Stribor - Geo,Slijepčević,Unknown,2012-11-30 18:12:00.000 +0100,1,
desna,Suja,Selanec,Unknown,2021-03-31 23:31:00.000 +0200,3,0
lijeva,Suja,Blašković,Unknown,2021-05-03 10:03:00.000 +0200,1,0
lijeva,Suja,Selanec,Unknown,2021-03-31 23:31:00.000 +0200,3,0
back,Suzi,Salkić,Z,2023-02-04 23:52:00.000 +0100,4,3
desna,Suzi,Salkić,Z,2022-01-17 01:45:00.000 +0100,3,0
desna,Suzi,Salkić,Z,2023-02-04 19:15:00.000 +0100,4,3
desna,Suzi,Tomaić,Z,2020-04-23 07:27:00.000 +0200,1,0
desna,Suzi,Tomaić,Z,2020-06-22 09:00:00.000 +0200,1,0
desna,Suzi,Tomaić,Z,2020-07-10 03:22:00.000 +0200,1,0
desna,Suzi,Tomaić,Z,2020-07-21 18:57:00.000 +0200,1,0
desna,Suzi,Tomaić,Z,2020-07-30 22:43:00.000 +0200,3,2
lijeva,Suzi,Salkić,Z,2022-01-17 01:45:00.000 +0100,3,0
lijeva,Suzi,Salkić,Z,2023-01-27 08:18:00.000 +0100,1,0
lijeva,Suzi,Tomaić,Z,2020-05-03 22:51:00.000 +0200,1,0
lijeva,Suzi,Tomaić,Z,2020-05-09 23:45:00.000 +0200,1,0
lijeva,Suzi,Tomaić,Z,2020-06-25 01:23:00.000 +0200,1,0
lijeva,Suzi,Tomaić,Z,2020-08-19 06:16:00.000 +0200,3,2
lijeva,Suzi,Tomaić,Z,2020-09-11 21:25:00.000 +0200,1,0
lijeva,Suzi,Tomaić,Z,2021-08-27 18:44:00.000 +0200,1,0
lijeva,Suzi,Toplicanec,Z,2020-10-08 17:00:00.000 +0200,1,0
back,Suzi mladunac1 2022,Salkić,Unknown,2023-02-04 23:52:00.000 +0100,4,3
desna,Suzi mladunac1 2022,Salkić,Unknown,2023-02-04 19:15:00.000 +0100,4,3
back,Suzi mladunac2 2022,Salkić,Unknown,2023-02-04 23:52:00.000 +0100,4,3
desna,Suzi mladunac2 2022,Salkić,Unknown,2023-02-04 19:15:00.000 +0100,4,3
back,Suzi mladunac3 2022,Salkić,Unknown,2023-02-04 23:52:00.000 +0100,4,3
desna,Suzi mladunac3 2022,Salkić,Unknown,2023-02-04 19:15:00.000 +0100,4,3
desna,Sven,Slijepčević,M,2021-02-28 13:48:00.000 +0100,1,0
lijeva,Sven,Slijepčević,M,2021-02-24 17:00:00.000 +0100,1,0
desna,Tamara,Selanec,Z,2019-02-24 14:45:00.000 +0100,3,2
lijeva,Tamara,Selanec,Z,2019-02-24 14:45:00.000 +0100,3,2
none,Tamara,Selanec,Z,2019-02-24 14:45:00.000 +0100,3,2
desna,Tamara mlado1 2019,Selanec,Unknown,2019-02-24 14:45:00.000 +0100,3,2
lijeva,Tamara mlado1 2019,Selanec,Unknown,2019-02-24 14:45:00.000 +0100,3,2
none,Tamara mlado1 2019,Selanec,Unknown,2019-02-24 14:45:00.000 +0100,3,2
desna,Tamara mlado2 2019,Selanec,Unknown,2019-02-24 14:45:00.000 +0100,3,2
lijeva,Tamara mlado2 2019,Selanec,Unknown,2019-02-24 14:45:00.000 +0100,3,2
none,Tamara mlado2 2019,Selanec,Unknown,2019-02-24 14:45:00.000 +0100,3,2
lijeva,Tara,Blašković,Z,2022-06-26 04:13:00.000 +0200,1,0
lijeva,Tara,Tomaić,Z,2022-10-17 07:13:00.000 +0200,1,0
lijeva,Tara,Tomaić,Z,2022-10-22 05:52:00.000 +0200,1,0
lijeva,Tara,Tomaić,Z,2022-10-26 10:22:00.000 +0200,2,1
lijeva,Tara,Tomaić,Z,2022-12-14 08:19:00.000 +0100,1,0
lijeva,Tara mladunac 2022,Tomaić,Unknown,2022-10-26 10:22:00.000 +0200,2,1
desna,Teo,Čmelar,Unknown,2022-11-04 07:52:00.000 +0100,1,0
lijeva,Teris,Blašković,Unknown,2020-05-13 07:59:00.000 +0200,1,0
lijeva,Teris,Blašković,Unknown,2021-07-08 06:13:00.000 +0200,1,0
desna,Tiberje,Blašković,M,2021-06-21 06:46:00.000 +0200,1,0
desna,Tiberje,Blašković,M,2021-06-22 19:10:00.000 +0200,1,0
desna,Tiberje,Blašković,M,2021-08-11 21:53:00.000 +0200,1,0
desna,Tiberje,Blašković,M,2021-11-12 08:32:00.000 +0100,1,0
desna,Tiberje,Blašković,M,2022-01-08 22:56:00.000 +0100,1,0
desna,Tiberje,Selanec,M,2022-04-10 20:12:00.000 +0200,1,0
desna,Tiberje,Selanec,M,2022-10-31 03:53:00.000 +0100,1,0
desna,Tiberje,Špalj,M,2021-10-19 13:20:00.000 +0200,1,0
desna,Tiberje,Špalj,M,2022-12-20 04:57:00.000 +0100,1,0
desna,Tiberje,Špalj,M,2023-01-24 10:00:00.000 +0100,1,0
desna,Tiberje,Špalj,M,2023-02-25 17:21:00.000 +0100,1,0
desna,Tiberje,Špalj,M,2023-04-24 16:26:00.000 +0200,1,0
lijeva,Tiberje,Blašković,M,2021-05-10 20:18:00.000 +0200,1,0
lijeva,Tiberje,Blašković,M,2021-11-12 11:17:00.000 +0100,1,0
lijeva,Tiberje,Blašković,M,2022-03-28 18:08:00.000 +0200,1,0
lijeva,Tiberje,Špalj,M,2022-12-20 04:57:00.000 +0100,1,0
lijeva,Tiberje,Špalj,M,2023-03-06 14:01:00.000 +0100,1,0
desna,Tisa L06,Slijepčević,Z,2008-02-07 02:00:00.000 +0100,1,
lijeva,Toma,Blašković,Unknown,2021-06-27 01:22:00.000 +0200,1,0
desna,Tomislav,Kusak,Unknown,2018-09-04 07:07:00.000 +0200,1,0
front,Tomo L08,Kusak,M,2012-07-30 00:00:00.000 +0200,1,0
lijeva,Tomo L08,Kusak,M,2012-07-30 00:00:00.000 +0200,1,0
back,Toni,Ivanov,M,2020-02-08 11:29:00.000 +0100,1,0
desna,Toni,Blašković,M,2020-09-16 18:26:00.000 +0200,1,0
desna,Toni,Blašković,M,2020-10-05 18:11:00.000 +0200,1,0
desna,Toni,Blašković,M,2021-02-10 19:30:00.000 +0100,1,0
desna,Toni,Gomerčić,M,2020-06-30 03:16:00.000 +0200,1,0
desna,Toni,Gomerčić,M,2020-07-28 00:44:00.000 +0200,1,0
desna,Toni,Gomerčić,M,2020-08-10 18:06:00.000 +0200,1,0
desna,Toni,Gomerčić,M,2020-08-23 00:10:00.000 +0200,1,0
desna,Toni,Gomerčić,M,2021-03-06 10:23:00.000 +0100,1,0
desna,Toni,Ivanov,M,2019-07-27 03:02:00.000 +0200,1,0
desna,Toni,Ivanov,M,2019-07-31 02:22:00.000 +0200,1,0
desna,Toni,Ivanov,M,2019-09-03 20:50:00.000 +0200,1,0
desna,Toni,Ivanov,M,2019-09-13 05:44:00.000 +0200,1,0
desna,Toni,Ivanov,M,2019-12-01 01:13:00.000 +0100,1,0
desna,Toni,Ivanov,M,2019-12-17 04:01:00.000 +0100,1,0
desna,Toni,Ivanov,M,2020-02-19 02:16:00.000 +0100,1,0
desna,Toni,Ivanov,M,2020-03-08 06:08:00.000 +0100,1,0
lijeva,Toni,Blašković,M,2020-09-16 18:26:00.000 +0200,1,0
lijeva,Toni,Blašković,M,2021-06-19 08:28:00.000 +0200,1,0
lijeva,Toni,Gomerčić,M,2020-08-10 18:06:00.000 +0200,1,0
lijeva,Toni,Gomerčić,M,2020-08-23 00:10:00.000 +0200,1,0
lijeva,Toni,Gomerčić,M,2021-03-06 10:23:00.000 +0100,1,0
lijeva,Toni,Ivanov,M,2019-06-30 05:24:00.000 +0200,1,0
lijeva,Toni,Ivanov,M,2019-08-01 05:30:00.000 +0200,1,0
lijeva,Toni,Ivanov,M,2019-09-12 19:03:00.000 +0200,1,0
lijeva,Toni,Ivanov,M,2019-11-30 03:18:00.000 +0100,1,0
lijeva,Toni,Ivanov,M,2019-12-08 22:54:00.000 +0100,1,0
lijeva,Toni,Ivanov,M,2020-04-05 17:32:00.000 +0200,1,0
lijeva,Torun,Blašković,Z,2023-01-11 01:57:00.000 +0100,1,0
lijeva,Torun,Blašković,Z,2023-02-01 17:30:00.000 +0100,2,1
lijeva,Trisnja mladunac1 2021,Blašković,Unknown,2021-09-17 02:25:00.000 +0200,3,2
none,Trisnja mladunac1 2021,Blašković,Unknown,2021-09-17 02:25:00.000 +0200,3,2
lijeva,Trisnja mladunac2 2021,Blašković,Unknown,2021-09-17 02:25:00.000 +0200,3,2
none,Trisnja mladunac2 2021,Blašković,Unknown,2021-09-17 02:25:00.000 +0200,3,2
desna,Trubaja,Blašković,Z,2022-09-17 02:29:00.000 +0200,1,0
desna,Trubaja,Salkić,Z,2022-09-20 04:40:00.000 +0200,1,0
lijeva,Trubaja,Blašković,Z,2022-09-17 02:29:00.000 +0200,1,0
lijeva,Trubaja,Salkić,Z,2023-03-03 20:40:00.000 +0100,1,0
lijeva,Una,Hadzihajdarevic,Unknown,2022-12-13 18:07:00.000 +0100,1,0
lijeva,Una,Hadzihajdarevic,Unknown,2022-12-25 16:12:00.000 +0100,1,0
desna,Unico (LBiH01),Blašković,M,2021-06-20 13:00:00.000 +0200,1,0
desna,Unico (LBiH01),Blašković,M,2022-11-03 21:57:00.000 +0100,1,0
desna,Unico (LBiH01),Fabijanić,M,2021-06-02 19:03:00.000 +0200,1,0
desna,Unico (LBiH01),Fabijanić,M,2021-07-21 20:06:00.000 +0200,1,0
desna,Unico (LBiH01),Fabijanić,M,2021-07-24 02:43:00.000 +0200,1,0
desna,Unico (LBiH01),Fabijanić,M,2021-08-26 16:28:00.000 +0200,1,0
desna,Unico (LBiH01),Fabijanić,M,2021-09-06 20:09:00.000 +0200,1,0
desna,Unico (LBiH01),Fabijanić,M,2021-10-11 07:02:00.000 +0200,1,0
desna,Unico (LBiH01),Fabijanić,M,2021-10-25 05:28:00.000 +0200,1,0
desna,Unico (LBiH01),Fabijanić,M,2021-11-18 02:45:00.000 +0100,1,0
desna,Unico (LBiH01),Grubišić,M,2022-10-19 03:28:00.000 +0200,1,0
desna,Unico (LBiH01),Grubišić,M,2022-11-13 17:44:00.000 +0100,1,0
desna,Unico (LBiH01),Rukavina,M,2022-05-17 04:50:00.000 +0200,1,0
desna,Unico (LBiH01),Rukavina,M,2022-06-03 04:03:00.000 +0200,1,0
desna,Unico (LBiH01),Rukavina,M,2022-06-12 00:33:00.000 +0200,1,0
desna,Unico (LBiH01),Rukavina,M,2022-06-30 22:37:00.000 +0200,1,0
desna,Unico (LBiH01),Rukavina,M,2022-09-14 00:55:00.000 +0200,1,0
desna,Unico (LBiH01),Rukavina,M,2022-10-07 23:01:00.000 +0200,1,0
desna,Unico (LBiH01),Rukavina,M,2022-10-15 21:46:00.000 +0200,1,0
desna,Unico (LBiH01),Rukavina,M,2022-10-27 19:03:00.000 +0200,1,0
desna,Unico (LBiH01),Rukavina,M,2022-11-12 23:58:00.000 +0100,1,0
desna,Unico (LBiH01),Rukavina,M,2023-05-18 19:24:00.000 +0200,1,0
desna,Unico (LBiH01),Rukavina,M,2023-08-01 23:36:00.000 +0200,1,0
desna,Unico (LBiH01),Rukavina,M,2023-09-18 12:40:00.000 +0200,1,0
desna,Unico (LBiH01),Rukavina,M,2023-11-15 19:06:00.000 +0100,1,0
desna,Unico (LBiH01),Selanec,M,2022-03-08 07:04:00.000 +0100,1,0
desna,Unico (LBiH01),Selanec,M,2022-03-16 02:14:00.000 +0100,1,0
desna,Unico (LBiH01),Čmelar,M,2022-10-07 23:07:00.000 +0200,1,0
desna,Unico (LBiH01),Čmelar,M,2022-10-09 17:54:00.000 +0200,1,0
desna,Unico (LBiH01),Čmelar,M,2022-10-15 22:55:00.000 +0200,1,0
desna,Unico (LBiH01),Čmelar,M,2022-10-18 07:16:00.000 +0200,1,0
desna,Unico (LBiH01),Čmelar,M,2022-10-27 20:15:00.000 +0200,1,0
desna,Unico (LBiH01),Čmelar,M,2022-11-28 04:06:00.000 +0100,1,0
lijeva,Unico (LBiH01),Fabijanić,M,2021-10-28 13:50:00.000 +0200,1,0
lijeva,Unico (LBiH01),Grubišić,M,2022-10-06 13:04:00.000 +0200,1,0
lijeva,Unico (LBiH01),Grubišić,M,2022-10-19 03:28:00.000 +0200,1,0
lijeva,Unico (LBiH01),Grubišić,M,2022-11-13 17:44:00.000 +0100,1,0
lijeva,Unico (LBiH01),Reljić,M,2022-04-08 08:00:00.000 +0200,1,0
lijeva,Unico (LBiH01),Rukavina,M,2022-06-22 00:24:00.000 +0200,1,0
lijeva,Unico (LBiH01),Rukavina,M,2022-08-11 19:43:00.000 +0200,1,0
lijeva,Unico (LBiH01),Rukavina,M,2022-09-04 01:02:00.000 +0200,1,0
lijeva,Unico (LBiH01),Rukavina,M,2022-09-14 03:09:00.000 +0200,1,0
lijeva,Unico (LBiH01),Rukavina,M,2022-09-28 03:13:00.000 +0200,1,0
lijeva,Unico (LBiH01),Rukavina,M,2022-10-08 01:45:00.000 +0200,1,0
lijeva,Unico (LBiH01),Rukavina,M,2022-10-27 20:50:00.000 +0200,1,0
lijeva,Unico (LBiH01),Rukavina,M,2023-09-10 01:10:00.000 +0200,1,0
lijeva,Unico (LBiH01),Rukavina,M,2023-10-12 16:09:00.000 +0200,1,0
lijeva,Unico (LBiH01),Selanec,M,2022-05-07 19:19:00.000 +0200,1,0
lijeva,Unico (LBiH01),Čmelar,M,2022-10-05 04:50:00.000 +0200,1,0
lijeva,Unico (LBiH01),Čmelar,M,2022-10-15 22:55:00.000 +0200,1,0
lijeva,Unico (LBiH01),Čmelar,M,2022-10-27 20:15:00.000 +0200,1,0
lijeva,Unico (LBiH01),Čmelar,M,2022-10-29 09:38:00.000 +0200,1,0
lijeva,Unico (LBiH01),Čmelar,M,2022-11-23 00:09:00.000 +0100,1,0
lijeva,Unico (LBiH01),Čmelar,M,2022-11-25 03:47:00.000 +0100,1,0
lijeva,Unico (LBiH01),Čmelar,M,2022-11-28 04:06:00.000 +0100,1,0
lijeva,Unico (LBiH01),Čmelar,M,2022-11-28 19:52:00.000 +0100,1,0
lijeva,Unico (LBiH01),Čmelar,M,2022-12-02 18:36:00.000 +0100,1,0
none,Unico (LBiH01),Fabijanić,M,2020-12-09 06:49:00.000 +0100,1,0
none,Unico (LBiH01),Fabijanić,M,2021-06-27 22:12:00.000 +0200,1,0
none,Unico (LBiH01),Fabijanić,M,2021-09-26 06:24:00.000 +0200,1,0
none,Unico (LBiH01),Hadzihajdarevic,M,2022-05-04 21:30:00.000 +0200,1,0
none,Unico (LBiH01),Hadzihajdarevic,M,2022-12-31 10:50:00.000 +0100,1,0
desna,Unjka,Grubišić,Z,2022-11-02 21:01:00.000 +0100,2,1
desna,Unjka,Rukavina,Z,2022-05-31 00:48:00.000 +0200,1,0
desna,Unjka,Rukavina,Z,2022-06-02 21:29:00.000 +0200,1,0
desna,Unjka,Rukavina,Z,2022-09-16 18:36:00.000 +0200,1,0
desna,Unjka,Čmelar,Z,2022-09-16 18:39:00.000 +0200,1,0
desna,Unjka,Čmelar,Z,2022-11-04 08:08:00.000 +0100,1,0
desna,Unjka,Čmelar,Z,2022-11-18 18:39:00.000 +0100,2,1
desna,Unjka,Čmelar,Z,2022-11-30 10:40:00.000 +0100,1,0
lijeva,Unjka,Grubišić,Z,2022-11-02 21:01:00.000 +0100,2,1
lijeva,Unjka,Čmelar,Z,2022-11-04 08:08:00.000 +0100,1,0
lijeva,Unjka,Čmelar,Z,2022-11-29 03:26:00.000 +0100,2,1
lijeva,Unjka,Čmelar,Z,2022-11-30 10:40:00.000 +0100,1,0
none,Unjka,Fabijanić,Z,2020-12-28 18:21:00.000 +0100,1,0
desna,Unjka mladunac1 2022,Grubišić,Unknown,2022-11-02 21:01:00.000 +0100,2,1
desna,Unjka mladunac1 2022,Čmelar,Unknown,2022-11-18 18:39:00.000 +0100,2,1
lijeva,Unjka mladunac1 2022,Grubišić,Unknown,2022-11-02 21:01:00.000 +0100,2,1
lijeva,Unjka mladunac1 2022,Čmelar,Unknown,2022-11-29 03:26:00.000 +0100,2,1
desna,Varošina 2016,Gužvica,Unknown,2016-05-19 03:15:00.000 +0200,1,0
desna,Vedran,Blašković,M,2021-02-15 13:00:00.000 +0100,1,0
desna,Vedran,Blašković,M,2021-03-29 23:48:00.000 +0200,1,0
desna,Vedran,Blašković,M,2021-05-24 19:07:00.000 +0200,1,0
desna,Vedran,Blašković,M,2022-03-08 20:02:00.000 +0100,1,0
desna,Vedran,Blašković,M,2022-04-02 17:34:00.000 +0200,1,0
desna,Vedran,Blašković,M,2022-12-21 17:56:00.000 +0100,1,0
desna,Vedran,Blašković,M,2022-12-23 20:05:00.000 +0100,1,0
desna,Vedran,Blašković,M,2023-02-22 21:57:00.000 +0100,1,0
desna,Vedran,Blašković,M,2023-03-20 07:31:00.000 +0100,1,0
desna,Vedran,Blašković,M,2023-04-20 16:54:00.000 +0200,1,0
desna,Vedran,Blašković,M,2023-07-02 03:34:00.000 +0200,1,0
desna,Vedran,Blašković,M,2024-04-20 17:00:00.000 +0200,1,0
desna,Vedran,Gomerčić,M,2018-12-31 00:42:00.000 +0100,2,1
desna,Vedran,Gomerčić,M,2020-11-26 09:02:00.000 +0100,1,0
desna,Vedran,Gomerčić,M,2021-03-05 12:36:00.000 +0100,1,0
desna,Vedran,Gomerčić,M,2021-03-27 18:55:00.000 +0100,1,0
desna,Vedran,Tomaić,M,2020-02-06 12:50:00.000 +0100,1,0
desna,Vedran,Tomaić,M,2021-03-13 03:34:00.000 +0100,1,0
desna,Vedran,Tomaić,M,2021-05-04 22:22:00.000 +0200,1,0
desna,Vedran,Tomaić,M,2021-12-02 16:01:00.000 +0100,1,0
desna,Vedran,Tomaić,M,2021-12-16 15:33:00.000 +0100,1,0
desna,Vedran,Tomaić,M,2021-12-31 17:29:00.000 +0100,1,0
desna,Vedran,Tomaić,M,2022-03-09 04:40:00.000 +0100,1,0
desna,Vedran,Tomaić,M,2022-03-19 01:18:00.000 +0100,1,0
desna,Vedran,Tomaić,M,2022-03-21 03:34:00.000 +0100,1,0
desna,Vedran,Tomaić,M,2022-04-03 19:25:00.000 +0200,1,0
desna,Vedran,Tomaić,M,2022-07-04 08:45:00.000 +0200,1,0
lijeva,Vedran,Blašković,M,2020-09-18 09:23:00.000 +0200,1,0
lijeva,Vedran,Blašković,M,2021-05-24 19:07:00.000 +0200,1,0
lijeva,Vedran,Blašković,M,2022-03-16 17:10:00.000 +0100,1,0
lijeva,Vedran,Blašković,M,2022-04-24 12:00:00.000 +0200,1,0
lijeva,Vedran,Gomerčić,M,2020-11-26 09:02:00.000 +0100,1,0
lijeva,Vedran,Gomerčić,M,2021-03-05 12:36:00.000 +0100,1,0
lijeva,Vedran,Gomerčić,M,2021-05-08 08:32:00.000 +0200,1,0
lijeva,Vedran,Tomaić,M,2021-03-13 03:34:00.000 +0100,1,0
lijeva,Vedran,Tomaić,M,2021-05-10 02:34:00.000 +0200,1,0
lijeva,Vedran,Tomaić,M,2021-09-29 20:32:00.000 +0200,1,0
lijeva,Vedran,Tomaić,M,2021-12-02 16:01:00.000 +0100,1,0
lijeva,Vedran,Tomaić,M,2022-01-14 20:24:00.000 +0100,1,0
lijeva,Vedran,Tomaić,M,2022-03-21 03:34:00.000 +0100,1,0
lijeva,Vedran,Tomaić,M,2022-07-04 08:45:00.000 +0200,1,0
desna,VelikaGora_1,Pagon,Z,2018-12-21 19:07:00.000 +0100,1,1
desna,VelikaGora_2,Fležar,Unknown,2019-02-09 15:08:00.000 +0100,1,0
back,Vida,Toplicanec,Z,2019-11-07 23:26:00.000 +0100,1,0
desna,Vida,Toplicanec,Z,2019-06-07 16:13:00.000 +0200,1,0
desna,Vida,Toplicanec,Z,2019-07-21 05:05:00.000 +0200,1,0
desna,Vida,Toplicanec,Z,2019-08-02 06:08:00.000 +0200,1,0
front,Vida,Toplicanec,Z,2019-11-07 23:26:00.000 +0100,1,0
lijeva,Vida,Toplicanec,Z,2019-02-05 23:13:00.000 +0100,1,0
lijeva,Vida,Toplicanec,Z,2019-06-07 16:13:00.000 +0200,1,0
lijeva,Vida,Toplicanec,Z,2019-07-21 05:05:00.000 +0200,1,0
lijeva,Vida,Toplicanec,Z,2019-11-07 23:26:00.000 +0100,1,0
desna,Vidovaca mladunac1 2019,Toplicanec,Unknown,2019-11-29 21:53:00.000 +0100,2,2
back,Vilim,Tomaić,M,2022-02-21 08:26:00.000 +0100,1,0
desna,Vilim,Blašković,M,2021-05-23 09:12:00.000 +0200,1,0
desna,Vilim,Blašković,M,2021-05-24 21:24:00.000 +0200,1,0
desna,Vilim,Blašković,M,2021-06-07 16:58:00.000 +0200,1,0
desna,Vilim,Tomaić,M,2020-01-27 20:53:00.000 +0100,1,0
desna,Vilim,Tomaić,M,2020-02-04 03:32:00.000 +0100,1,0
desna,Vilim,Tomaić,M,2020-02-10 02:25:00.000 +0100,1,0
desna,Vilim,Tomaić,M,2020-08-28 18:24:00.000 +0200,1,0
desna,Vilim,Tomaić,M,2020-09-13 08:49:00.000 +0200,1,0
desna,Vilim,Tomaić,M,2020-10-09 04:19:00.000 +0200,2,0
desna,Vilim,Tomaić,M,2020-10-20 15:53:00.000 +0200,1,0
desna,Vilim,Tomaić,M,2020-12-14 08:35:00.000 +0100,1,0
desna,Vilim,Tomaić,M,2020-12-29 21:56:00.000 +0100,1,0
desna,Vilim,Tomaić,M,2020-12-31 01:56:00.000 +0100,1,0
desna,Vilim,Tomaić,M,2021-01-04 15:20:00.000 +0100,1,0
desna,Vilim,Tomaić,M,2021-02-14 00:38:00.000 +0100,1,0
desna,Vilim,Tomaić,M,2021-02-18 23:48:00.000 +0100,1,0
desna,Vilim,Tomaić,M,2021-02-21 14:12:00.000 +0100,1,0
desna,Vilim,Tomaić,M,2021-03-01 02:20:00.000 +0100,1,0
desna,Vilim,Tomaić,M,2021-03-07 12:17:00.000 +0100,1,0
desna,Vilim,Tomaić,M,2021-03-13 11:28:00.000 +0100,1,0
desna,Vilim,Tomaić,M,2021-05-05 09:49:00.000 +0200,1,0
desna,Vilim,Tomaić,M,2021-05-13 15:51:00.000 +0200,1,0
desna,Vilim,Tomaić,M,2021-07-20 19:20:00.000 +0200,1,0
desna,Vilim,Tomaić,M,2021-12-07 08:15:00.000 +0100,1,0
desna,Vilim,Tomaić,M,2021-12-14 23:47:00.000 +0100,1,0
desna,Vilim,Tomaić,M,2021-12-21 05:59:00.000 +0100,1,0
desna,Vilim,Tomaić,M,2022-01-14 15:15:00.000 +0100,1,0
desna,Vilim,Tomaić,M,2022-02-26 18:57:00.000 +0100,1,0
desna,Vilim,Tomaić,M,2022-03-01 15:22:00.000 +0100,1,0
desna,Vilim,Tomaić,M,2022-07-26 09:23:00.000 +0200,1,0
desna,Vilim,Tomaić,M,2022-10-18 06:02:00.000 +0200,1,0
desna,Vilim,Tomaić,M,2022-10-24 09:05:00.000 +0200,1,0
desna,Vilim,Tomaić,M,2022-11-24 17:30:00.000 +0100,1,0
desna,Vilim,Tomaić,M,2022-12-03 08:23:00.000 +0100,1,0
desna,Vilim,Tomaić,M,2022-12-06 01:42:00.000 +0100,1,0
desna,Vilim,Tomaić,M,2022-12-09 17:20:00.000 +0100,1,0
desna,Vilim,Tomaić,M,2022-12-15 17:06:00.000 +0100,1,0
desna,Vilim,Tomaić,M,2023-03-26 17:30:00.000 +0200,1,0
desna,Vilim,Tomaić,M,2023-04-11 18:45:00.000 +0200,1,0
desna,Vilim,Tomaić,M,2023-04-18 13:51:00.000 +0200,1,0
desna,Vilim,Tomaić,M,2023-04-23 18:24:00.000 +0200,1,0
front,Vilim,Tomaić,M,2020-02-09 15:16:00.000 +0100,1,0
front,Vilim,Tomaić,M,2020-10-14 21:09:00.000 +0200,1,0
front,Vilim,Tomaić,M,2022-11-24 17:43:00.000 +0100,1,0
lijeva,Vilim,Blašković,M,2021-05-21 12:14:00.000 +0200,1,0
lijeva,Vilim,Blašković,M,2021-05-23 09:12:00.000 +0200,1,0
lijeva,Vilim,Blašković,M,2021-05-25 01:25:00.000 +0200,1,0
lijeva,Vilim,Blašković,M,2021-05-30 15:15:00.000 +0200,1,0
lijeva,Vilim,Blašković,M,2021-06-30 00:07:00.000 +0200,1,0
lijeva,Vilim,Tomaić,M,2020-01-27 20:53:00.000 +0100,1,0
lijeva,Vilim,Tomaić,M,2020-01-29 14:58:00.000 +0100,1,0
lijeva,Vilim,Tomaić,M,2020-02-03 18:13:00.000 +0100,1,0
lijeva,Vilim,Tomaić,M,2020-02-04 03:32:00.000 +0100,1,0
lijeva,Vilim,Tomaić,M,2020-02-10 02:25:00.000 +0100,1,0
lijeva,Vilim,Tomaić,M,2020-08-28 18:24:00.000 +0200,1,0
lijeva,Vilim,Tomaić,M,2020-09-28 12:15:00.000 +0200,1,0
lijeva,Vilim,Tomaić,M,2020-10-03 22:43:00.000 +0200,1,0
lijeva,Vilim,Tomaić,M,2020-10-09 04:19:00.000 +0200,2,0
lijeva,Vilim,Tomaić,M,2020-12-14 08:35:00.000 +0100,1,0
lijeva,Vilim,Tomaić,M,2020-12-16 15:04:00.000 +0100,1,0
lijeva,Vilim,Tomaić,M,2020-12-31 01:56:00.000 +0100,1,0
lijeva,Vilim,Tomaić,M,2021-01-01 16:10:00.000 +0100,1,0
lijeva,Vilim,Tomaić,M,2021-01-04 15:20:00.000 +0100,1,0
lijeva,Vilim,Tomaić,M,2021-01-05 09:31:00.000 +0100,1,0
lijeva,Vilim,Tomaić,M,2021-02-14 00:38:00.000 +0100,1,0
lijeva,Vilim,Tomaić,M,2021-02-21 02:00:00.000 +0100,1,0
lijeva,Vilim,Tomaić,M,2021-02-24 23:50:00.000 +0100,1,0
lijeva,Vilim,Tomaić,M,2021-03-04 21:27:00.000 +0100,1,0
lijeva,Vilim,Tomaić,M,2021-03-07 16:33:00.000 +0100,1,0
lijeva,Vilim,Tomaić,M,2021-03-13 11:28:00.000 +0100,1,0
lijeva,Vilim,Tomaić,M,2021-05-12 02:49:00.000 +0200,1,0
lijeva,Vilim,Tomaić,M,2021-05-13 05:52:00.000 +0200,1,0
lijeva,Vilim,Tomaić,M,2021-05-16 04:06:00.000 +0200,1,0
lijeva,Vilim,Tomaić,M,2021-07-05 16:23:00.000 +0200,1,0
lijeva,Vilim,Tomaić,M,2021-07-15 18:15:00.000 +0200,1,0
lijeva,Vilim,Tomaić,M,2021-07-20 19:20:00.000 +0200,1,0
lijeva,Vilim,Tomaić,M,2021-12-12 10:21:00.000 +0100,1,0
lijeva,Vilim,Tomaić,M,2021-12-21 05:59:00.000 +0100,1,0
lijeva,Vilim,Tomaić,M,2022-01-03 14:20:00.000 +0100,1,0
lijeva,Vilim,Tomaić,M,2022-01-04 07:44:00.000 +0100,1,0
lijeva,Vilim,Tomaić,M,2022-02-05 07:31:00.000 +0100,1,0
lijeva,Vilim,Tomaić,M,2022-04-02 17:39:00.000 +0200,1,0
lijeva,Vilim,Tomaić,M,2022-04-05 07:31:00.000 +0200,1,0
lijeva,Vilim,Tomaić,M,2022-11-08 19:25:00.000 +0100,1,0
lijeva,Vilim,Tomaić,M,2022-11-19 11:54:00.000 +0100,1,0
lijeva,Vilim,Tomaić,M,2022-12-25 23:53:00.000 +0100,1,0
lijeva,Vilim,Tomaić,M,2023-01-12 17:54:00.000 +0100,1,0
lijeva,Vilim,Tomaić,M,2023-01-18 16:24:00.000 +0100,1,0
lijeva,Vilim,Tomaić,M,2023-04-19 21:23:00.000 +0200,1,0
lijeva,Vilim,Tomaić,M,2023-05-08 07:03:00.000 +0200,2,0
lijeva,Vilim,Tomaić,M,2023-06-11 11:33:00.000 +0200,1,0
desna,Vitrenka,Blašković,Z,2020-10-22 08:53:00.000 +0200,1,0
desna,Vitrenka,Blašković,Z,2021-03-25 15:33:00.000 +0100,1,0
desna,Vitrenka,Blašković,Z,2021-04-05 02:43:00.000 +0200,1,0
desna,Vitrenka,Blašković,Z,2022-03-02 05:49:00.000 +0100,1,0
desna,Vitrenka,Blašković,Z,2022-03-03 21:01:00.000 +0100,1,0
desna,Vitrenka,Blašković,Z,2022-05-21 14:00:00.000 +0200,1,0
desna,Vitrenka,Blašković,Z,2023-01-29 20:54:00.000 +0100,1,0
desna,Vitrenka,Selanec,Z,2020-01-18 14:00:00.000 +0100,1,0
desna,Vitrenka,Slijepčević,Z,2020-10-01 12:00:00.000 +0200,1,0
desna,Vitrenka,Tomaić,Z,2021-02-04 20:40:00.000 +0100,1,0
desna,Vitrenka,Tomaić,Z,2021-02-18 06:05:00.000 +0100,1,0
desna,Vitrenka,Tomaić,Z,2021-05-20 10:04:00.000 +0200,1,0
desna,Vitrenka,Tomaić,Z,2022-02-07 17:15:00.000 +0100,1,0
desna,Vitrenka,Tomaić,Z,2022-02-07 17:19:00.000 +0100,1,0
desna,Vitrenka,Tomaić,Z,2022-02-24 02:19:00.000 +0100,1,0
desna,Vitrenka,Tomaić,Z,2022-04-13 18:52:00.000 +0200,1,0
desna,Vitrenka,Tomaić,Z,2022-04-15 02:42:00.000 +0200,1,0
desna,Vitrenka,Tomaić,Z,2022-04-21 04:52:00.000 +0200,1,0
desna,Vitrenka,Tomaić,Z,2022-04-29 19:38:00.000 +0200,1,0
desna,Vitrenka,Tomaić,Z,2022-05-12 18:27:00.000 +0200,1,0
desna,Vitrenka,Tomaić,Z,2022-10-01 20:03:00.000 +0200,1,0
desna,Vitrenka,Tomaić,Z,2022-10-29 17:29:00.000 +0200,1,0
desna,Vitrenka,Tomaić,Z,2022-12-26 18:18:00.000 +0100,1,0
desna,Vitrenka,Toplicanec,Z,2022-03-04 18:50:00.000 +0100,1,0
lijeva,Vitrenka,Blašković,Z,2021-03-13 18:16:00.000 +0100,1,0
lijeva,Vitrenka,Blašković,Z,2021-03-23 00:03:00.000 +0100,1,0
lijeva,Vitrenka,Blašković,Z,2021-03-25 15:33:00.000 +0100,1,0
lijeva,Vitrenka,Blašković,Z,2021-03-28 21:07:00.000 +0200,1,0
lijeva,Vitrenka,Blašković,Z,2022-03-11 03:06:00.000 +0100,1,0
lijeva,Vitrenka,Blašković,Z,2022-03-26 15:00:00.000 +0100,1,0
lijeva,Vitrenka,Selanec,Z,2020-07-27 18:31:00.000 +0200,1,0
lijeva,Vitrenka,Selanec,Z,2020-08-10 18:47:00.000 +0200,1,0
lijeva,Vitrenka,Tomaić,Z,2021-02-04 20:40:00.000 +0100,1,0
lijeva,Vitrenka,Tomaić,Z,2021-02-18 06:05:00.000 +0100,1,0
lijeva,Vitrenka,Tomaić,Z,2021-05-20 10:04:00.000 +0200,1,0
lijeva,Vitrenka,Tomaić,Z,2022-02-07 17:15:00.000 +0100,1,0
lijeva,Vitrenka,Tomaić,Z,2022-02-24 02:19:00.000 +0100,1,0
lijeva,Vitrenka,Tomaić,Z,2022-04-15 02:42:00.000 +0200,1,0
lijeva,Vitrenka,Tomaić,Z,2022-08-31 17:19:00.000 +0200,1,0
lijeva,Vitrenka,Tomaić,Z,2022-12-26 18:18:00.000 +0100,1,0
lijeva,Vola,Kusak,Unknown,2016-02-01 02:39:00.000 +0100,1,
desna,Vrebac D,Blašković,Unknown,2022-11-09 05:05:00.000 +0100,1,0
desna,Vrebac D,Blašković,Unknown,2022-11-14 22:17:00.000 +0100,1,0
desna,Vrebac D,Blašković,Unknown,2022-12-17 03:59:00.000 +0100,1,0
desna,Vrebac D,Blašković,Unknown,2023-06-23 19:10:00.000 +0200,1,0
desna,Vrebac D,Blašković,Unknown,2023-09-14 05:09:00.000 +0200,1,0
desna,Vrebac D,Toplicanec,Unknown,2022-11-27 11:12:00.000 +0100,1,0
lijeva,Vrebac L,Blašković,Unknown,2022-11-06 06:08:00.000 +0100,1,0
lijeva,Vrebac L,Blašković,Unknown,2022-11-13 00:38:00.000 +0100,1,0
lijeva,Vrebac L,Toplicanec,Unknown,2022-11-29 02:51:00.000 +0100,1,0
lijeva,Yantar,Kusak,Unknown,2022-09-05 04:54:00.000 +0200,1,0
lijeva,Yantar,Kusak,Unknown,2022-11-09 16:27:00.000 +0100,1,0
lijeva,Yantar,Kusak,Unknown,2022-11-12 06:43:00.000 +0100,1,0
lijeva,Yantar,Kusak,Unknown,2022-12-04 04:13:00.000 +0100,1,0
lijeva,Yantar,Kusak,Unknown,2023-03-22 04:36:00.000 +0100,1,0
lijeva,Yellow fellow,Kusak,Unknown,2020-04-12 12:57:00.000 +0200,1,0
desna,Zabnik 1 ,Toplicanec,Unknown,2024-03-01 17:57:00.000 +0100,1,0
lijeva,Zabnik 1 ,Modrić,Unknown,2024-01-26 07:05:00.000 +0100,1,0
lijeva,Zabnik 1 ,Modrić,Unknown,2024-01-31 18:53:00.000 +0100,1,0
desna,Zarez,Blašković,M,2020-10-18 14:00:00.000 +0200,1,0
desna,Zarez,Blašković,M,2020-11-19 00:37:00.000 +0100,1,0
desna,Zarez,Blašković,M,2020-11-27 15:22:00.000 +0100,1,0
desna,Zarez,Blašković,M,2021-02-06 23:21:00.000 +0100,1,0
desna,Zarez,Blašković,M,2021-02-21 18:25:00.000 +0100,1,0
desna,Zarez,Blašković,M,2021-03-07 15:29:00.000 +0100,1,0
desna,Zarez,Blašković,M,2021-03-19 15:36:00.000 +0100,1,0
desna,Zarez,Gomerčić,M,2020-10-05 01:15:00.000 +0200,1,0
desna,Zarez,Toplicanec,M,2019-12-04 19:57:00.000 +0100,1,0
desna,Zarez,Toplicanec,M,2019-12-21 20:08:00.000 +0100,1,0
desna,Zarez,Toplicanec,M,2020-01-23 16:51:00.000 +0100,1,0
desna,Zarez,Toplicanec,M,2020-02-11 13:16:00.000 +0100,1,0
desna,Zarez,Toplicanec,M,2020-02-18 21:09:00.000 +0100,1,0
desna,Zarez,Toplicanec,M,2020-02-23 21:28:00.000 +0100,1,0
desna,Zarez,Toplicanec,M,2020-02-27 12:14:00.000 +0100,1,0
desna,Zarez,Toplicanec,M,2020-03-06 13:46:00.000 +0100,1,0
desna,Zarez,Toplicanec,M,2020-03-08 07:45:00.000 +0100,1,0
desna,Zarez,Toplicanec,M,2021-02-12 17:16:00.000 +0100,1,0
desna,Zarez,Toplicanec,M,2021-02-27 00:13:00.000 +0100,1,0
desna,Zarez,Toplicanec,M,2021-05-01 05:49:00.000 +0200,1,0
front,Zarez,Toplicanec,M,2020-03-03 02:00:00.000 +0100,1,0
front,Zarez,Toplicanec,M,2020-04-24 05:18:00.000 +0200,1,0
front,Zarez,Toplicanec,M,2021-02-09 06:25:00.000 +0100,1,0
lijeva,Zarez,Blašković,M,2020-11-27 15:22:00.000 +0100,1,0
lijeva,Zarez,Blašković,M,2020-12-23 17:39:00.000 +0100,1,0
lijeva,Zarez,Blašković,M,2021-01-03 20:08:00.000 +0100,1,0
lijeva,Zarez,Blašković,M,2021-01-10 23:24:00.000 +0100,1,0
lijeva,Zarez,Blašković,M,2021-01-14 04:43:00.000 +0100,1,0
lijeva,Zarez,Blašković,M,2021-02-21 18:25:00.000 +0100,1,0
lijeva,Zarez,Blašković,M,2021-03-07 15:29:00.000 +0100,1,0
lijeva,Zarez,Blašković,M,2021-03-09 16:45:00.000 +0100,1,0
lijeva,Zarez,Gomerčić,M,2020-10-05 01:15:00.000 +0200,1,0
lijeva,Zarez,Toplicanec,M,2019-12-04 19:57:00.000 +0100,1,0
lijeva,Zarez,Toplicanec,M,2020-03-05 16:50:00.000 +0100,1,0
lijeva,Zarez,Toplicanec,M,2021-01-14 04:46:00.000 +0100,1,0
lijeva,Zarez,Toplicanec,M,2021-02-13 11:46:00.000 +0100,1,0
lijeva,Zarez,Toplicanec,M,2021-02-24 05:39:00.000 +0100,1,0
lijeva,Zarez,Toplicanec,M,2021-03-09 13:14:00.000 +0100,1,0
lijeva,Zarez,Toplicanec,M,2021-04-05 04:10:00.000 +0200,1,0
lijeva,Zarez,Toplicanec,M,2021-05-01 05:49:00.000 +0200,1,0
lijeva,Zarez,Toplicanec,M,2021-06-03 19:55:00.000 +0200,1,0
back,Zita,Fabijanić,Unknown,2021-01-13 16:15:00.000 +0100,1,0
lijeva,Zita,Fabijanić,Unknown,2020-12-17 22:18:00.000 +0100,1,0
lijeva,Zita,Fabijanić,Unknown,2021-01-13 16:15:00.000 +0100,1,0
lijeva,Zita,Fabijanić,Unknown,2021-02-07 12:09:00.000 +0100,1,0
lijeva,Zita,Fabijanić,Unknown,2021-06-14 06:39:00.000 +0200,1,0
lijeva,Zita,Fabijanić,Unknown,2021-06-19 01:37:00.000 +0200,1,0
lijeva,Zita,Fabijanić,Unknown,2021-08-01 01:07:00.000 +0200,1,0
lijeva,Zita,Fabijanić,Unknown,2021-08-07 14:28:00.000 +0200,1,0
lijeva,Zita,Fabijanić,Unknown,2021-08-28 23:17:00.000 +0200,1,0
lijeva,Zita,Fabijanić,Unknown,2021-10-28 18:52:00.000 +0200,1,0
lijeva,Zita,Fabijanić,Unknown,2021-11-21 23:28:00.000 +0100,1,0
lijeva,Zlatko,Blašković,Unknown,2022-01-30 15:34:00.000 +0100,1,0
desna,Ćina,Tomaić,Z,2019-12-01 21:51:00.000 +0100,2,0
lijeva,Ćina,Tomaić,Z,2019-12-01 21:51:00.000 +0100,2,0
desna,Čorak L11,Kusak,M,2016-02-23 14:51:00.000 +0100,1,
desna,Čorak L11,Kusak,M,2016-03-04 11:49:00.000 +0100,1,
desna,Čorak L11,Kusak,M,2016-03-29 00:00:00.000 +0200,1,
desna,Čorak L11,Kusak,M,2016-06-14 16:12:00.000 +0200,1,
front,Čorak L11,Kusak,M,2016-07-09 07:04:00.000 +0200,1,
lijeva,Čorak L11,Kusak,M,2015-12-13 16:46:00.000 +0100,1,0
lijeva,Čorak L11,Kusak,M,2016-02-18 23:06:00.000 +0100,1,
lijeva,Čorak L11,Kusak,M,2016-02-23 14:50:00.000 +0100,1,
lijeva,Čorak L11,Kusak,M,2016-03-29 00:00:00.000 +0200,1,
lijeva,Čorak L11,Kusak,M,2016-04-29 17:55:00.000 +0200,1,
lijeva,Čorak L11,Kusak,M,2016-07-09 07:04:00.000 +0200,1,
back,Šiljo,Iskrić,M,2020-12-13 05:05:00.000 +0100,1,0
back,Šiljo,Iskrić,M,2021-01-04 14:47:00.000 +0100,1,0
back,Šiljo,Iskrić,M,2021-01-19 15:53:00.000 +0100,1,0
back,Šiljo,Iskrić,M,2021-02-10 05:21:00.000 +0100,1,0
back,Šiljo,Iskrić,M,2021-04-16 22:53:00.000 +0200,1,0
back,Šiljo,Iskrić,M,2021-11-09 00:38:00.000 +0100,1,0
back,Šiljo,Slijepčević,M,2020-07-17 15:01:00.000 +0200,1,0
back,Šiljo,Slijepčević,M,2020-07-19 12:09:00.000 +0200,1,0
desna,Šiljo,Iskrić,M,2020-11-22 19:32:00.000 +0100,1,0
desna,Šiljo,Iskrić,M,2020-11-26 18:43:00.000 +0100,1,0
desna,Šiljo,Iskrić,M,2020-11-30 06:33:00.000 +0100,1,0
desna,Šiljo,Iskrić,M,2020-12-01 16:19:00.000 +0100,1,0
desna,Šiljo,Iskrić,M,2020-12-09 01:58:00.000 +0100,1,0
desna,Šiljo,Iskrić,M,2020-12-13 05:05:00.000 +0100,1,0
desna,Šiljo,Iskrić,M,2020-12-16 18:10:00.000 +0100,1,0
desna,Šiljo,Iskrić,M,2020-12-16 19:12:00.000 +0100,1,0
desna,Šiljo,Iskrić,M,2020-12-18 05:50:00.000 +0100,1,0
desna,Šiljo,Iskrić,M,2020-12-18 20:36:00.000 +0100,1,0
desna,Šiljo,Iskrić,M,2020-12-19 05:38:00.000 +0100,1,0
desna,Šiljo,Iskrić,M,2020-12-24 13:31:00.000 +0100,1,0
desna,Šiljo,Iskrić,M,2020-12-27 18:19:00.000 +0100,1,0
desna,Šiljo,Iskrić,M,2021-01-02 18:33:00.000 +0100,1,0
desna,Šiljo,Iskrić,M,2021-01-19 15:53:00.000 +0100,1,0
desna,Šiljo,Iskrić,M,2021-01-21 02:23:00.000 +0100,1,0
desna,Šiljo,Iskrić,M,2021-01-23 12:34:00.000 +0100,1,0
desna,Šiljo,Iskrić,M,2021-02-10 05:21:00.000 +0100,1,0
desna,Šiljo,Iskrić,M,2021-02-17 20:05:00.000 +0100,1,0
desna,Šiljo,Iskrić,M,2021-02-19 06:12:00.000 +0100,1,0
desna,Šiljo,Iskrić,M,2021-03-02 04:11:00.000 +0100,2,0
desna,Šiljo,Iskrić,M,2021-03-19 19:58:00.000 +0100,1,0
desna,Šiljo,Iskrić,M,2021-03-21 04:40:00.000 +0100,1,0
desna,Šiljo,Iskrić,M,2021-03-22 12:46:00.000 +0100,1,0
desna,Šiljo,Iskrić,M,2021-03-25 05:02:00.000 +0100,1,0
desna,Šiljo,Iskrić,M,2021-04-03 01:49:00.000 +0200,1,0
desna,Šiljo,Iskrić,M,2021-04-30 12:52:00.000 +0200,1,0
desna,Šiljo,Iskrić,M,2021-05-21 04:38:00.000 +0200,1,0
desna,Šiljo,Iskrić,M,2021-05-25 02:42:00.000 +0200,1,0
desna,Šiljo,Iskrić,M,2021-05-30 04:28:00.000 +0200,1,0
desna,Šiljo,Iskrić,M,2021-07-13 16:39:00.000 +0200,1,0
desna,Šiljo,Iskrić,M,2021-07-29 19:47:00.000 +0200,1,0
desna,Šiljo,Iskrić,M,2021-08-16 14:58:00.000 +0200,1,0
desna,Šiljo,Iskrić,M,2021-08-18 03:14:00.000 +0200,1,0
desna,Šiljo,Iskrić,M,2021-09-02 21:48:00.000 +0200,1,0
desna,Šiljo,Iskrić,M,2021-09-08 17:34:00.000 +0200,1,0
desna,Šiljo,Iskrić,M,2021-09-21 18:46:00.000 +0200,1,0
desna,Šiljo,Iskrić,M,2021-09-23 05:17:00.000 +0200,1,0
desna,Šiljo,Iskrić,M,2021-09-25 04:55:00.000 +0200,1,0
desna,Šiljo,Iskrić,M,2021-09-28 18:43:00.000 +0200,1,0
desna,Šiljo,Iskrić,M,2021-10-13 12:37:00.000 +0200,1,0
desna,Šiljo,Iskrić,M,2021-10-14 04:26:00.000 +0200,1,0
desna,Šiljo,Iskrić,M,2021-10-16 16:37:00.000 +0200,1,0
desna,Šiljo,Iskrić,M,2021-10-23 22:28:00.000 +0200,1,0
desna,Šiljo,Iskrić,M,2021-10-27 13:19:00.000 +0200,1,0
desna,Šiljo,Iskrić,M,2021-10-28 18:20:00.000 +0200,1,0
desna,Šiljo,Iskrić,M,2021-11-04 16:24:00.000 +0100,1,0
desna,Šiljo,Iskrić,M,2021-11-09 16:29:00.000 +0100,1,0
desna,Šiljo,Iskrić,M,2021-11-10 07:15:00.000 +0100,1,0
desna,Šiljo,Iskrić,M,2021-11-10 19:56:00.000 +0100,1,0
desna,Šiljo,Iskrić,M,2021-11-28 18:29:00.000 +0100,1,0
desna,Šiljo,Iskrić,M,2021-12-04 16:34:00.000 +0100,1,0
desna,Šiljo,Iskrić,M,2021-12-11 18:00:00.000 +0100,1,0
desna,Šiljo,Iskrić,M,2021-12-20 05:13:00.000 +0100,1,0
desna,Šiljo,Iskrić,M,2021-12-20 12:19:00.000 +0100,1,0
desna,Šiljo,Iskrić,M,2022-01-01 12:22:00.000 +0100,1,0
desna,Šiljo,Iskrić,M,2022-01-03 16:35:00.000 +0100,1,0
desna,Šiljo,Iskrić,M,2022-01-11 19:50:00.000 +0100,1,0
desna,Šiljo,Iskrić,M,2022-01-15 16:06:00.000 +0100,1,0
desna,Šiljo,Iskrić,M,2022-01-19 23:18:00.000 +0100,1,0
desna,Šiljo,Iskrić,M,2022-01-21 21:03:00.000 +0100,1,0
desna,Šiljo,Iskrić,M,2022-02-03 07:08:00.000 +0100,1,0
desna,Šiljo,Iskrić,M,2022-02-08 12:51:00.000 +0100,1,0
desna,Šiljo,Iskrić,M,2022-02-13 18:25:00.000 +0100,1,0
desna,Šiljo,Iskrić,M,2022-02-17 07:01:00.000 +0100,1,0
desna,Šiljo,Iskrić,M,2022-02-22 03:24:00.000 +0100,1,0
desna,Šiljo,Iskrić,M,2022-02-23 03:30:00.000 +0100,1,0
desna,Šiljo,Iskrić,M,2022-02-24 05:54:00.000 +0100,1,0
desna,Šiljo,Iskrić,M,2022-02-25 06:27:00.000 +0100,1,0
desna,Šiljo,Iskrić,M,2022-02-26 02:57:00.000 +0100,1,0
desna,Šiljo,Iskrić,M,2022-03-01 00:15:00.000 +0100,1,0
desna,Šiljo,Iskrić,M,2022-03-02 17:50:00.000 +0100,1,0
desna,Šiljo,Iskrić,M,2022-03-05 14:06:00.000 +0100,1,0
desna,Šiljo,Iskrić,M,2022-03-19 06:35:00.000 +0100,1,0
desna,Šiljo,Iskrić,M,2022-03-23 22:22:00.000 +0100,1,0
desna,Šiljo,Iskrić,M,2022-04-04 03:31:00.000 +0200,1,0
desna,Šiljo,Iskrić,M,2022-04-09 16:31:00.000 +0200,1,0
desna,Šiljo,Iskrić,M,2022-04-25 16:36:00.000 +0200,1,0
desna,Šiljo,Iskrić,M,2022-05-03 04:27:00.000 +0200,1,0
desna,Šiljo,Iskrić,M,2022-05-27 00:06:00.000 +0200,1,0
desna,Šiljo,Iskrić,M,2022-06-16 21:13:00.000 +0200,1,0
desna,Šiljo,Iskrić,M,2022-07-16 20:41:00.000 +0200,1,0
desna,Šiljo,Iskrić,M,2022-09-13 17:40:00.000 +0200,1,0
desna,Šiljo,Paulić,M,2021-07-27 21:33:00.000 +0200,1,0
desna,Šiljo,Paulić,M,2021-08-19 18:22:00.000 +0200,1,0
desna,Šiljo,Paulić,M,2021-09-12 09:23:00.000 +0200,1,0
desna,Šiljo,Paulić,M,2021-09-14 07:55:00.000 +0200,1,0
desna,Šiljo,Slijepčević,M,2020-06-07 18:28:00.000 +0200,1,0
desna,Šiljo,Slijepčević,M,2020-06-30 06:50:00.000 +0200,1,0
desna,Šiljo,Slijepčević,M,2020-07-20 21:06:00.000 +0200,1,0
desna,Šiljo,Slijepčević,M,2020-07-27 18:51:00.000 +0200,1,0
desna,Šiljo,Slijepčević,M,2020-09-06 20:51:00.000 +0200,1,0
desna,Šiljo,Slijepčević,M,2022-05-15 02:26:00.000 +0200,1,0
desna,Šiljo,Slijepčević,M,2022-05-21 05:33:00.000 +0200,1,0
desna,Šiljo,Slijepčević,M,2022-06-09 10:25:00.000 +0200,1,0
desna,Šiljo,Slijepčević,M,2022-06-24 06:42:00.000 +0200,1,0
desna,Šiljo,Slijepčević,M,2022-08-12 06:39:00.000 +0200,1,0
desna,Šiljo,Slijepčević,M,2022-08-17 06:18:00.000 +0200,1,0
desna,Šiljo,Slijepčević,M,2022-08-23 17:41:00.000 +0200,1,0
desna,Šiljo,Slijepčević,M,2022-12-17 19:21:00.000 +0100,1,0
desna,Šiljo,Slijepčević,M,2022-12-26 16:13:00.000 +0100,1,0
desna,Šiljo,Slijepčević,M,2023-01-13 21:54:00.000 +0100,1,0
desna,Šiljo,Slijepčević,M,2023-02-04 21:42:00.000 +0100,1,0
desna,Šiljo,Slijepčević,M,2023-02-15 05:56:00.000 +0100,1,0
desna,Šiljo,Slijepčević,M,2023-02-21 05:35:00.000 +0100,1,0
desna,Šiljo,Slijepčević,M,2023-02-22 16:57:00.000 +0100,1,0
desna,Šiljo,Slijepčević,M,2023-03-05 08:18:00.000 +0100,3,1
desna,Šiljo,Slijepčević,M,2023-03-05 15:10:00.000 +0100,1,0
front,Šiljo,Iskrić,M,2020-12-13 05:05:00.000 +0100,1,0
front,Šiljo,Iskrić,M,2020-12-15 17:45:00.000 +0100,1,0
front,Šiljo,Iskrić,M,2020-12-18 20:36:00.000 +0100,1,0
front,Šiljo,Iskrić,M,2020-12-23 21:02:00.000 +0100,1,0
front,Šiljo,Iskrić,M,2021-01-04 14:47:00.000 +0100,1,0
front,Šiljo,Iskrić,M,2021-01-19 15:53:00.000 +0100,1,0
front,Šiljo,Iskrić,M,2021-02-10 05:21:00.000 +0100,1,0
front,Šiljo,Iskrić,M,2021-02-12 23:30:00.000 +0100,1,0
front,Šiljo,Iskrić,M,2021-02-28 17:12:00.000 +0100,1,0
front,Šiljo,Iskrić,M,2021-06-15 09:31:00.000 +0200,1,0
front,Šiljo,Iskrić,M,2021-11-04 16:24:00.000 +0100,1,0
front,Šiljo,Iskrić,M,2021-11-21 22:02:00.000 +0100,1,0
front,Šiljo,Iskrić,M,2021-12-22 14:46:00.000 +0100,1,0
front,Šiljo,Iskrić,M,2022-01-16 00:15:00.000 +0100,1,0
front,Šiljo,Iskrić,M,2022-01-19 23:18:00.000 +0100,1,0
front,Šiljo,Iskrić,M,2022-03-02 17:10:00.000 +0100,1,0
front,Šiljo,Iskrić,M,2022-06-15 04:11:00.000 +0200,1,0
front,Šiljo,Iskrić,M,2022-07-16 20:41:00.000 +0200,1,0
front,Šiljo,Iskrić,M,2022-08-15 22:57:00.000 +0200,1,0
front,Šiljo,Paulić,M,2021-07-27 21:33:00.000 +0200,1,0
front,Šiljo,Paulić,M,2021-09-14 07:55:00.000 +0200,1,0
front,Šiljo,Slijepčević,M,2022-05-15 02:26:00.000 +0200,1,0
lijeva,Šiljo,Iskrić,M,2020-11-22 19:32:00.000 +0100,1,0
lijeva,Šiljo,Iskrić,M,2020-11-25 23:58:00.000 +0100,1,0
lijeva,Šiljo,Iskrić,M,2020-11-30 06:33:00.000 +0100,1,0
lijeva,Šiljo,Iskrić,M,2020-12-01 16:19:00.000 +0100,1,0
lijeva,Šiljo,Iskrić,M,2020-12-09 01:58:00.000 +0100,1,0
lijeva,Šiljo,Iskrić,M,2020-12-13 05:05:00.000 +0100,1,0
lijeva,Šiljo,Iskrić,M,2020-12-18 05:50:00.000 +0100,1,0
lijeva,Šiljo,Iskrić,M,2020-12-19 05:38:00.000 +0100,1,0
lijeva,Šiljo,Iskrić,M,2020-12-21 16:16:00.000 +0100,1,0
lijeva,Šiljo,Iskrić,M,2020-12-27 18:19:00.000 +0100,1,0
lijeva,Šiljo,Iskrić,M,2020-12-27 23:28:00.000 +0100,1,0
lijeva,Šiljo,Iskrić,M,2021-01-02 18:33:00.000 +0100,1,0
lijeva,Šiljo,Iskrić,M,2021-01-21 02:23:00.000 +0100,1,0
lijeva,Šiljo,Iskrić,M,2021-02-02 17:59:00.000 +0100,1,0
lijeva,Šiljo,Iskrić,M,2021-02-07 20:45:00.000 +0100,1,0
lijeva,Šiljo,Iskrić,M,2021-02-10 05:21:00.000 +0100,1,0
lijeva,Šiljo,Iskrić,M,2021-03-03 19:49:00.000 +0100,1,0
lijeva,Šiljo,Iskrić,M,2021-03-07 16:33:00.000 +0100,1,0
lijeva,Šiljo,Iskrić,M,2021-03-19 19:58:00.000 +0100,1,0
lijeva,Šiljo,Iskrić,M,2021-03-21 04:40:00.000 +0100,1,0
lijeva,Šiljo,Iskrić,M,2021-03-23 01:30:00.000 +0100,1,0
lijeva,Šiljo,Iskrić,M,2021-03-28 18:15:00.000 +0200,1,0
lijeva,Šiljo,Iskrić,M,2021-04-03 01:49:00.000 +0200,1,0
lijeva,Šiljo,Iskrić,M,2021-04-08 18:48:00.000 +0200,1,0
lijeva,Šiljo,Iskrić,M,2021-04-12 17:40:00.000 +0200,1,0
lijeva,Šiljo,Iskrić,M,2021-04-16 22:53:00.000 +0200,1,0
lijeva,Šiljo,Iskrić,M,2021-05-03 20:39:00.000 +0200,1,0
lijeva,Šiljo,Iskrić,M,2021-05-08 21:30:00.000 +0200,1,0
lijeva,Šiljo,Iskrić,M,2021-05-25 02:42:00.000 +0200,1,0
lijeva,Šiljo,Iskrić,M,2021-05-30 04:28:00.000 +0200,1,0
lijeva,Šiljo,Iskrić,M,2021-06-15 09:31:00.000 +0200,1,0
lijeva,Šiljo,Iskrić,M,2021-08-08 13:58:00.000 +0200,1,0
lijeva,Šiljo,Iskrić,M,2021-08-18 03:14:00.000 +0200,1,0
lijeva,Šiljo,Iskrić,M,2021-10-14 04:26:00.000 +0200,1,0
lijeva,Šiljo,Iskrić,M,2021-10-17 16:24:00.000 +0200,1,0
lijeva,Šiljo,Iskrić,M,2021-10-23 22:28:00.000 +0200,1,0
lijeva,Šiljo,Iskrić,M,2021-10-27 13:19:00.000 +0200,1,0
lijeva,Šiljo,Iskrić,M,2021-10-30 22:20:00.000 +0200,1,0
lijeva,Šiljo,Iskrić,M,2021-11-09 00:38:00.000 +0100,1,0
lijeva,Šiljo,Iskrić,M,2021-11-10 19:56:00.000 +0100,1,0
lijeva,Šiljo,Iskrić,M,2021-11-17 16:04:00.000 +0100,1,0
lijeva,Šiljo,Iskrić,M,2021-11-22 14:05:00.000 +0100,1,0
lijeva,Šiljo,Iskrić,M,2021-12-03 14:36:00.000 +0100,1,0
lijeva,Šiljo,Iskrić,M,2021-12-04 16:34:00.000 +0100,1,0
lijeva,Šiljo,Iskrić,M,2021-12-06 16:01:00.000 +0100,1,0
lijeva,Šiljo,Iskrić,M,2021-12-27 20:58:00.000 +0100,1,0
lijeva,Šiljo,Iskrić,M,2022-01-01 12:22:00.000 +0100,1,0
lijeva,Šiljo,Iskrić,M,2022-01-15 16:06:00.000 +0100,1,0
lijeva,Šiljo,Iskrić,M,2022-02-03 07:08:00.000 +0100,1,0
lijeva,Šiljo,Iskrić,M,2022-02-11 03:11:00.000 +0100,1,0
lijeva,Šiljo,Iskrić,M,2022-02-17 07:01:00.000 +0100,1,0
lijeva,Šiljo,Iskrić,M,2022-02-19 05:41:00.000 +0100,1,0
lijeva,Šiljo,Iskrić,M,2022-02-22 19:19:00.000 +0100,1,0
lijeva,Šiljo,Iskrić,M,2022-02-28 23:23:00.000 +0100,1,0
lijeva,Šiljo,Iskrić,M,2022-03-01 00:15:00.000 +0100,1,0
lijeva,Šiljo,Iskrić,M,2022-03-20 08:11:00.000 +0100,1,0
lijeva,Šiljo,Iskrić,M,2022-03-20 18:07:00.000 +0100,1,0
lijeva,Šiljo,Iskrić,M,2022-03-23 22:22:00.000 +0100,1,0
lijeva,Šiljo,Iskrić,M,2022-04-30 20:43:00.000 +0200,1,0
lijeva,Šiljo,Iskrić,M,2022-05-15 02:26:00.000 +0200,1,0
lijeva,Šiljo,Iskrić,M,2022-05-20 20:54:00.000 +0200,1,0
lijeva,Šiljo,Iskrić,M,2022-05-27 00:06:00.000 +0200,1,0
lijeva,Šiljo,Iskrić,M,2022-09-13 17:40:00.000 +0200,1,0
lijeva,Šiljo,Iskrić,M,2022-10-11 01:08:00.000 +0200,1,0
lijeva,Šiljo,Paulić,M,2021-07-27 21:33:00.000 +0200,1,0
lijeva,Šiljo,Paulić,M,2021-08-19 18:22:00.000 +0200,1,0
lijeva,Šiljo,Paulić,M,2021-09-12 20:53:00.000 +0200,1,0
lijeva,Šiljo,Slijepčević,M,2020-06-07 18:28:00.000 +0200,1,0
lijeva,Šiljo,Slijepčević,M,2020-07-02 18:26:00.000 +0200,1,0
lijeva,Šiljo,Slijepčević,M,2020-07-17 15:01:00.000 +0200,1,0
lijeva,Šiljo,Slijepčević,M,2020-07-20 21:06:00.000 +0200,1,0
lijeva,Šiljo,Slijepčević,M,2020-08-15 17:21:00.000 +0200,1,0
lijeva,Šiljo,Slijepčević,M,2020-08-20 20:29:00.000 +0200,1,0
lijeva,Šiljo,Slijepčević,M,2020-09-06 20:51:00.000 +0200,1,0
lijeva,Šiljo,Slijepčević,M,2020-09-23 19:53:00.000 +0200,1,0
lijeva,Šiljo,Slijepčević,M,2022-06-09 10:25:00.000 +0200,1,0
lijeva,Šiljo,Slijepčević,M,2022-08-12 06:39:00.000 +0200,1,0
lijeva,Šiljo,Slijepčević,M,2022-08-17 06:18:00.000 +0200,1,0
lijeva,Šiljo,Slijepčević,M,2022-08-23 17:41:00.000 +0200,1,0
lijeva,Šiljo,Slijepčević,M,2022-12-17 19:21:00.000 +0100,1,0
lijeva,Šiljo,Slijepčević,M,2023-01-02 02:10:00.000 +0100,1,0
lijeva,Šiljo,Slijepčević,M,2023-01-09 22:03:00.000 +0100,1,0
lijeva,Šiljo,Slijepčević,M,2023-02-04 21:42:00.000 +0100,1,0
lijeva,Šiljo,Slijepčević,M,2023-03-02 00:22:00.000 +0100,1,0
lijeva,Šiljo,Slijepčević,M,2023-03-05 08:18:00.000 +0100,3,1
lijeva,Šiljo,Slijepčević,M,2023-03-05 15:10:00.000 +0100,1,0
lijeva,Šiljo,Toplicanec,M,2023-03-13 12:57:00.000 +0100,1,0
none,Šiljo,Iskrić,M,2022-04-19 06:04:00.000 +0200,1,0
desna,Ženka Crni vrh,Slijepčević,Z,2023-04-04 07:56:00.000 +0200,1,0
lijeva,Ženka Crni vrh,Slijepčević,Z,2023-04-04 07:56:00.000 +0200,1,0
